order,CRR044580,CRR044581,CRR044582,CRR044583,CRR044584,CRR044585,CRR044586,CRR044587,CRR044588,CRR044589,CRR044590,CRR044591,CRR044592,CRR044593,CRR044594,CRR044595,CRR044596,CRR044597,CRR044598,CRR044599,CRR044600,CRR044601,CRR044602,CRR044603,CRR044706,CRR044707,CRR044708,CRR044709,CRR044710,CRR044711,CRR044712,CRR044713,CRR044714,CRR044715,CRR044716,CRR044717,CRR044718,CRR044719,CRR044720,CRR044721,CRR044722,CRR044738,CRR044739,CRR044740,CRR044741,CRR044742,CRR044743,CRR044744,CRR044745,CRR044746,CRR044747,CRR044748,CRR044749,CRR044750,CRR044751,CRR044752,CRR044768,CRR044769,CRR044770,CRR044771,CRR044772,CRR044773,CRR044774,CRR044775,CRR044776,CRR044777,CRR044778,CRR044779,CRR044780,CRR044781,CRR044782,CRR044800,CRR044801,CRR044802,CRR044803,CRR044804,CRR044805,CRR044806,CRR044807,CRR044808,CRR044809,CRR044810,CRR044811,CRR044812,CRR044813,CRR044814,CRR044815,CRR044816,CRR044847,CRR044848,CRR044849,CRR044850,CRR044851,CRR044852,CRR044853,CRR044854,CRR044855,CRR044856,CRR044857,CRR044858,CRR044859,CRR044860,CRR044861,CRR044862,CRR044877,CRR044878,CRR044879,CRR044880,CRR044881,CRR044882,CRR044883,CRR044884,CRR044885,CRR044886,CRR044887,CRR044888,CRR044889,CRR044890,CRR1570008,CRR1570009,CRR1570010,CRR734027,CRR734028,CRR734029,CRR734030,CRR734031,CRR734032,CRR734039,CRR734040,CRR734041,CRR734042,CRR734043,CRR734044,SRR22998144,SRR22998145,SRR22998146,SRR22998147,SRR22998148,SRR22998149,SRR22998150,SRR22998151,SRR22998152,SRR22998153,SRR22998154,SRR22998155,SRR22998156,SRR22998157,SRR22998158,SRR22998159,SRR22998160,SRR22998161,SRR22998162,SRR22998163,SRR22998164,SRR22998165,SRR22998166,SRR22998167,SRR22998168,SRR22998169,SRR22998170,SRR22998171,SRR22998172,SRR22998173,SRR22998174,SRR22998175,SRR22998176,SRR22998177,SRR22998178,SRR22998179,SRR22998180,SRR22998181,SRR22998182,SRR22998183,SRR22998184,SRR22998185,SRR22998186,SRR22998187,SRR22998188,SRR22998189,SRR22998190,SRR22998191,SRR26546401,SRR26546402,SRR26546403,SRR26546404,SRR26546405,SRR26546406,SRR26546407,SRR26546408,SRR26546409,SRR26546410,SRR26546411,SRR26546412,SRR26546413,SRR26546414,SRR26546415,SRR26546416,SRR26546417,SRR26546418,SRR26546419,SRR26546420,SRR26546421,SRR26546422,SRR26546423,SRR26546424,SRR26546425,SRR26546426,SRR26546427,SRR26546428,SRR26546429,SRR26546430,SRR26546431,SRR26546432,SRR26546433,SRR26546434,SRR26546435,SRR26546436,SRR26546437,SRR26546438,SRR26546439,SRR26546440,SRR26546441,SRR26546442,SRR26546443,SRR26546444,SRR26546445,SRR26546446,SRR26546447,SRR26546448,SRR26546449,SRR26546450,SRR26546451,SRR26546452,SRR26546453,SRR26546454,SRR26546455,SRR26546456,SRR26546457,SRR26546458,SRR26546459,SRR26546460,SRR26546461,SRR26546462,SRR26546463,SRR26546464,SRR26546465,SRR26546466,SRR26546467,SRR26546468,SRR26546469,SRR26546470,SRR26546471,SRR26546472,SRR26546473,SRR26546474,SRR26546475,SRR26546476,SRR26546477,SRR26546478,SRR26546479,SRR26546480,SRR26546481,SRR26546482,SRR26546483,SRR26546484,SRR26546485,SRR26546486,SRR26546487,SRR26546488,SRR26546489,SRR26546490,SRR26546491,SRR26546492,SRR26546493,SRR26546494,SRR26546495,SRR26546496,SRR26546497,SRR26546498,SRR26546499,SRR26546500,SRR26546501,SRR26546502,SRR26546503,SRR26546504,SRR26546505,SRR26546506,SRR26546507,SRR26546508,SRR26546509,SRR26546510,SRR26546511,SRR26546512,SRR26546513,SRR26546514,SRR26546515,SRR26546516,SRR26546517,SRR26546518,SRR26546519,SRR26546520,SRR26546521,SRR26546522,SRR26546523,SRR26546524,SRR26546525,SRR26546526,SRR26546527,SRR26546528,SRR26546529,SRR26546530,SRR26546531,SRR26546532,SRR26546533,SRR26546534,SRR26546535,SRR26546536,SRR26546537,SRR26546538,SRR26546539,SRR26546540,SRR26546541,SRR26546542,SRR26546543,SRR26546544,SRR26546545,SRR26546546,SRR26546547,SRR26546548,SRR26546549,SRR26546550,SRR26546551,SRR26546552,SRR26546553,SRR26546554,SRR26546555,SRR26546556,SRR26546557,SRR26546558,SRR26546559,SRR26546560,SRR26546561,SRR26546562,SRR26546563,SRR26546564,SRR26546565,SRR26546566,SRR26546567,SRR26546568,SRR26546569,SRR26546570,SRR26546571,SRR26546572,SRR26546573,SRR26546574,SRR26546575,SRR26546576,SRR26546577,SRR26546578,SRR26546579,SRR26546580,SRR26546581,SRR26546582,SRR26546583,SRR26546584,SRR26546585,SRR26546586,SRR26546587,SRR26546588,SRR26546589,SRR26546590,SRR26546591,SRR26546592,SRR31095547,SRR31095548,SRR31095550,SRR31095551,SRR31095552,SRR31095553,SRR31095554,SRR31095555,SRR31095557,SRR31095558,SRR31095559,SRR31095560,SRR31095561,SRR31095562,SRR31095564,SRR31095565,SRR31095566,SRR31095567,SRR31095568,SRR31095569,SRR31095570,SRR31095571,SRR31095572,SRR31095573,SRR31095574,SRR31095575,SRR31095576,SRR31095577,SRR31095578,SRR31095579,SRR31095580,SRR31095581,SRR31095582,SRR31095583,SRR31095584,SRR31095585,SRR31095586,SRR31095587,SRR31095588,SRR31095589,SRR31095590,SRR31095591,SRR31095592,SRR31095593,SRR31095594,SRR31095595,SRR31095596,SRR31095597,SRR31095598,SRR31095599,SRR31095600,SRR31095601,SRR31095602,SRR31095603,SRR31095604,SRR31095605,SRR31095606,SRR31095607,SRR31095608,SRR31095609,SRR31095610,SRR31095611,SRR31095612,SRR31095613,SRR31095614,SRR31095615,SRR31095616,SRR31095617,SRR31095618,SRR31095619,SRR31095620,SRR31095621,SRR31095623,SRR31095624,SRR31095625,SRR31095626,SRR31095627,SRR31095628,SRR31095629,SRR31095630,SRR31095631,SRR31095632,SRR31095633
Bacillales,0,0,0,0,0,0,0,0,0,0,0,0,0,0,0,0,0,0,0,0,0,0,0,0,0,0,0,0,0,0,0,0,0,0,0,0,0,0,0,0,0,0,0,0,0,0,0,0,0,0,0,0,0,0,0,0,0,0,0,0,0,0,0,0,0,0,0,0,0,0,0,0,0,0,0,0,0,0,0,0,0,0,0,0,0,0,0,0,0,0,0,0,0,0,0,0,0,0,0,0,0,0,0,0,0,0,0,0,0,0,0,0,0,0,0,0,0,0,0,0,0,0,0,0,0,0,0,0,0,0,0,0,0,0.083285962,0.098265344,0.255694111,0.013158664,0.505457703,0.035634532,0.043814982,0.038507882,0.035048884,0.285221392,0.036096429,0.055566051,0.056090912,0.190734648,0.081263517,3.769144709,0.037122109,0.079873688,0.019527885,0.151798979,0.067977478,0.123700229,0.247968565,0.022969608,0.514420443,0.077704795,0.007595321,0.019831995,0.011188006,0.433558559,0.007005843,0.015799868,0.009592671,0.126040791,0.274505787,0.329748718,0.04120413,0.040570237,0.287170465,0.028067877,0.001586899,0.006076368,0.005987038,0.110767304,0.517029665,0.537654529,0.383264133,0.106487767,0.003443408,0.028294546,0.081578167,0.078980434,0.002853393,0.002516546,0,0,0.003122756,0,0,0.002296106,0.002653224,0,0,0.002705847,0,0,0,0.00633553,0,0,0.007294212,0.013723068,0.008333102,0.002649147,0.007922047,0.002782493,0.014887599,0.010151511,0.002444689,0.002238489,0,0,0,0,0,0,0,0,0,0,0,0.003003454,0,0,0,0,0.050196078,0.058131086,0,0.019844814,0.009280455,0.003472102,0,0.023866348,0.023368386,0.014494329,0.00306035,0,0,0.003619254,0.038331533,0.010261673,0.022842429,0.060076096,0.05389746,0.009060433,0.002978407,0.015111675,0.002591278,0.004868549,0,0.002870017,0,0.004639187,0.006744301,0.005471807,0.009270418,0.015356265,0,0,0.008756312,0,0.003018686,0.003274716,0,0,0.002871913,0,0,0,0,0,0,0,0,0,0.002706726,0.002798612,0,0,0,0,0,0.002308776,0,0,0,0,0,0,0,0,0,0.03757729,0.020737745,0.003390405,0.036294048,0.058329044,0.050915057,0.006982915,0.062960782,0,0.035663338,0.050506551,0.012337758,0.025836455,0.016573304,0.083283363,0.142805141,0.111876582,0,0.00269709,0,0.005001751,0.00940601,0.030975736,0.024868662,0.026063537,0,0.043589056,0.016965255,0.010892851,0.012558475,0,0.094454601,0,0,0.065815935,0.006382232,0.018070112,0.003379863,0.002032975,0,0.011026878,0,0,0.005747952,1.034504119,0.021191572,0,0.021012266,0.034539133,0.02758344,0.018232015,0.006615215,0,0.006029727,0.021729093,0.027879157,0.006319914,0.014429598,0.095313741,0.005934366,0,0,0.011694812,0,0,0,0.077611506,0,0,0,0.015007879,0.014925373,0,0.008494372,0,0,0,NA,NA,NA,NA,NA,NA,NA,NA,NA,NA,NA,NA,NA,NA,NA,NA,NA,NA,NA,NA,NA,NA,NA,NA,NA,NA,NA,NA,NA,NA,NA,NA,NA,NA,NA,NA,NA,NA,NA,NA,NA,NA,NA,NA,NA,NA,NA,NA,NA,NA,NA,NA,NA,NA,NA,NA,NA,NA,NA,NA,NA,NA,NA,NA,NA,NA,NA,NA,NA,NA,NA,NA,NA,NA,NA,NA,NA,NA,NA,NA,NA,NA,NA
Bacteroidales,0,0,0,0,0,0,0,0,0,0,0,0,0,0,0,0,0,0,0,0,0,0,0,0,0,0,0,0,0,0,0,0,0,0,0,0,0,0,0,0,0,0,0,0,0,0,0,0,0,0,0,0,0,0,0,0,0,0,0,0,0,0,0,0,0,0,0,0,0,0,0,0,0,0,0,0,0,0,0,0,0,0,0,0,0,0,0,0,0,0,0,0,0,0,0,0,0,0,0,0,0,0,0,0,0,0,0,0,0,0,0,0,0,0,0,0,0,0,0,0,0,0,0,0,0,0,0,0,0,0,0,0,0,0.670253692,0.877564111,0.116701415,0.019006959,2.15362193,3.133463201,0.283021102,1.334111772,0.081165837,1.433007476,3.525847622,6.042252425,1.88353283,0.080646194,1.601677698,0.048866427,0.447785434,0.362217888,0.022973982,0.334280731,0.026934472,1.90326887,1.627691095,0.539181315,0.59063088,2.597039933,0.144311104,0.650206111,0.134256077,0.014076577,0.012610517,0.168531929,0.088732209,0.026735925,1.159479668,1.300152088,1.683309904,1.425593058,1.686803094,9.53255289,0.430049511,0.038888754,0.58822649,0.334709898,3.613821926,9.575489939,1.057170233,0.002662194,0.006886815,0.003536818,0.009888263,0.028720158,0.002853393,0,0,0,0,0,0.004185764,0,0,0,0,0,0,0,0,0.022174354,0,0,0,0.004574356,0.005555401,0.007947441,0.021125459,0,0.005955039,0.007613633,0.012223445,0.008953954,0,0,0,0,0,0,0,0,0,0,0,0,0,0,0,0,0,0.007266386,0,0,0.009280455,0.10416305,0.142759807,0.006818957,0,0.007247165,0.00306035,0.003312904,0,0,0.062724327,0.047887806,0,0,0.043791686,0.015100722,0.011913626,0.015111675,0.002591278,0.009737098,0,0.011480068,0.006295247,0.009278374,0.006744301,0.00820771,0.024721115,0.012285012,0.003744477,0.010721944,0,0.011299754,0.0211308,0.003274716,0,0,0,0,0,0,0.002783887,0,0,0,0.002814919,0,0,0,0,0,0,0,0,0,0,0,0,0,0,0,0,0.058689751,0.030915087,0.075154579,0.018145527,0.003390405,0.009898377,0.010293361,0,0,0,0,0,0.002970974,0.002467552,0.032295569,0.510457755,0.003331335,0,0.008832362,0.029486927,0.00539418,0,0.002500875,0,0.027533987,0.02176008,0.049231126,0.017513135,0.006706009,0,0,0.003139619,0,0,0.002763271,0.007431077,0,0,0,0.016899314,0.00406595,0,0,0,0,0.002873976,0.006194635,0,0,0.005253066,0,0.052659294,0,0,0,0.003014863,0,0,0.012639828,0,0.104845115,0.071212391,0.019180605,0.015194105,0.002338962,0,0.004398795,0.006941231,0,0,0.0149488,0,0,0,0.008756312,0,0,0.021042443,0,NA,NA,NA,NA,NA,NA,NA,NA,NA,NA,NA,NA,NA,NA,NA,NA,NA,NA,NA,NA,NA,NA,NA,NA,NA,NA,NA,NA,NA,NA,NA,NA,NA,NA,NA,NA,NA,NA,NA,NA,NA,NA,NA,NA,NA,NA,NA,NA,NA,NA,NA,NA,NA,NA,NA,NA,NA,NA,NA,NA,NA,NA,NA,NA,NA,NA,NA,NA,NA,NA,NA,NA,NA,NA,NA,NA,NA,NA,NA,NA,NA,NA,NA
Bifidobacteriales,0,0,0,0,0,0,0,0,0,0,0,0,0,0,0,0,0,0,0,0,0,0,0,0,0,0,0,0,0,0,0,0,0,0,0,0,0,0,0,0,0,0,0,0,0,0,0,0,0,0,0,0,0,0,0,0,0,0,0,0,0,0,0,0,0,0,0,0,0,0,0,0,0,0,0,0,0,0,0,0,0,0,0,0,0,0,0,0,0,0,0,0,0,0,0,0,0,0,0,0,0,0,0,0,0,0,0,0,0,0,0,0,0,0,0,0,0,0,0,0,0,0,0,0,0,0,0,0,0,0,0,0,0,0,0,0,0,0,0,0,0,0,0,0,0,0,0,0,0,0,0,0,0,0,0,0,0,0,0,0,0,0,0,0,0,0,0,0,0,0,0,0,0,0,0,0,0,0,0,0,0,0.027547261,0,0.088994364,0,0,0,0,0,0,0,0,0,0,0,0,0,0,0,0,0,0,0,0,0,0,0,0,0,0,0,0,0,0,0,0,0,0,0,0,0,0,0,0,0,0,0,0,0,2.710588235,0.646708327,0,0.103193031,0,0,0,0,0.003338341,0.018117911,0,0,0,0,0,0,0,0.801014619,0.006737183,0,0,0.01208934,0.002591278,0,0,0,0,0,0,0,0,0,0,0,0,0,0,0,0,0,0,0,0,0,0,0,0,0,0,0,0,0,0,0,0,0,0,0,0,0,0,0,0,0,0,0,0,0,0,0,0.17817078,0.00343112,0,0.148968856,0,0,0,0.27332957,0.002467552,0.345562589,0,0,0,0,0,0,0,0.002500875,0,0,0.009325748,0.023167589,0.217162872,0.006706009,0,0.00363095,0.02825657,0,0,0,0,0,0.006382232,0,0,0,0,0,0,0,0,0,0,0,0,0,0,0,0,0,0,0.013580683,0.585462287,0,0,0.009531374,0,0,0,0,0,0,0,0,0.478456458,0,0,0,0,0,0.021235931,0,0,0,NA,NA,NA,NA,NA,NA,NA,NA,NA,NA,NA,NA,NA,NA,NA,NA,NA,NA,NA,NA,NA,NA,NA,NA,NA,NA,NA,NA,NA,NA,NA,NA,NA,NA,NA,NA,NA,NA,NA,NA,NA,NA,NA,NA,NA,NA,NA,NA,NA,NA,NA,NA,NA,NA,NA,NA,NA,NA,NA,NA,NA,NA,NA,NA,NA,NA,NA,NA,NA,NA,NA,NA,NA,NA,NA,NA,NA,NA,NA,NA,NA,NA,NA
Burkholderiales,0,0,0,0,0,0,0,0,0,0,0,0,0,0,0,0,0,0,0,0,0,0,0,0,0,0,0,0,0,0,0,0,0,0,0,0,0,0,0,0,0,0,0,0,0,0,0,0,0,0,0,0,0,0,0,0,0,0,0,0,0,0,0,0,0,0,0,0,0,0,0,0,0,0,0,0,0,0,0,0,0,0,0,0,0,0,0,0,0,0,0,0,0,0,0,0,0,0,0,0,0,0,0,0,0,0,0,0,0,0,0,0,0,0,0,0,0,0,0,0,0,0,0,0,0,0,0,0,0,0,0,0,0,0.527477757,0.188341909,0.174396496,0.03070355,0.175204664,1.216325367,0.126708192,0.619852676,0.090389227,0.412880966,0.01418074,0.071124546,0.035898184,0.02304177,0.353889508,0.55810604,0.030161713,0.124454351,0.034460973,0.15825851,0.023086691,0.1677914,0.030519208,0.276844218,0.047631523,0.233114384,0.545344068,0.093493689,0.038358879,0.078828829,0.016814023,0.013166557,0.04916244,0.042013597,0.069650722,0.226113407,0.095739008,1.729869837,0.914547383,0.046779796,0.142820871,0.018229103,0.688509377,0.605608197,0.089403046,0.250739119,0.121366975,0.007986583,0,0,0,0,0,0,0,0,0,0,0,0,0,0,0,0,0,0,0,0,0,0,0,0,0,0,0,0,0,0,0,0,0,0,0,0,0,0,0,0,0,0,0,0,0,0,0,0,0,0,0,0,0,0,0,0,0,0,0,0,0,0,0,0,0,0,0,0,0,0,0,0,0,0,0,0,0,0,0,0,0,0,0,0,0,0,0,0,0,0,0,0,0,0,0,0,0,0,0,0,0,0,0,0,0,0,0,0,0,0,0,0,0,0,0,0,0,0,0,0,0,0,0,0,0,0,0,0,0,0,0,0,0,0,0,0,0,0,0,0,0,0,0,0,0,0,0,0,0,0,0,0,0,0,0,0,0,0,0,0,0,0,0,0,0,0,0,0,0,0,0,0,0,0,0,0,0,0,0,0,0,0,0,0,0,0,0,0,0,0,0,0,NA,NA,NA,NA,NA,NA,NA,NA,NA,NA,NA,NA,NA,NA,NA,NA,NA,NA,NA,NA,NA,NA,NA,NA,NA,NA,NA,NA,NA,NA,NA,NA,NA,NA,NA,NA,NA,NA,NA,NA,NA,NA,NA,NA,NA,NA,NA,NA,NA,NA,NA,NA,NA,NA,NA,NA,NA,NA,NA,NA,NA,NA,NA,NA,NA,NA,NA,NA,NA,NA,NA,NA,NA,NA,NA,NA,NA,NA,NA,NA,NA,NA,NA
Campylobacterales,0,0,0,0,0,0,0,0,0,0,0,0,0,0,0,0,0,0,0,0,0,0,0,0,0,0,0,0,0,0,0,0,0,0,0,0,0,0,0,0,0,0,0,0,0,0,0,0,0,0,0,0,0,0,0,0,0,0,0,0,0,0,0,0,0,0,0,0,0,0,0,0,0,0,0,0,0,0,0,0,0,0,0,0,0,0,0,0,0,0,0,0,0,0,0,0,0,0,0,0,0,0,0,0,0,0,0,0,0,0,0,0,0,0,0,0,0,0,0.001565264,0.049650842,0.001506455,0,0,0,0,0,0,0,0,0,0,0,0,0,0,0,0,0.001550484,0,0.020131208,0,0,0,0,0,0,0,0,0,0,0,0,0,0,0,0.001271634,0.00362678,0,0,0,0,0,0,0,0,0,0,0,0,0,0,0,0,0,0,0,0,0,0,0,0,0,0,0,0,0,0,0,0,0,0,0,0,0,0,0,0,0,0,0,0,0,0,0,0,0,0,0,0,0,0,0,0,0,0,0,0,0,0,0,0,0,0,0,0,0,0,0,0,0,0,0,0,0,0,0,0,0,0,0,0,0,0,0,0,0,0,0,0,0,0,0,0,0,0,0,0,0,0,0,0,0,0,0,0,0,0,0,0,0,0,0,0,0,0,0,0,0,0,0,0,0,0,0,0,0,0,0,0,0,0,0,0,0,0,0,0,0,0,0,0,0,0,0,0,0,0,0,0,0,0,0,0,0,0,0,0,0,0,0,0,0,0,0,0,0,0,0,0,0,0,0,0,0,0,0,0,0,0,0,0,0,0,0,0,0,0,0,0,0,0,0,0,0,0,0,0,0,0,0,0,0,0,0,0,0,0,0,0,0,0,0,0,NA,NA,NA,NA,NA,NA,NA,NA,NA,NA,NA,NA,NA,NA,NA,NA,NA,NA,NA,NA,NA,NA,NA,NA,NA,NA,NA,NA,NA,NA,NA,NA,NA,NA,NA,NA,NA,NA,NA,NA,NA,NA,NA,NA,NA,NA,NA,NA,NA,NA,NA,NA,NA,NA,NA,NA,NA,NA,NA,NA,NA,NA,NA,NA,NA,NA,NA,NA,NA,NA,NA,NA,NA,NA,NA,NA,NA,NA,NA,NA,NA,NA,NA
Chthoniobacterales,0,0,0,0,0,0,0,0,0,0,0,0,0,0,0,0,0,0,0,0,0,0,0,0,0,0,0,0,0,0,0,0,0,0,0,0,0,0,0,0,0,0,0,0,0,0,0,0,0,0,0,0,0,0,0,0,0,0,0,0,0,0,0,0,0,0,0,0,0,0,0,0,0,0,0,0,0,0,0,0,0,0,0,0,0,0,0,0,0,0,0,0,0,0,0,0,0,0,0,0,0,0,0,0,0,0,0,0,0,0,0,0,0,0,0,0,0,0,0,0,0,0,0,0,0,0,0,0,0,0,0,0,0,0,0,0.003933756,0,0,0,0.007105132,0,0,0.001150086,0,0,0,0,0,0,0,0,0,0,0,0,0,0,0,0,0,0,0,0.016891892,0,0,0,0,0,0,0,0,0.002587121,0,0,0,0,0.060199622,0,0,0,0,0,0,0,0,0,0,0,0,0,0,0,0,0,0,0,0,0,0,0,0,0,0,0,0,0,0,0,0,0,0,0,0,0,0,0,0,0,0,0,0,0,0,0,0,0,0,0,0,0,0,0,0,0,0,0,0,0,0,0,0,0,0,0,0,0,0,0,0,0,0,0,0,0,0,0,0,0,0,0,0,0,0,0,0,0,0,0,0,0,0,0,0,0,0,0,0,0,0,0,0,0,0,0,0,0,0,0,0,0,0,0,0,0,0,0,0,0,0,0,0,0,0,0,0,0,0,0,0,0,0,0,0,0,0,0,0,0,0,0,0,0,0,0,0,0,0,0,0,0,0,0,0,0,0,0,0,0,0,0,0,0,0,0,0,0,0,0,0,0,0,0,0,0,0,0,0,0,0,0,0,0,0,0,0,0,0,0,0,0,0,0,0,NA,NA,NA,NA,NA,NA,NA,NA,NA,NA,NA,NA,NA,NA,NA,NA,NA,NA,NA,NA,NA,NA,NA,NA,NA,NA,NA,NA,NA,NA,NA,NA,NA,NA,NA,NA,NA,NA,NA,NA,NA,NA,NA,NA,NA,NA,NA,NA,NA,NA,NA,NA,NA,NA,NA,NA,NA,NA,NA,NA,NA,NA,NA,NA,NA,NA,NA,NA,NA,NA,NA,NA,NA,NA,NA,NA,NA,NA,NA,NA,NA,NA,NA
Clostridiales,0,0,0,0,0,0,0,0,0,0,0,0,0,0,0,0,0,0,0,0,0,0,0,0,0,0,0,0,0,0,0,0,0,0,0,0,0,0,0,0,0,0,0,0,0,0,0,0,0,0,0,0,0,0,0,0,0,0,0,0,0,0,0,0,0,0,0,0,0,0,0,0,0,0,0,0,0,0,0,0,0,0,0,0,0,0,0,0,0,0,0,0,0,0,0,0,0,0,0,0,0,0,0,0,0,0,0,0,0,0,0,0,0,0,0,0,0,0,0,0,0,0,0,0,0,0,0,0,0,0,0,0,0,0.219451899,0.409438932,0.083920119,0.004386221,0.001550484,0,0.269995026,0.064593866,0.020291459,0.063254744,0.002578316,0.004445284,0.002243636,0,0.003932106,0,0.002320132,0,0,0.003229766,0,0.009798038,0.498480398,0.009671414,0.026197337,0.133555116,0.001519064,0.002833142,0.00958972,0.005630631,0,0,0.003597252,0,0,0.053836525,0.001211886,0.019158168,0.05950379,0.067830704,0.031737971,0.002430547,0.002993519,0.067423577,0.004308581,0.009979666,0.001596934,0,0.024103853,0,0,0,0,0,0,0,0,0,0,0,0,0,0,0,0,0,0,0,0,0,0,0,0,0,0,0,0,0,0,0,0,0,0,0,0,0,0,0,0,0,0,0,0,0,0,0,0.043921569,0.032698736,0,0.005953444,0,0,0,0,0,0.003623582,0,0,0,0,0,0,0,0.083439023,0,0.003020144,0,0.01208934,0,0,0,0,0,0,0,0,0,0,0,0,0,0,0,0,0,0,0,0,0,0,0,0,0,0,0,0,0,0,0,0,0,0,0,0,0,0,0,0,0,0,0,0,0,0,0,0,0.02969513,0,0.005657229,0.009310554,0,0,0,0.154490627,0.049351034,0.025836455,0.003314661,0,0,0,0,0,0,0,0,0,0.003108583,0,0.003502627,0,0,0,0,0,0,0,0,0,0,0.003614022,0,0,0,0,0,0,0,0,0,0,0,0,0.002507585,0,0,0,0,0.00814841,0.217964315,0,0,0.092136616,0,0,0,0.007016887,0,0,0,0,0,0,0,0,0,0,0,0,0,0,NA,NA,NA,NA,NA,NA,NA,NA,NA,NA,NA,NA,NA,NA,NA,NA,NA,NA,NA,NA,NA,NA,NA,NA,NA,NA,NA,NA,NA,NA,NA,NA,NA,NA,NA,NA,NA,NA,NA,NA,NA,NA,NA,NA,NA,NA,NA,NA,NA,NA,NA,NA,NA,NA,NA,NA,NA,NA,NA,NA,NA,NA,NA,NA,NA,NA,NA,NA,NA,NA,NA,NA,NA,NA,NA,NA,NA,NA,NA,NA,NA,NA,NA
Corynebacteriales,0.091074681,0.077382268,0.056660791,0.041678244,0.049001593,0.024936101,0.059098162,0.161586895,0.048429082,0.068365444,0.062402496,0.029507229,0.093527871,0.017346699,0.060519713,0.022848656,0.047759586,0.033986247,0.079911881,0.092014141,0.042674253,0.058811229,0.060006001,0.044924527,0,0,0,0,0,0,0,0,0,0,0,0,0,0,0,0,0,0,0,0,0,0,0,0,0,0,0,0,0,0,0,0,0,0,0,0,0,0,0,0,0,0,0,0,0,0,0,0,0,0,0,0,0,0,0,0,0,0,0,0,0,0,0,0,0,0,0,0,0,0,0,0,0,0,0,0,0,0,0,0,0,0.144092219,0,0.149253731,0,0,0,0,0,0,0,0,0,0,0,0,0,0,0,0,0,0,0,0,0,0,0,0,0,0.337109845,0.176058741,0.0354038,0.021931107,1.262093773,0.033258897,0.028420529,0.052171969,0.044272274,0.182863715,0.657470672,0.010001889,0.013461819,0.014081081,0.007864211,0.005143834,0.016240922,0.052010774,0.011486991,0.004844648,0.007695564,0.020820831,0.784597973,0.273217438,0.047631523,0.314461591,2.588485493,0.463218733,0.0239743,0.022522523,0.008407011,0.031599737,0.004796336,0.009548545,0.047116665,0.006729566,0.659266082,0.005634755,0.023284092,0.017542423,0.147581567,0.009722188,0.260436156,0.050567682,0.017234322,0.219552661,0.030341744,0.338098661,0,0,0,0,0.002853393,0,0,0.005934542,0,0.004616485,0,0.004592212,0,0.002696363,0.005548466,0,0.002634074,0.002493703,0,0,0,0,0,0,0,0,0,0,0,0,0,0,0,0,0,0,0,0,0,0,0,0,0,0,0,0,0,0,0,0,0,0,0,0,0.006489082,0.003409478,0,0,0,0,0,0,0.010454054,0,0,0.003337561,0.006737183,0,0,0,0,0,0,0,0,0,0,0,0,0,0,0,0,0,0,0,0,0,0,0.002644453,0.003093772,0,0,0,0,0,0,0,0,0,0,0,0,0,0,0,0,0,0,0,0,0,0,0,0.00343501,0.006832234,0.002592218,0,0.003299459,0.00343112,0.008485843,0,0,0,0,0.002970974,0,0,0,0.006662669,0,0,0.003276325,0,0,0,0,0.003441748,0,0.005791897,0,0.006706009,0,0,0,0,0,0,0,0,0,0,0,0,0,0,0,0,0,0.009291953,0,0,0,0,0.002507585,0,0,0,0.003014863,0,0,0,0,0,0,0,0.003798526,0,0,0,0,0,0,0,0,0.00750394,0,0,0,0,0,0,NA,NA,NA,NA,NA,NA,NA,NA,NA,NA,NA,NA,NA,NA,NA,NA,NA,NA,NA,NA,NA,NA,NA,NA,NA,NA,NA,NA,NA,NA,NA,NA,NA,NA,NA,NA,NA,NA,NA,NA,NA,NA,NA,NA,NA,NA,NA,NA,NA,NA,NA,NA,NA,NA,NA,NA,NA,NA,NA,NA,NA,NA,NA,NA,NA,NA,NA,NA,NA,NA,NA,NA,NA,NA,NA,NA,NA,NA,NA,NA,NA,NA,NA
Desulfovibrionales,0,0,0,0,0,0,0,0,0,0,0,0,0,0,0,0,0,0,0,0,0,0,0,0,0,0,0,0,0,0,0,0,0,0,0,0,0,0,0,0,0,0,0,0,0,0,0,0,0,0,0,0,0,0,0,0,0,0,0,0,0,0,0,0,0,0,0,0,0,0,0,0,0,0,0,0,0,0,0,0,0,0,0,0,0,0,0,0,0,0,0,0,0,0,0,0,0,0,0,0,0,0,0,0,0,0,0,0,0,0,0,0,0,0,0,0,0,0,0,0,0,0,0,0,0,0,0,0,0,0,0,0,0,0.002643999,0.004094389,0,0.004386221,0.094579509,0.004751271,0.007105132,0,0.001844678,0.004600345,0.313265438,0.859051154,0.015705455,0.00768059,0.014417721,0.002571917,0.005800329,0.003715055,0.004594796,0,0.001282594,0.009798038,0.021617772,0.00362678,0.054776251,0.001214137,0.001519064,0.005666284,0.001598287,0.002815315,0,0.021066491,0.003597252,0.007638836,0.026631158,0.244956191,0.003635659,0.001126951,0.003880682,0.395289275,0.217405103,0.002430547,0.00149676,0.00481597,0.015080032,0.3680002,0.081443628,0.002662194,0,0,0,0,0,0,0,0,0,0,0,0,0,0,0,0,0,0,0,0,0,0,0,0,0,0,0,0,0,0,0,0,0,0,0,0,0,0,0,0,0,0,0,0,0,0,0,0,0,0,0,0,0,0,0,0,0,0,0,0,0,0,0,0,0,0,0,0,0,0,0,0,0,0,0,0,0,0,0,0,0,0,0,0,0,0,0,0,0,0,0,0,0,0,0,0,0,0,0,0,0,0,0,0,0,0,0,0,0,0,0,0,0,0,0,0,0,0,0,0,0,0,0,0,0,0,0,0,0,0,0,0,0,0,0,0,0,0,0,0,0,0,0,0,0,0,0,0,0,0,0,0,0,0,0,0,0,0,0,0,0,0,0,0,0,0,0,0,0,0,0,0,0,0,0,0,0,0,0,0,0,0,0,0,0,0,0,0,0,0,0,0,NA,NA,NA,NA,NA,NA,NA,NA,NA,NA,NA,NA,NA,NA,NA,NA,NA,NA,NA,NA,NA,NA,NA,NA,NA,NA,NA,NA,NA,NA,NA,NA,NA,NA,NA,NA,NA,NA,NA,NA,NA,NA,NA,NA,NA,NA,NA,NA,NA,NA,NA,NA,NA,NA,NA,NA,NA,NA,NA,NA,NA,NA,NA,NA,NA,NA,NA,NA,NA,NA,NA,NA,NA,NA,NA,NA,NA,NA,NA,NA,NA,NA,NA
Enterobacteriales,0,0,0,0,0,0,0,0,0,0,0,0,0,0,0,0,0,0,0,0,0,0,0,0,0,0,0,0,0,0,0,0,0,0,0,0,0,0,0,0,0,0,0,0,0,0,0,0,0,0,0,0,0,0,0,0,0,0,0,0,0,0,0,0,0,0,0,0,0,0,0,0,0,0,0,0,0,0,0,0,0,0,0,0,0,0,0,0,0,0,0,0,0,0,0,0,0,0,0,0,0,0,0,0,0,0,0,0,0,0,0,0,0,0,0,0,0,0,0.026609482,0.048049202,0.082855034,0.037270249,0.06240762,0.090633,0.046299594,0.092173913,0.032979813,0.477565353,0.782361309,0.103019405,0.117408838,0.852098381,0.087251729,0.031727985,0.072334211,0.089165126,0.163752266,0.860518482,1.858934765,0.19302276,0.678235594,0.023980815,0.471535365,0.02836148,1.827011769,0.048238184,0.195855042,0.110098958,1.474994535,1.292313403,2.52438005,1.280799495,5.679542665,1.691741378,0.012247547,0.011444703,0.027805314,1.319393174,0.511151852,1.254747076,2.430835919,1.395304234,1.703265766,13.89258642,48.40026333,10.5831145,0.297914598,0.620710847,0.259761235,0.376896602,0.007888657,0.393242439,0.828002386,4.322711692,78.65736577,0.935474697,0.10354335,0.098020207,0.077342415,0.31619291,0.348747438,1.539203195,0.063662729,0.081578167,0.114880632,1.834731496,1.298537887,1.519355265,1.124595709,1.686287981,1.041017473,0.657164982,0.796748714,1.254974794,1.391323105,2.982300394,1.509862814,4.975766516,1.441360565,1.571176017,2.220603142,2.606148355,0.689938995,1.936613297,1.665065642,1.369406405,1.52325951,1.819430141,1.586020757,1.872859908,1.484658529,1.452145215,1.479640946,0.074061606,0.032466722,0.043357614,0.136518771,0.383345757,0.073785491,0.02301042,0.038664483,0.060641063,0.14427157,0.087825228,0.150172699,0.027041644,0.0569686,0.163021329,0.153461657,1.104313725,0.973695684,0.329171396,1.853505586,0.167048196,0.822888094,0.292008695,0.163654961,0.083458521,0.03261224,0.00306035,0.003312904,0.003722731,0.191820485,0.693452277,1.877886095,0.033225351,0.116814632,0.05389746,2.458397511,1.769173492,0.214585789,0.108833666,0.053554041,0.21607483,1.013115977,1.970412339,1.391756164,0.600242795,1.212005143,5.386112914,1.096437346,1.434134651,1.447462473,1.240477511,0.403966214,1.279922722,0.959491764,2.152717106,2.57212847,2.300402068,1.475604919,2.920520991,2.109277086,2.396926589,2.912260025,0.5512391,4.993034271,2.063335679,0.411628505,0.709162268,1.119444755,0.946965247,0.498876293,1.714599744,0.251157936,0.255629945,0.475607785,0.098963631,0.191634728,0.162939656,0.270977956,0.207744993,0.07449252,0.044023127,0.638251045,0.511816433,0.649062276,1.918241439,0.152568232,0.102283226,0.26419626,0.070715357,0.125692472,0.824583139,0.168634064,0.082471469,0.320865148,0.041948379,0.238987211,0.822035865,0.10993404,0.285610282,0.344462109,0.455409213,0.202281738,0.161133562,0.230080528,1.065230682,0.557563242,1.041375237,0.130317686,0.063047285,0.194474249,0.125542888,0.119821357,0.32652036,0.05093905,0.063985375,1.760203377,0.594486141,0.468024425,0.185084724,0.018070112,0.321086964,0.445221493,0.611731708,0.694693315,0.109026369,0.253496316,0.842075011,0.089822214,0.063574715,0.006754703,0.139206262,0.018420871,2.760851576,0.890764182,1.023153252,0.080605816,0.470318671,0.863731428,0.220498783,1.025932714,0.888863236,1.5949166,0.448044626,0.187969925,0.182329256,1.293446227,0.756268507,1.706732355,1.508560851,0.308020664,1.651194841,0.102150136,3.068220775,2.553840766,0.462686567,3.085140539,5.776173285,1.01216545,0.61233508,0.416284485,NA,NA,NA,NA,NA,NA,NA,NA,NA,NA,NA,NA,NA,NA,NA,NA,NA,NA,NA,NA,NA,NA,NA,NA,NA,NA,NA,NA,NA,NA,NA,NA,NA,NA,NA,NA,NA,NA,NA,NA,NA,NA,NA,NA,NA,NA,NA,NA,NA,NA,NA,NA,NA,NA,NA,NA,NA,NA,NA,NA,NA,NA,NA,NA,NA,NA,NA,NA,NA,NA,NA,NA,NA,NA,NA,NA,NA,NA,NA,NA,NA,NA,NA
Lactobacillales,0,0,0,0,0,0,0,0,0,0,0,0,0,0,0,0,0,0,0,0,0,0,0,0,0,0,0,0,0,0,0,0,0,0,0,0,0,0,0,0,0,0,0,0,0,0,0,0,0,0,0,0,0,0,0,0,0,0,0,0,0,0,0,0,0,0,0,0,0,0,0,0,0,0,0,0,0,0,0,0,0,0,0,0,0,0,0,0,0,0,0,0,0,0,0,0,0,0,0,0,0,0,0,0,0,0,0,0,0,0,0,0,0,0,0,0,0,0,0,0,0,0,0,0,0,0,0,0,0,0,0,0,0,0.051557976,0.028660725,0.017046274,0.043862214,0.13644257,0.243502637,0.015394453,0.031054743,0.033204206,0.01840138,0.015469898,0.013335852,0.006730909,0.002560197,0.011796317,0.006429793,0.015080857,0.013002693,0.017230486,0.019378593,0.007695564,0.830383716,0.026704307,0.030223168,1.197932792,0.231900246,0.007595321,0.008499426,0.030367446,0.033783784,0.011209349,0.01843318,0.031176181,0,0.026631158,0.002691826,0.069077512,0.819293402,0.349261377,0.026898383,0.068236638,0.008506915,0.013470836,0.19745476,0.085094466,0.027444083,0.132545513,0.018635359,0.030990668,0.120251821,0.173044596,0.025130138,0,0.002516546,0,0,0,0,0.020928821,0.002296106,0,0.002696363,0,0,0,0,0,0.003167765,0.003367117,0.007262516,0,0.002287178,0.002777701,0,0.002640682,0,0.017865118,0.005075756,0.002444689,0,0,0,0,0,0.085187946,0.005902839,0,0.002274381,0,0,0,0,0,0.006702188,0.016981388,0.004384619,4.178823529,1.660369132,0.045402951,0.250044651,0.01237394,0,0.006489082,0,0.243698882,0.025365076,0,0.02650323,0,0.043431053,0.254381991,0.010261673,2.041282499,0.317068286,0,0,0,0.003022335,0.005182556,0.051119766,0.045489438,0,0,0.002319594,0.0022481,0.00820771,0,0.009213759,0.007488954,0,0,0.014124693,0.003018686,0,0,0,0.005743825,0,0,0,0,0,0.026136337,0,0,0,0,0,0.00234979,0.019757477,0,0,0.006086427,0.030014084,0,0,0,0,0,0,0,0.077030299,0.010305029,0.003416117,0.005184436,0.037294457,0.036294048,0.500943558,0.011314457,0.016293469,0.024371915,0,0.124821683,0.035651683,0.061688792,0.048443354,0.009943982,0.016656673,0,0.002944121,0.009828976,0.00269709,0.117653077,0.032511379,0,0,0.003108583,0.066606817,0.021015762,0.080472103,0.23072747,0.025416652,0.003139619,0.015503189,0.048750762,0.027632706,0.007431077,0.073128816,0.009573348,0.010842067,0.003379863,0.00406595,0.043522414,0.008270159,0.11663286,0.002148274,0,0.006194635,0,0,0.015759199,0.032236524,0.002507585,0.005209147,0,0.012727234,0.003014863,0.016296819,0.185016221,0.008426552,0.008657759,0.031771247,0.884220521,0.076722418,0,0.018711699,0.014912337,0,0.002313744,0.264364192,0,0.002491467,0,0,0.004975124,0.011675082,0.012741559,0.170316302,0.027355175,0.003527835,NA,NA,NA,NA,NA,NA,NA,NA,NA,NA,NA,NA,NA,NA,NA,NA,NA,NA,NA,NA,NA,NA,NA,NA,NA,NA,NA,NA,NA,NA,NA,NA,NA,NA,NA,NA,NA,NA,NA,NA,NA,NA,NA,NA,NA,NA,NA,NA,NA,NA,NA,NA,NA,NA,NA,NA,NA,NA,NA,NA,NA,NA,NA,NA,NA,NA,NA,NA,NA,NA,NA,NA,NA,NA,NA,NA,NA,NA,NA,NA,NA,NA,NA
Legionellales,0,0,0,0,0,0,0,0,0,0,0,0,0,0,0,0,0,0,0,0,0,0,0,0,0,0,0,0,0,0,0,0,0,0,0,0,0,0,0,0,0,0,0,0,0,0,0,0,0,0,0,0,0,0,0,0,0,0,0,0,0,0,0,0,0,0,0,0,0,0,0,0,0,0,0,0,0,0,0,0,0,0,0,0,0,0,0,0,0,0,0,0,0,0,0,0,0,0,0,0,0,0,0,0,0,0,0,0,0,0,0,0,0,0,0,0,0,0,0,0,0,0,0,0,0,0,0,0,0,0,0,0,0,0,0,0,0,0,0,0,0,0,0,0,0,0,0,0,0,0,0,0,0,0,0,0,0,0,0,0,0,0,0,0,0,0,0,0,0,0,0,0,0,0,0,0,0,0,0,0,0,0.003443408,0.003536818,0.17057253,0.642613534,0,0,0,0,0,0,0,0,0,0,0,0,0,0,0,0,0,0,0,0,0,0,0,0,0,0,0,0,0,0,0,0,0,0,0,0,0,0,0,0,0.003380206,0,0,0,0,0,0,0,0,0,0,0,0,0,0.021422451,0,0,0,0.020908109,0.003420558,0.072680455,0,0,0,0,0,0,0,0,0,0,0,0,0,0,0,0,0,0,0,0,0,0,0,0,0,0,0,0,0,0,0,0,0,0,0,0,0,0,0,0,0,0,0,0,0,0,0,0,0,0,0,0,0,0,0,0,0,0,0,0,0,0,0,0,0,0,0,0,0.00269709,0,0,0,0,0,0,0,0,0,0,0,0,0.024375381,0,0,0,0.012764464,0,0,0,0,0,0,0,0,0,0,0,0,0,0,0,0,0,0,0.032593639,0,0,0,0,0,0,0,0,0,0,0,0.007276079,0,0,0,0,0,0,0,0,0,0,NA,NA,NA,NA,NA,NA,NA,NA,NA,NA,NA,NA,NA,NA,NA,NA,NA,NA,NA,NA,NA,NA,NA,NA,NA,NA,NA,NA,NA,NA,NA,NA,NA,NA,NA,NA,NA,NA,NA,NA,NA,NA,NA,NA,NA,NA,NA,NA,NA,NA,NA,NA,NA,NA,NA,NA,NA,NA,NA,NA,NA,NA,NA,NA,NA,NA,NA,NA,NA,NA,NA,NA,NA,NA,NA,NA,NA,NA,NA,NA,NA,NA,NA
Neisseriales,0,0,0,0,0,0,0.005909816,0,0.006053635,0,0,0.007376807,0,0,0,0,0.001224605,0,0,0.001210712,0,0,0,0,0.212314225,1.007556675,0.37593985,0.406504065,0,1.809954751,3.129251701,0.835654596,1.149425287,1.355275895,5.746061168,3.004291845,1.44092219,1.631701632,0.731707317,0.404040404,0.668896321,4.766031196,6.161616162,2.719406675,3.820720059,3.441084463,14.00293255,3.36996337,4.658634538,1.761252446,4.416403785,5.006587615,7.094133697,4.297994269,4.480519481,3.405572755,1.672535211,4.269449715,1.603665521,2.730375427,3.490401396,5.508072175,1.35891287,3.057757644,3.807796917,2.141057935,2.69286754,2.051739518,3.879310345,2.154828412,1.69361047,3.314917127,1.612903226,2.613240418,2.298850575,4.281767956,3.03030303,4,2.696365768,1.765447667,1.808318264,1.492537313,2.909647779,0.721649485,2.791262136,2.184087363,1.610904585,0.925925926,0,0.345423143,0.33557047,0.621118012,0.282485876,0.423728814,0.453514739,0.751879699,0.621118012,0.416666667,0,0,0.558659218,0.235294118,0.8,0.660066007,0.410172272,0.576368876,0.739371534,0.149253731,0.230414747,0,0.45045045,0,0.157232704,0,0.284900285,0,0,0,0,0,0,0,0,0,0,0,0,0,0,0,0,0,0,0,0,0,0,0,0,0,0,0,0,0,0,0,0,0,0,0,0,0,0,0,0,0,0,0,0,0,0,0,0,0,0,0,0,0,0,0,0,0,0,0,0,0,0,0,0,0,0,0,0,0,0,0,0,0,0,0,0,0,0,0,0,0,0,0,0,0,0,0,0,0,0,0,0,0,0,0,0,0,0,0,0,0,0,0,0,0,0,0,0,0,0,0,0,0,0,0,0.007266386,0,0,0,0,0,0,0,0,0,0,0,0,0,0,0,0,0,0,0,0,0,0,0,0,0,0,0,0,0,0,0,0,0,0,0,0,0,0,0,0,0,0,0,0,0,0,0,0,0,0,0,0,0,0,0,0,0,0,0,0,0,0,0,0,0.00343501,0,0,0,0,0,0.005657229,0,0,0,0,0,0,0,0,0,0,0,0,0,0,0,0,0,0,0,0.003502627,0.013412017,0.003393051,0,0,0,0.003046923,0,0,0,0,0,0,0,0,0,0,0,0,0,0,0,0,0,0,0,0,0,0,0,0,0,0,0,0,0,0,0,0,0,0,0,0,0,0,0,0,0,0,0,0,0,NA,NA,NA,NA,NA,NA,NA,NA,NA,NA,NA,NA,NA,NA,NA,NA,NA,NA,NA,NA,NA,NA,NA,NA,NA,NA,NA,NA,NA,NA,NA,NA,NA,NA,NA,NA,NA,NA,NA,NA,NA,NA,NA,NA,NA,NA,NA,NA,NA,NA,NA,NA,NA,NA,NA,NA,NA,NA,NA,NA,NA,NA,NA,NA,NA,NA,NA,NA,NA,NA,NA,NA,NA,NA,NA,NA,NA,NA,NA,NA,NA,NA,NA
Pasteurellales,0,0,0,0,0,0,0,0,0,0,0,0,0,0,0,0,0,0,0,0,0,0,0,0,0,0,0,0,0,0,0,0,0,0,0,0,0,0,0,0,0,0,0,0,0,0,0,0,0,0,0,0,0,0,0,0,0,0,0,0,0,0,0,0,0,0,0,0,0,0,0,0,0,0,0,0,0,0,0,0,0,0,0,0,0,0,0,0,0,0,0,0,0,0,0,0,0,0,0,0,0,0,0,0,0,0,0,0,0,0,0,0,0,0,0,0,0,0,0,0,0,0.056886169,0.027919199,0.006360211,0.012465275,0.010434783,0.036451372,0.037456106,0.00911843,0.011238481,0.003403155,0.03540575,0.001586395,0,0,0,0,0,0,0,0,0,0,0,0,0,0,0,0,0,0,0,0,0,0,0,0,0,0,0,0,0,0,0,0,0,0,0,0,0,0,0,0,0,0,0,0,0,0,0,0,0,0,0,0.00359002,0,0,0,0,0,0,0,0,0,0,0,0,0,0,0,0,0,0,0,0,0,0,0,0,0,0,0,0,0,0,0,0,0,0,0,0,0,0,0,0,0,0,0,0,0,0.003633193,0,0,0,0.017360508,0,0,0,0,0,0,0,0,0.010454054,0.102616727,0.002076584,0,0,0,0,0,0,0,0,0,0,0,0,0,0,0,0,0,0,0,0,0,0,0,0,0,0,0,0,0,0,0,0,0,0,0,0,0,0,0,0,0,0,0,0,0,0,0,0,0,0,0.003416117,0.018145527,0,0,0.024017842,0,0.004655277,0,0,0,0,0,0,0.295004806,0.003331335,0,0.014720603,0,0,0,0,0,0,0,0,0,0,0,0.00363095,0,0,0,0,0,0,0.009573348,0,0.006759726,0,0,0,0,0,0,0,0,0,0,0,0.007522756,0,0,0,0,0,0,0.004213276,0.00288592,0.019062748,0,0,0,0,0,0,0,0.00242536,0,0,0,0,0,0,0,0,0,0,NA,NA,NA,NA,NA,NA,NA,NA,NA,NA,NA,NA,NA,NA,NA,NA,NA,NA,NA,NA,NA,NA,NA,NA,NA,NA,NA,NA,NA,NA,NA,NA,NA,NA,NA,NA,NA,NA,NA,NA,NA,NA,NA,NA,NA,NA,NA,NA,NA,NA,NA,NA,NA,NA,NA,NA,NA,NA,NA,NA,NA,NA,NA,NA,NA,NA,NA,NA,NA,NA,NA,NA,NA,NA,NA,NA,NA,NA,NA,NA,NA,NA,NA
Propionibacteriales,0,0,0,0,0,0,0,0,0,0,0,0,0,0,0,0,0,0,0,0,0,0,0,0,0,0,0,0,0,0,0,0,0,0,0,0,0,0,0,0,0,0,0,0,0,0,0,0,0,0,0,0,0,0,0,0,0,0,0,0,0,0,0,0,0,0,0,0,0,0,0,0,0,0,0,0,0,0,0,0,0,0,0,0,0,0,0,0,0,0,0,0,0,0,0,0,0,0,0,0,0,0,0,0,0,0,0,0,0,0,0,0,0,0,0,0,0,0,0,0,0,0,0,0,0,0,0,0,0,0,0,0,0,1.205663445,0.263405713,3.035548038,0.108193462,1.147357976,1.058345607,7.777751462,0.301852105,0.230584763,3.068430132,2.675003223,0.733471878,0.623730943,0.033282556,4.9478996,0.061726014,0.05916336,0.050153246,0.026420079,0.061365545,0.026934472,5.499148795,0.172942179,0.255083537,0.100026197,0.223401285,0.217226189,0.228067939,0.039957166,0.109797297,0.004203506,0.043449638,0.063551447,0.641662211,0.262214483,3.105021602,0.655630423,0.231024962,0.971464052,0.264305846,0.069823537,0.030381839,2.426247175,0.807878927,0.105560223,1.736461959,0.685084637,0.010648777,0,0.038905001,0.217541778,0.129240711,0.002853393,0,0,0,0,0,0,0,0,0,0,0,0,0,0,0,0,0,0,0,0,0,0,0,0.005955039,0.005075756,0,0,0,0,0,0.003412969,0,0,0,0,0.008663009,0,0,0,0,0,0,0,0.00627451,0.02543235,0,0.005953444,0.034028336,0.017360508,0.019467246,0.010228435,0.010015023,0.014494329,0.00306035,0,0,0,0.034846848,0.061570036,0.072680455,0.010012683,0.023580139,0.04832231,0,0,0,0.004868549,0.00568618,0.002870017,0,0,0,0,0,0,0,0,0,0,0,0,0.003494671,0.008165487,0,0.002644453,0.009281317,0.002666596,0.011135547,0.006202897,0.002376031,0.011145166,0.002814919,0,0,0,0,0,0,0,0,0,0,0,0,0,0,0,0,0,0,0.222047621,0.137387563,0.023732836,0.135277814,0.319094184,0.181031313,0.123364834,0.12389057,0,0.122592725,0.068332393,0.041948379,0.032295569,0.009943982,0.066626691,0.305210988,0.179591356,0,0.00539418,0,0,0.049381555,0.182412666,0.037302994,0.092670354,0.007005254,0.174356223,0.061074919,0.16339276,0.072211234,0,0.009140768,0.002763271,0.003715538,0.007312882,0.121262405,0.361402241,0.003379863,0.00406595,0.004835824,0.030323915,0.007606491,0.002148274,0.031613738,0.021681224,0.015136837,0,0.107687863,0.108222616,0.168008225,0.179715581,0.01323043,0,0.189936386,0.084200234,0.321877534,0.088478797,0.112550864,0.492454329,0.038573378,0.141936474,0.007597052,0.004677925,0,0.006598192,0.011568718,0.683951396,0.56686689,0.371228542,0.222831676,0.185097176,0.119402985,0.011675082,0.008494372,0,0.002104244,0,NA,NA,NA,NA,NA,NA,NA,NA,NA,NA,NA,NA,NA,NA,NA,NA,NA,NA,NA,NA,NA,NA,NA,NA,NA,NA,NA,NA,NA,NA,NA,NA,NA,NA,NA,NA,NA,NA,NA,NA,NA,NA,NA,NA,NA,NA,NA,NA,NA,NA,NA,NA,NA,NA,NA,NA,NA,NA,NA,NA,NA,NA,NA,NA,NA,NA,NA,NA,NA,NA,NA,NA,NA,NA,NA,NA,NA,NA,NA,NA,NA,NA,NA
Pseudomonadales,0,0,0,0,0,0,0,0,0,0,0,0,0,0,0,0,0,0,0,0,0,0,0,0,0,0,0,0,0,0,0,0,0,0,0,0,0,0,0,0,0,0,0,0,0,0,0,0,0,0,0,0,0,0,0,0,0,0,0,0,0,0,0,0,0,0,0,0,0,0,0,0,0,0,0,0,0,0,0,0,0,0,0,0,0,0,0,0,0,0,0,0,0,0,0,0,0,0,0,0,0,0,0,0,0,0,0,0,0,0,0,0,0,0,0,0,0,0,0.004695791,0.00320328,0.007532276,0.149080994,0.93775661,1.008093368,0.25108626,0.010434783,1.083126486,3.252438549,2.744647481,28.80797183,0.022120506,6.295142331,0.187194619,1.3034914,1.270625486,4.033410697,0.289490613,0.562825602,1.276904072,1.051559577,0.593766692,0.296993175,0.65439908,1.614026041,0.034450952,0.335423655,0.060164621,0.056360181,0.198037627,1.351476764,0.215473205,0.072368043,0.402105807,0.170584991,10.21445456,0.879970498,1.079571556,0.188144514,0.180906475,0.476986177,0.222401655,0.100692058,0.427927928,1.409575586,0.576695194,0.103121215,0.448781606,0.139301444,2.043096139,0.046051675,0.506001014,0.333738649,1.595191037,0.065062841,0.057117857,1.538668782,0.958377981,1.824683858,0.240759453,0.204407538,0.015973165,0,0,0,0,0,0,0,0,0,0,0,0,0,0,0,0,0,0,0,0,0,0,0,0,0,0,0,0,0,0,0,0,0,0,0,0,0,0,0,0,0,0,0,0,0,0,0,0,0,0,0,0,0,0,0,0,0,0,0,0,0,0,0,0,0,0,0,0,0,0,0,0,0,0,0,0,0,0,0,0,0,0,0,0,0,0,0,0,0,0,0,0,0,0,0,0,0,0,0,0,0,0,0,0,0,0,0,0,0,0,0,0,0,0,0,0,0,0,0,0,0,0,0,0,0,0,0,0,0,0,0,0,0,0,0,0,0,0,0,0,0,0,0,0,0,0,0,0,0,0,0,0,0,0,0,0,0,0,0,0,0,0,0,0,0,0,0,0,0,0,0,0,0,0,0,0,0,0,0,0,0,0,0,0,0,0,0,0,0,0,0,0,NA,NA,NA,NA,NA,NA,NA,NA,NA,NA,NA,NA,NA,NA,NA,NA,NA,NA,NA,NA,NA,NA,NA,NA,NA,NA,NA,NA,NA,NA,NA,NA,NA,NA,NA,NA,NA,NA,NA,NA,NA,NA,NA,NA,NA,NA,NA,NA,NA,NA,NA,NA,NA,NA,NA,NA,NA,NA,NA,NA,NA,NA,NA,NA,NA,NA,NA,NA,NA,NA,NA,NA,NA,NA,NA,NA,NA,NA,NA,NA,NA,NA,NA
Rhizobiales,0,0,0,0,0,0,0,0,0,0,0,0,0,0,0,0,0,0,0,0,0,0,0,0,0,0,0,0,0,0,0,0,0,0,0,0,0,0,0,0,0,0,0,0,0,0,0,0,0,0,0,0,0,0,0,0,0,0,0,0,0,0,0,0,0,0,0,0,0,0,0,0,0,0,0,0,0,0,0,0,0,0,0,0,0,0,0,0,0,0,0,0,0,0,0,0,0,0,0,0,0,0,0,0,0,0,0,0,0,0,0,0,0,0,0,0,0,0,0,0,0,0,0,0,0,0,0,0,0,0,0,0,0,0,0,0,0,0,0.001187818,0,0,0,0.002300173,0.002578316,0,0.694405492,0.002560197,0,0.002571917,0.008120461,0,0.001148699,0.009689297,0.005130376,0,0,0.018133901,0.002381576,0.003642412,0,0.005666284,0,0.005630631,0,0,0,0,0.004097101,0.004037739,0.001211886,0.001126951,0.002587121,0,0,0,0,0.24681845,0.001077145,0,0.003193868,0.002662194,0,0,0,0,0,0,0,0,0,0,0,0,0,0,0,0,0,0,0,0,0,0,0,0,0,0,0,0,0,0,0,0,0,0,0,0,0,0,0,0,0,0,0,0,0,0,0,0,0,0,0,0,0,0,0,0,0,0,0,0,0,0,0,0,0,0,0,0,0,0,0,0,0,0,0,0,0,0,0,0,0,0,0,0,0,0,0,0,0,0,0,0,0,0,0,0,0,0,0,0,0,0,0,0,0,0,0,0,0,0,0,0,0,0,0,0,0,0,0,0,0,0,0,0,0,0,0,0,0,0,0,0,0,0,0,0,0,0,0,0,0,0,0,0,0,0,0,0,0,0,0,0,0,0,0,0,0,0,0,0,0,0,0,0,0,0,0,0,0,0,0,0,0,0,0,0,0,0,0,0,0,0,0,0,0,0,0,0,0,0,0,0,NA,NA,NA,NA,NA,NA,NA,NA,NA,NA,NA,NA,NA,NA,NA,NA,NA,NA,NA,NA,NA,NA,NA,NA,NA,NA,NA,NA,NA,NA,NA,NA,NA,NA,NA,NA,NA,NA,NA,NA,NA,NA,NA,NA,NA,NA,NA,NA,NA,NA,NA,NA,NA,NA,NA,NA,NA,NA,NA,NA,NA,NA,NA,NA,NA,NA,NA,NA,NA,NA,NA,NA,NA,NA,NA,NA,NA,NA,NA,NA,NA,NA,NA
Rhodospirillales,0.070835863,0.038691134,0.03777386,0.111141984,0.030625995,0.087276354,0.053188346,0.094723352,0.157394515,0.055935364,0.112324493,0.073768073,0.074822297,0.053279146,0.092040397,0.034272984,0.064904052,0.049846495,0.071272759,0.067799893,0.082762188,0.069266559,0.069006901,0.093842345,0.212314225,0,0,0,0,0,0,0,0,0.096805421,0,0,0,0.233100233,0,0,0,0,0,0,0,0,0,0,0,0,0,0,0.136425648,0,0.194805195,0,0,0,0,0,0,0.094966762,0,0,0.090661831,0,0,0,0,0,0.076982294,0,0,0,0.164203612,0.138121547,0.263504611,0,0,0,0,0,0,0,0,0,0.247831475,0,0.181488203,0.172711572,0.33557047,0.207039337,0,0.423728814,0.22675737,0,0,0,0.455580866,0.196850394,0.372439479,0,0,0,0.164068909,0,0.184842884,0,0.230414747,0,0,0,0,0.162074554,0,0,0,0,0,0,0,0,0,0,0,0,0,0,0,0,0,0,0,0.113691948,0.058686247,0.192754022,1.269080063,0.100781444,0.130659952,0.026052152,0.033539123,0.42796532,0.008050604,0.009024107,0.01111321,0.008974546,0.670771515,0.026214038,0.720136826,0.048722767,0.042723136,0.004594796,0.387571862,0.076955635,0.022045585,0.083927822,0.033849948,0.323894353,0.10805823,0.015190643,0.002833142,0.01438458,0.13231982,0.044837394,0.007899934,0.013189923,0.093575739,0.016388405,0.012113218,0.019390179,0.02141207,0.006467803,0.025728888,0,0.002430547,0.550807502,0.001203992,0.00215429,0.006237292,0.134142447,0.03194633,0.017217038,0.070736366,0.076634035,0.082570454,1.974547737,1.290988248,1.136213502,0.700275956,0.749461325,1.121805969,0.02930035,0.528104335,0.7959671,0.978779626,0.696332464,0.865871148,0.837635655,0.369068103,0.831652598,0.700076026,0.663321997,0.012104193,0.762245158,1.992132107,0.758312269,1.504715482,0.831814941,0.550933526,1.52151258,2.002385605,1.611049994,1.439348152,0.181787578,0.019979521,0.039021852,0.023890785,0.021296986,0.100348268,0.07889287,0.129639738,0.225238233,0.229137199,0.052146229,0.111127797,0.081124932,0.083777353,0.078114387,0,0.003137255,0.0508647,0.031214529,0.007937925,0.819773557,0.284712336,2.47882937,1.462666212,1.445501586,0.953002138,1.496511201,2.060626139,1.742238106,0.025334781,0.512248667,0.129981187,0.928233242,0.443895601,0.394125177,0.160067651,1.301563663,1.311693414,1.072788992,0.141187926,0.00284309,1.004505927,0.969468052,0.800259794,0.861022436,0.932943011,0.546954668,0.985872236,0.887441024,1.104360257,0.744286507,0,1.059558668,1.13960114,2.886597938,2.403375068,2.202757036,3.755123628,2.505955512,2.029279219,2.146376771,2.828520919,0.004752061,3.984396768,2.522167488,0.080855599,0.092028691,0.04477779,0.023497897,0.046924008,0.047627771,0.026094331,0.03347535,0.009235103,0.079720703,0.052768983,0.056186088,0.082206796,0.068166326,0.06828481,0.020544126,0.491526667,0.954932674,0.293786083,0.111465381,0.708594677,1.926883991,0.871504546,0.831612593,0.18621107,0.296524971,0.067922054,0.133737518,0.513978431,0.417016236,1.427464152,0.112698465,1.552401892,0.66082379,0.859683213,0.131053011,0.250829355,0.117653077,1.448006802,0.089357099,0.271898124,0.317075445,0.741362833,0.619964974,0.18776824,0.020358306,0.156130859,0.034535807,0.042080085,0.085313833,0.049738871,0.040870922,0.201104245,0.08616013,0.036140224,0.098016021,0,0.009671648,0.005513439,0.063387424,0.006444822,0.028739761,0.284953231,0.224025188,0.27356547,0.057783731,0.036841742,0.258281301,0.119810387,0.017640573,0.002121206,0.244203925,0.038025912,0,0.016853104,0.037516955,0.193804607,0.032639013,0.092066902,0.125351364,0.021050662,0,0.008797589,0.002313744,0.097014382,0,0.034880534,0,0.037519698,0.07960199,0.043781559,0.055213421,0.02189781,0,0.074084527,NA,NA,NA,NA,NA,NA,NA,NA,NA,NA,NA,NA,NA,NA,NA,NA,NA,NA,NA,NA,NA,NA,NA,NA,NA,NA,NA,NA,NA,NA,NA,NA,NA,NA,NA,NA,NA,NA,NA,NA,NA,NA,NA,NA,NA,NA,NA,NA,NA,NA,NA,NA,NA,NA,NA,NA,NA,NA,NA,NA,NA,NA,NA,NA,NA,NA,NA,NA,NA,NA,NA,NA,NA,NA,NA,NA,NA,NA,NA,NA,NA,NA,NA
Spirochaetales,0,0,0,0,0,0,0,0,0,0,0,0,0,0,0,0,0,0,0,0,0,0,0,0,0,0,0,0,0,0,0,0,0,0,0,0,0,0,0,0,0,0,0,0,0,0,0,0,0,0,0,0,0,0,0,0,0,0,0,0,0,0,0,0,0,0,0,0,0,0,0,0,0,0,0,0,0,0,0,0,0,0,0,0,0,0,0,0,0,0,0,0,0,0,0,0,0,0,0,0,0,0,0,0,0,0,0,0,0,0,0,0,0,0,0,0,0,0,0,0,0,0,0,0,0,0,0,0,0,0,0,0,0,0.02115199,0.005459186,0.002622504,0.007310369,0.013954354,0,0.004736755,0.007453138,0.003689356,0,0.006445791,0.012224531,0,0,0,0,0,0,0,0,0,3.615476001,0.020346139,0.027805314,0,0,0,0,0,0,0,0,0,0,0,0,0,0,0,0.018711918,0,0,0,0,0.007540016,0,0,0,0,0,0,0,0,0,0,0,0,0,0,0,0,0,0,0,0,0,0,0,0,0,0,0,0,0,0,0,0,0,0,0,0,0,0,0,0,0,0,0,0,0,0,0,0,0,0,0,0,0,0,0,0,0,0,0,0,0,0,0,0,0,0,0,0,0,0,0,0,0,0,0,0,0,0,0,0,0,0,0,0,0,0,0,0,0,0,0,0,0,0,0,0,0,0,0,0,0,0,0,0,0,0,0,0,0,0,0,0,0,0,0,0,0,0,0,0,0,0,0,0,0,0,0,0,0,0,0,0,0,0,0,0,0,0,0,0,0,0,0,0,0,0,0,0,0,0,0,0,0,0,0,0,0,0,0,0,0,0,0,0,0,0,0,0,0,0,0,0,0,0,0,0,0,0,0,0,0,0,0,0,0,0,0,0,0,0,0,0,0,0,0,NA,NA,NA,NA,NA,NA,NA,NA,NA,NA,NA,NA,NA,NA,NA,NA,NA,NA,NA,NA,NA,NA,NA,NA,NA,NA,NA,NA,NA,NA,NA,NA,NA,NA,NA,NA,NA,NA,NA,NA,NA,NA,NA,NA,NA,NA,NA,NA,NA,NA,NA,NA,NA,NA,NA,NA,NA,NA,NA,NA,NA,NA,NA,NA,NA,NA,NA,NA,NA,NA,NA,NA,NA,NA,NA,NA,NA,NA,NA,NA,NA,NA,NA
Vibrionales,0,0,0,0,0,0,0,0,0,0,0,0,0,0,0,0,0,0,0,0,0,0,0,0,0,0,0,0,0,0,0,0,0,0,0,0,0,0,0,0,0,0,0,0,0,0,0,0,0,0,0,0,0,0,0,0,0,0,0,0,0,0,0,0,0,0,0,0,0,0,0,0,0,0,0,0,0,0,0,0,0,0,0,0,0,0,0,0,0,0,0,0,0,0,0,0,0,0,0,0,0,0,0,0,0,0,0,0,0,0,0,0,0,0,0,0,0,0,0,0,0,0,0,0,0,0,0,0,0,0,0,0,0,0.001321999,0.11873729,0.001311252,0.001462074,0.009302903,0.032071079,0.002368377,0,0,0.003450259,0.001289158,0.880166254,0.004487273,0,0.003932106,0.007715752,0,0.001857528,0,0.001614883,0,0,0.010173069,0,0.066684132,0,0,0.004249713,0.001598287,0.005630631,0,0.001316656,0,0.200519441,0.012291304,0.008075479,0.006059431,0.001126951,0.001293561,0,0.03332487,0,0.068850938,0.001203992,0,0.0149695,0.012775471,0,0,0,0,0,0,0,0,0,0,0,0,0,0,0,0,0,0,0,0,0,0,0,0,0,0,0,0,0,0,0,0,0,0,0,0,0,0,0,0,0,0,0,0,0,0,0,0,0,0,0,0,0,0,0,0,0,0,0,0,0,0,0,0,0,0,0,0,0,0,0,0,0,0,0,0,0,0,0,0,0,0,0,0,0,0,0,0,0,0,0,0,0,0,0,0,0,0,0,0,0,0,0,0,0,0,0,0,0,0,0,0,0,0,0,0,0,0,0,0,0,0,0,0,0,0,0,0,0,0,0,0,0,0,0,0,0,0,0,0,0,0,0,0,0,0,0,0,0,0,0,0,0,0,0,0,0,0,0,0,0,0,0,0,0,0,0,0,0,0,0,0,0,0,0,0,0,0,0,0,0,0,0,0,0,0,0,0,0,0,0,0,0,NA,NA,NA,NA,NA,NA,NA,NA,NA,NA,NA,NA,NA,NA,NA,NA,NA,NA,NA,NA,NA,NA,NA,NA,NA,NA,NA,NA,NA,NA,NA,NA,NA,NA,NA,NA,NA,NA,NA,NA,NA,NA,NA,NA,NA,NA,NA,NA,NA,NA,NA,NA,NA,NA,NA,NA,NA,NA,NA,NA,NA,NA,NA,NA,NA,NA,NA,NA,NA,NA,NA,NA,NA,NA,NA,NA,NA,NA,NA,NA,NA,NA,NA
Xanthomonadales,0,0,0,0,0,0,0,0,0,0,0,0,0,0,0,0,0,0,0,0,0,0,0,0,0,0,0,0,0,0,0,0,0,0,0,0,0,0,0,0,0,0,0,0,0,0,0,0,0,0,0,0,0,0,0,0,0,0,0,0,0,0,0,0,0,0,0,0,0,0,0,0,0,0,0,0,0,0,0,0,0,0,0,0,0,0,0,0,0,0,0,0,0,0,0,0,0,0,0,0,0,0,0,0,0,0,0,0,0,0,0,0,0,0,0,0,0,0,0.266094824,0.389198539,0.284720025,0.007846368,0.08211529,0.011130368,0.023149797,0.017391304,0.015622017,0.009364027,1.440711967,1.221248221,0.006806309,0.0708115,0.001586395,0.125589942,0.025931132,0.015735022,0.019006959,0.085276606,0.003563453,0.163418042,0.23104729,0.06825309,0.426682001,0.01418074,0.276718936,0.035898184,0.016641278,0.027524739,0.016717462,0.006960395,0.046438191,0.008040894,0.008074414,0.011543345,0.357628385,0.233980595,0.016924974,0.040486794,0.134769253,1.201579827,0.106242829,0.031965733,0.036599099,0.014011686,0.007899934,0.003597252,0.895653502,0.047116665,0.017496871,0.02544961,1.071730433,0.305280315,0.028067877,0.068236638,0.012152736,0.038915747,0.014447909,0.012925742,0.00748475,0.067071223,0.189015787,0,0,0.027192722,0,0.002853393,0.005033093,0.099088387,0.062312691,0.049964088,0.062322554,0,0.050514328,0.039798355,0.167174482,0.110969317,0.051411099,0.089558529,0.069823695,0.16184856,0.015838824,0.171722954,0,0.010941318,0,0.069442515,0.129808202,0.010562729,0.13077715,0.053595355,0.19795447,0.034225645,0.277572583,0,0.00249744,0.034686091,0.020477816,0.00798637,0.00295142,0.003287203,0.01592067,0.020213688,0.110325318,0.041168076,0.027031086,0.020281233,0.184310177,0.006792555,0.002192309,0.00627451,0.007266386,0.034052213,0,0,0.010416305,0.032445411,0.034094783,0.043398431,0.003623582,0.00306035,0.066258075,0.029781848,0.018096272,0.003484685,7.371301522,0.039455104,0.010012683,0.013474365,0.003020144,0.005956813,0,0,0.002434275,0.00284309,0.117670694,0.154233554,0.324743105,0.325974552,0.320100681,0.14523655,0.061425061,0.243390998,0.02501787,0.052537871,0,0.039242914,0.183384091,0.003494671,0.002721829,0.002871913,0,0,0,0,0.006202897,0.002376031,0.002786291,0,0.124958653,0.067668155,0.106347252,0.046995794,0.041984639,0.036636747,0.07175941,0.036518564,0.002308776,0.082469692,0.041659723,0.028093044,0.036536354,0.048690233,0.04345397,0.220115634,0.044017313,0.017175048,0.119564103,0.502890323,0,0.042892966,0.096071367,0.070715357,0.018621107,0.018278937,0.018737118,0,0.008912921,0.017272862,0.012918228,0.079551858,0,0.022400806,0.061826532,0.003276325,0.010788359,0.040922809,0.840294103,0.395052439,0.08604371,0.003108583,0.017375691,0,0.036883047,0.003393051,0.00363095,0.009418857,0.006644224,0,0.8179281,0.003715538,0.010969322,0.389316144,0.010842067,0.003379863,0,0.174089656,0.019297037,0,0,0.011495905,0,0,0.003377351,0.002626533,0,0.090273076,0.002604574,0.068357222,0,6.343272333,0.005432273,0,0.002106638,0.025973276,0.21604448,0.002967183,0.003836121,0.003798526,0,0.002130334,0.026392768,0.032392411,0.143096214,0.704683153,0.004982933,0,0,0.009950249,0.008756312,0,0,0,0.063501023,NA,NA,NA,NA,NA,NA,NA,NA,NA,NA,NA,NA,NA,NA,NA,NA,NA,NA,NA,NA,NA,NA,NA,NA,NA,NA,NA,NA,NA,NA,NA,NA,NA,NA,NA,NA,NA,NA,NA,NA,NA,NA,NA,NA,NA,NA,NA,NA,NA,NA,NA,NA,NA,NA,NA,NA,NA,NA,NA,NA,NA,NA,NA,NA,NA,NA,NA,NA,NA,NA,NA,NA,NA,NA,NA,NA,NA,NA,NA,NA,NA,NA,NA
