func,CRR044580,CRR044581,CRR044582,CRR044583,CRR044584,CRR044585,CRR044586,CRR044587,CRR044588,CRR044589,CRR044590,CRR044591,CRR044592,CRR044593,CRR044594,CRR044595,CRR044596,CRR044597,CRR044598,CRR044599,CRR044600,CRR044601,CRR044602,CRR044603,CRR044706,CRR044707,CRR044708,CRR044709,CRR044710,CRR044711,CRR044712,CRR044713,CRR044714,CRR044715,CRR044716,CRR044717,CRR044718,CRR044719,CRR044720,CRR044721,CRR044722,CRR044738,CRR044739,CRR044740,CRR044741,CRR044742,CRR044743,CRR044744,CRR044745,CRR044746,CRR044747,CRR044748,CRR044749,CRR044750,CRR044751,CRR044752,CRR044768,CRR044769,CRR044770,CRR044771,CRR044772,CRR044773,CRR044774,CRR044775,CRR044776,CRR044777,CRR044778,CRR044779,CRR044780,CRR044781,CRR044782,CRR044800,CRR044801,CRR044802,CRR044803,CRR044804,CRR044805,CRR044806,CRR044807,CRR044808,CRR044809,CRR044810,CRR044811,CRR044812,CRR044813,CRR044814,CRR044815,CRR044816,CRR044847,CRR044848,CRR044849,CRR044850,CRR044851,CRR044852,CRR044853,CRR044854,CRR044855,CRR044856,CRR044857,CRR044858,CRR044859,CRR044860,CRR044861,CRR044862,CRR044877,CRR044878,CRR044879,CRR044880,CRR044881,CRR044882,CRR044883,CRR044884,CRR044885,CRR044886,CRR044887,CRR044888,CRR044889,CRR044890,CRR1570008,CRR1570009,CRR1570010,CRR734027,CRR734028,CRR734029,CRR734030,CRR734031,CRR734032,CRR734039,CRR734040,CRR734041,CRR734042,CRR734043,CRR734044,SRR22998144,SRR22998145,SRR22998146,SRR22998147,SRR22998148,SRR22998149,SRR22998150,SRR22998151,SRR22998152,SRR22998153,SRR22998154,SRR22998155,SRR22998156,SRR22998157,SRR22998158,SRR22998159,SRR22998160,SRR22998161,SRR22998162,SRR22998163,SRR22998164,SRR22998165,SRR22998166,SRR22998167,SRR22998168,SRR22998169,SRR22998170,SRR22998171,SRR22998172,SRR22998173,SRR22998174,SRR22998175,SRR22998176,SRR22998177,SRR22998178,SRR22998179,SRR22998180,SRR22998181,SRR22998182,SRR22998183,SRR22998184,SRR22998185,SRR22998186,SRR22998187,SRR22998188,SRR22998189,SRR22998190,SRR22998191,SRR26546401,SRR26546402,SRR26546403,SRR26546404,SRR26546405,SRR26546406,SRR26546407,SRR26546408,SRR26546409,SRR26546410,SRR26546411,SRR26546412,SRR26546413,SRR26546414,SRR26546415,SRR26546416,SRR26546417,SRR26546418,SRR26546419,SRR26546420,SRR26546421,SRR26546422,SRR26546423,SRR26546424,SRR26546425,SRR26546426,SRR26546427,SRR26546428,SRR26546429,SRR26546430,SRR26546431,SRR26546432,SRR26546433,SRR26546434,SRR26546435,SRR26546436,SRR26546437,SRR26546438,SRR26546439,SRR26546440,SRR26546441,SRR26546442,SRR26546443,SRR26546444,SRR26546445,SRR26546446,SRR26546447,SRR26546448,SRR26546449,SRR26546450,SRR26546451,SRR26546452,SRR26546453,SRR26546454,SRR26546455,SRR26546456,SRR26546457,SRR26546458,SRR26546459,SRR26546460,SRR26546461,SRR26546462,SRR26546463,SRR26546464,SRR26546465,SRR26546466,SRR26546467,SRR26546468,SRR26546469,SRR26546470,SRR26546471,SRR26546472,SRR26546473,SRR26546474,SRR26546475,SRR26546476,SRR26546477,SRR26546478,SRR26546479,SRR26546480,SRR26546481,SRR26546482,SRR26546483,SRR26546484,SRR26546485,SRR26546486,SRR26546487,SRR26546488,SRR26546489,SRR26546490,SRR26546491,SRR26546492,SRR26546493,SRR26546494,SRR26546495,SRR26546496,SRR26546497,SRR26546498,SRR26546499,SRR26546500,SRR26546501,SRR26546502,SRR26546503,SRR26546504,SRR26546505,SRR26546506,SRR26546507,SRR26546508,SRR26546509,SRR26546510,SRR26546511,SRR26546512,SRR26546513,SRR26546514,SRR26546515,SRR26546516,SRR26546517,SRR26546518,SRR26546519,SRR26546520,SRR26546521,SRR26546522,SRR26546523,SRR26546524,SRR26546525,SRR26546526,SRR26546527,SRR26546528,SRR26546529,SRR26546530,SRR26546531,SRR26546532,SRR26546533,SRR26546534,SRR26546535,SRR26546536,SRR26546537,SRR26546538,SRR26546539,SRR26546540,SRR26546541,SRR26546542,SRR26546543,SRR26546544,SRR26546545,SRR26546546,SRR26546547,SRR26546548,SRR26546549,SRR26546550,SRR26546551,SRR26546552,SRR26546553,SRR26546554,SRR26546555,SRR26546556,SRR26546557,SRR26546558,SRR26546559,SRR26546560,SRR26546561,SRR26546562,SRR26546563,SRR26546564,SRR26546565,SRR26546566,SRR26546567,SRR26546568,SRR26546569,SRR26546570,SRR26546571,SRR26546572,SRR26546573,SRR26546574,SRR26546575,SRR26546576,SRR26546577,SRR26546578,SRR26546579,SRR26546580,SRR26546581,SRR26546582,SRR26546583,SRR26546584,SRR26546585,SRR26546586,SRR26546587,SRR26546588,SRR26546589,SRR26546590,SRR26546591,SRR26546592,SRR31095547,SRR31095548,SRR31095550,SRR31095551,SRR31095552,SRR31095553,SRR31095554,SRR31095555,SRR31095557,SRR31095558,SRR31095559,SRR31095560,SRR31095561,SRR31095562,SRR31095564,SRR31095565,SRR31095566,SRR31095567,SRR31095568,SRR31095569,SRR31095570,SRR31095571,SRR31095572,SRR31095573,SRR31095574,SRR31095575,SRR31095576,SRR31095577,SRR31095578,SRR31095579,SRR31095580,SRR31095581,SRR31095582,SRR31095583,SRR31095584,SRR31095585,SRR31095586,SRR31095587,SRR31095588,SRR31095589,SRR31095590,SRR31095591,SRR31095592,SRR31095593,SRR31095594,SRR31095595,SRR31095596,SRR31095597,SRR31095598,SRR31095599,SRR31095600,SRR31095601,SRR31095602,SRR31095603,SRR31095604,SRR31095605,SRR31095606,SRR31095607,SRR31095608,SRR31095609,SRR31095610,SRR31095611,SRR31095612,SRR31095613,SRR31095614,SRR31095615,SRR31095616,SRR31095617,SRR31095618,SRR31095619,SRR31095620,SRR31095621,SRR31095623,SRR31095624,SRR31095625,SRR31095626,SRR31095627,SRR31095628,SRR31095629,SRR31095630,SRR31095631,SRR31095632,SRR31095633
methanogenesis,0,0,0,0,0,0,0,0,0,0,0,0,0,0,0,0,0,0,0,0,0,0,0,0,0,0,0,0,0,0,0,0,0,0,0,0,0,0,0,0,0,0,0,0,0,0,0,0,0,0,0,0,0,0,0,0,0,0,0,0,0,0,0,0,0,0,0,0,0,0,0,0,0,0,0,0,0,0,0,0,0,0,0,0,0,0,0,0,0,0,0,0,0,0,0,0,0,0,0,0,0,0,0,0,0,0,0,0,0,0,0,0,0,0,0,0,0,0,0,0,0,0,0,0,0,0,0,0,0,0,0,0,0,0.232298335,0.00937295,0.00338524,0,0,0.293242168,0.096795483,0.003580807,0,0.269737839,0,0.264531848,0.00791468,0.002482745,0.019895054,0.033815608,0.217201571,0.058493975,0.000855824,0.776124523,0.009444431,0.051068571,0.25503698,0.571030889,0.011483034,0.002199736,0,0.065158371,0.018195713,0.022054972,0.003318973,0.001014976,0.016704618,0.202542555,0.003970145,1.304659254,0.488212526,0.095845114,0.015196579,0.129811853,0.077129933,0.005284086,0.001924224,0.013025194,2.234786443,1.771515435,0.621661,0,0,0,0,0,0,0,0,0,0,0,0,0,0,0,0,0,0,0,0,0,0,0,0,0,0,0,0,0,0,0,0,0,0,0,0,0,0,0,0,0,0,0,0,0,0,0,0,0,0,0,0,0,0,0,0,0,0,0,0,0,0,0,0,0,0,0,0,0,0,0,0,0,0,0,0,0,0,0,0,0,0,0,0,0,0,0,0,0,0,0,0,0,0,0,0,0,0,0,0,0,0,0,0,0,0,0,0,0,0,0,0,0,0,0,0,0,0,0,0,0,0,0,0,0,0,0,0,0,0,0,0,0,0,0,0,0,0,0,0,0,0,0,0,0,0,0,0,0,0,0,0,0,0,0,0,0,0,0,0,0,0,0,0,0,0,0,0,0,0,0,0,0,0,0,0,0,0,0,0,0,0,0,0,0,0,0,0,0,0,0,0,0,NA,NA,NA,NA,NA,NA,NA,NA,NA,NA,NA,NA,NA,NA,NA,NA,NA,NA,NA,NA,NA,NA,NA,NA,NA,NA,NA,NA,NA,NA,NA,NA,NA,NA,NA,NA,NA,NA,NA,NA,NA,NA,NA,NA,NA,NA,NA,NA,NA,NA,NA,NA,NA,NA,NA,NA,NA,NA,NA,NA,NA,NA,NA,NA,NA,NA,NA,NA,NA,NA,NA,NA,NA,NA,NA,NA,NA,NA,NA,NA,NA,NA,NA
nitrification,15.91523895,9.89968321,14.6557377,11.37375814,18.73111782,13.09717257,11.13074205,8.192488263,9.692349578,9.632402995,10.82693947,9.960868018,12.57253385,17.1372549,11.08575341,15.71890145,14.88892859,18.27698873,11.09493448,10.62678582,16.04417671,9.555708233,10.66775244,15.95950996,0.641025641,0.961538462,2.459016393,0.985221675,0.837988827,0,0.686498856,0.635930048,0.606060606,0.36900369,0.614439324,0.892857143,0,0.480769231,0,0.37593985,0.692041522,0.332778702,0,0,0.123762376,0,0.18115942,0,0,0.137741047,0.181818182,0,0.367647059,0.202020202,0.147928994,0.191204589,0.198019802,0.215053763,0.175438596,0,0.526315789,0.384615385,0,0.186567164,0.236966825,0.152439024,0.566037736,0.455580866,0.414078675,0.501253133,0.280898876,0.363636364,0.809716599,0,0.4048583,0.647249191,0.662251656,0.540540541,1.072961373,0.36900369,0.628930818,0.537634409,1.680672269,0.873362445,0.195694716,0,0.209205021,0.466200466,0,1.294498382,0,1.398601399,0.427350427,0.793650794,1.276595745,0.865800866,1.19047619,0,0,0,0,0,1.648351648,0,0.463678516,0.294985251,0,0.247524752,0.276243094,0.367647059,1.648351648,0.220264317,0,0,0.334448161,0,0,0.784313725,1.588952993,1.546150972,0.994636255,0,0,0,0,0,0,0,0,0,0,0,0,2.322983349,0.541756491,0.29282329,0.037461818,0.737175982,0.060416728,0.321185011,0.624253999,0.143701757,0.730413699,0.457002241,0.657152802,0.089040147,0.045930781,0.121857203,0.016907804,0.075375888,0.090990628,0.02567471,0.192959136,0.023611078,0.759838438,1.520412768,1.545352344,0.162676312,0.712714474,0.024965049,0.961085973,0.407583973,0.099247374,0.00995692,0.012179712,0.05978495,0.02154708,0.158805781,3.511494645,0.50140746,0.471238479,1.41328181,0.39264079,1.327885598,0.022897705,0.025014913,1.146217111,1.55757843,1.017305893,0.881495872,1.030449313,0,0.00732118,0.010407271,0,0,0,0,0,0,0,0,0,0.002354714,0,0,0,0,0,0,0,0.012507192,0,0.005009518,0.005926394,0.006889583,0.008247933,0.005181526,0.003536756,0.009116601,0.012419532,0.001965293,0.003407794,0.026724697,0.003768323,0.018031013,0.002749065,0,0.005513996,0,0.004922552,0.006498711,0.008144483,0.003266586,0.009754194,0.002012315,0.009832842,0.007259177,0,0,0,0.004783087,0,0.003877171,0,0.003419037,0,0.018958244,0,0,0,0,0.003186134,0.010778475,0,0.002025809,0.019629012,0.048456656,0.004363382,0,0.004673116,0.005373166,0.005145092,0,0.004579698,0.007785939,0.001748771,0.001895663,0.011354604,0.001971842,0,0.002933584,0,0,0,0.006271427,0.002592353,0,0,0.002145278,0.001887113,0,0.001948178,0,0,0,0,0,0.008137524,0.004527345,0.005293619,0.001409304,0.001500015,0.006697625,0.003740765,0.001705699,0,0.003218073,0.004836759,0.004891171,0.007213056,0.007858701,0.005364519,0.002857061,0,0.002785438,0.002037448,0.005057146,0,0.003468368,0.018539977,0.047346617,0,0.080761947,0.001819704,0,0.013015326,0.006692097,0.020650064,0,0.056862238,0.02980093,0.051496252,0.003709749,0,0,0.014239605,0.006468515,0.077644775,0.005243289,0.004040894,0,0,0,0.022532672,0,0.002160247,0,0,0,0,0,0,0,0,0,0,0.003268294,0,0,0,0,0,0,0,0.00191011,0,0,0,0.004696269,0,0,0,0,0,0,0,0,0,0,0,0,0,0,0.006460366,0,0,0,0,0,0,0,0.006574478,NA,NA,NA,NA,NA,NA,NA,NA,NA,NA,NA,NA,NA,NA,NA,NA,NA,NA,NA,NA,NA,NA,NA,NA,NA,NA,NA,NA,NA,NA,NA,NA,NA,NA,NA,NA,NA,NA,NA,NA,NA,NA,NA,NA,NA,NA,NA,NA,NA,NA,NA,NA,NA,NA,NA,NA,NA,NA,NA,NA,NA,NA,NA,NA,NA,NA,NA,NA,NA,NA,NA,NA,NA,NA,NA,NA,NA,NA,NA,NA,NA,NA,NA
dark_sulfite_oxidation,0,0,0,0,0,0,0,0,0,0,0,0,0,0,0,0,0,0,0,0,0,0,0,0,0,0,0,0,0,0,0,0,0,0,0,0,0,0,0,0,0,0,0,0,0,0,0,0,0,0,0,0,0,0,0,0,0,0,0,0,0,0,0,0,0,0,0,0,0,0,0,0,0,0,0,0,0,0,0,0,0,0,0,0,0,0,0,0,0,0,0,0,0,0,0,0,0,0,0,0,0,0,0,0,0,0,0,0,0,0,0,0,0,0,0,0,0,0,0,0,0,0,0,0,0,0,0,0,0,0,0,0.060107148,0,0,0,0,0,0,0,0,0,0,0,0,0,0,0,0,0,0,0,0,0,0,0,0,0,0,0,0,0,0,0,0,0,0,0,0,0,0,0,0,0,0,0,0,0,0,0,0,0,0,0,0,0,0,0,0,0,0,0,0,0,0,0,0,0,0,0,0,0,0,0,0,0,0,0,0,0,0,0,0,0,0,0,0,0,0,0,0,0,0,0,0,0,0,0,0,0,0,0,0,0,0,0,0,0,0,0,0,0,0,0,0,0,0,0,0,0,0,0,0,0,0,0,0,0,0,0,0,0,0,0,0,0,0,0,0,0,0,0,0,0,0,0,0,0,0,0,0,0,0,0,0,0,0,0,0,0,0,0,0,0,0,0,0,0,0,0,0,0,0,0,0,0,0,0,0,0,0,0,0,0,0,0,0,0,0,0,0,0,0,0,0,0,0,0,0,0,0,0,0,0,0,0,0,0,0,0,0,0,0,0,0,0,0,0,0,0,0,0,0,0,0,0,0,0,0,0,0,0,0,0,0,0,0,0,0,0,0,0,0,0,NA,NA,NA,NA,NA,NA,NA,NA,NA,NA,NA,NA,NA,NA,NA,NA,NA,NA,NA,NA,NA,NA,NA,NA,NA,NA,NA,NA,NA,NA,NA,NA,NA,NA,NA,NA,NA,NA,NA,NA,NA,NA,NA,NA,NA,NA,NA,NA,NA,NA,NA,NA,NA,NA,NA,NA,NA,NA,NA,NA,NA,NA,NA,NA,NA,NA,NA,NA,NA,NA,NA,NA,NA,NA,NA,NA,NA,NA,NA,NA,NA,NA,NA
respiration_of_sulfur_compounds,7.394048693,4.936642027,5.770491803,7.776635834,5.975159449,9.977250569,7.126030624,3.638497653,6.425265451,5.820285909,5.399261154,5.22945571,4.835589942,7.584313725,6.977805671,7.229402262,6.75361801,6.081216243,5.416938601,5.124931607,6.834002677,6.486888813,6.496561708,7.156709711,1.602564103,0.480769231,2.049180328,1.477832512,0.837988827,1.438848921,0.915331808,0.635930048,0.606060606,1.47601476,0.614439324,0.892857143,0.795755968,1.923076923,0.495049505,1.127819549,0.692041522,0.998336106,0,0.517241379,0.866336634,1.168224299,0.724637681,1.101321586,0.936037441,0.137741047,0.545454545,0.76142132,0,0.404040404,0.73964497,1.147227533,0.99009901,0.430107527,0.877192982,1.524390244,1.754385965,0.384615385,0.564971751,0.746268657,0.473933649,0.457317073,1.509433962,0.683371298,1.6563147,1.002506266,1.123595506,1.818181818,0,0.431034483,1.214574899,0.647249191,0.993377483,1.081081081,1.072961373,2.58302583,1.257861635,3.225806452,1.680672269,1.746724891,1.369863014,1.209677419,1.673640167,0.932400932,0.566572238,0.970873786,1.851851852,1.748251748,0,2.380952381,1.276595745,0.432900433,0.396825397,1.731601732,0.921658986,1.474201474,0.996677741,1.41509434,0,0.995024876,2.936630603,0.884955752,2.052785924,0.495049505,0.276243094,1.102941176,0.274725275,0.220264317,0.186567164,0.440528634,0.16722408,0.574712644,1.52284264,1.568627451,0,0,0,0,0,0,0,0,0,0,0,0,0,0,0,0.558579966,1.274721155,0.599187542,0.059074405,1.281854971,1.383690431,0.268387475,0.553831463,0.240187223,1.462342779,4.036120754,1.446571528,1.60272265,0.037241174,0.701300639,0.138885534,0.210259055,0.076692101,0.069321717,0.474536541,0.083819328,1.392779214,3.066329233,0.852977391,0.361715565,1.216454026,0.252979163,0.828959276,2.649295826,0.308769608,0.047793215,0.054808702,0.109898805,1.006248653,0.337462284,1.197216727,0.409042928,1.337039344,2.546512385,2.065771339,2.080423589,0.039630642,0.721584021,1.38811358,1.086682626,3.05191768,3.399708596,0.420844164,0,0,0.017345452,0,0.001992111,0.001690131,0,0,0,0,0,0,0,0,0,0,0,0,0,0.008606222,0.007504315,0,0.012523795,0.009877324,0.004593055,0.010309916,0.008635877,0.001768378,0.00227915,0.004139844,0.003930586,0.00511169,0,0,0,0,0,0,0,0,0,0,0,0,0,0,0,0,0,0,0,0,0.003877171,0,0,0.004465482,0.014218683,0.00397109,0,0,0,0,0.002694619,0.001822257,0.008103235,0.003271502,0.004845666,0.015271839,0,0,0,0,0,0.004579698,0.020762503,0.003497543,0.009478314,0.013625525,0.005915526,0.002207311,0,0,0.002163144,0,0.010452379,0.018146468,0,0.00201491,0,0,0.002269375,0,0.001945033,0,0,0,0.00397109,0,0,0,0,0,0,0,0,0,0,0,0,0,0,0,0,0,0,0,0,0,0.010405105,0.037079954,0.055237719,0,0,0,0,0,0,0,0.002766481,0.020677178,0,0.045774446,0,0,0,0,0,0,0.005243289,0,0.020990764,0,0,0,0,0,0.025575448,0,0,0,0,0,0,0,0,0,0,0,0.004378859,0.004052356,0,0,0.014524328,0,0,0.002403846,0,0,0,0,0.01039393,0,0,0.014545878,0,0,0.003167765,0,0,0,0,0.002903179,0,0,0,0,0,0,0,0,0,0,NA,NA,NA,NA,NA,NA,NA,NA,NA,NA,NA,NA,NA,NA,NA,NA,NA,NA,NA,NA,NA,NA,NA,NA,NA,NA,NA,NA,NA,NA,NA,NA,NA,NA,NA,NA,NA,NA,NA,NA,NA,NA,NA,NA,NA,NA,NA,NA,NA,NA,NA,NA,NA,NA,NA,NA,NA,NA,NA,NA,NA,NA,NA,NA,NA,NA,NA,NA,NA,NA,NA,NA,NA,NA,NA,NA,NA,NA,NA,NA,NA,NA,NA
dissimilatory_arsenate_reduction,0,0,0,0,0,0,0,0,0,0,0,0,0,0,0,0,0,0,0,0,0,0,0,0,0,0,0,0,0,0,0,0,0,0,0,0,0,0,0,0,0,0,0,0,0,0,0,0,0,0,0,0,0,0,0,0,0,0,0,0,0,0,0,0,0,0,0,0,0,0,0,0,0,0,0,0,0,0,0,0,0,0,0,0,0,0,0,0,0,0,0,0,0,0,0,0,0,0,0,0,0,0,0,0,0,0,0,0,0,0,0,0,0,0,0,0,0,0,0,0,0,0,0,0,0,0,0,0,0,0,0,0,0,0,0,0,0,0,0,0,0,0,0,0,0,0,0,0,0,0,0,0,0,0,0,0,0,0,0,0,0,0,0,0,0,0,0,0,0,0,0,0,0,0,0,0,0,0,0,0,0,0.901973518,0.029284721,0.034690904,0.023927261,0.04781067,0.047323677,0.082357786,0.075198066,0.079069242,0.106680622,0.067089623,0.06427668,0.087124423,0.105844455,0.060207596,0.081566069,0.078423487,0.05150253,0.041158423,0.017212445,0.017510068,0.040644899,0.012523795,0.011852788,0.025261804,0.059797513,0.020726105,0.012378645,0.018233203,0.035188673,0.076646424,0.066451976,0.026724697,0.001884162,0.007212405,0.008247196,0.053585782,0,0.002576855,0.009845104,0.023828607,0.016288966,0,0.007803355,0.008049261,0.003933137,0.041135335,0,0,0.014601027,0.083704023,0.001002416,0.155086849,0.245255474,0.167532823,3.331249442,0.175363761,0.373282503,0.032506583,0.178189594,0.182270828,0.031861339,0.040419283,0.043734169,0.230942204,0.032715019,0.062993652,0.021816912,3.618597659,2.635637179,4.868088765,0.138917473,0.014366784,0.020608642,0.038929693,0.041970516,0.037913254,0.022709209,0.011831053,0.046353523,0.020535086,0.031461381,0.032447165,0.003983191,0.066895225,0.098509397,0.125526295,0.084626234,0.087956408,0.073597403,0.115738114,0.048704461,0.0233404,0.059752258,0.004399859,0.175639245,0.105233897,0.004068762,0.001509115,0.005293619,0.001409304,0.01200012,0.006697625,0.003740765,0.006822795,0.009479572,0.003218073,0.017734784,0.013043124,0.003606528,0.011788051,0.010729038,0.008571184,1.008722973,0.977688644,0.004074897,0.006742861,0.028587764,0.107519423,0.120509849,0.394555139,0.016919997,0,0.027295556,0.007813721,0.172453063,0.455062571,1.660265147,0.027664813,0.232618248,0.363571343,0.137323339,0.092743731,0.276956002,0.074965641,0.47702677,0.008085643,0.181171142,0.089135906,0.15759486,0.976070529,0.094274401,0.073877069,0.112663362,0.013583265,0.064807414,0.716112532,0.002846732,0.014038372,0.008049585,0.054840751,0.010257462,0.023990404,0,0.029815146,0.034228992,0.346439193,0.00213106,0.004378859,0.008104713,0,0,0.072621641,0.094562648,0.009550551,0.052884615,0.017063148,0.003162805,0.084532839,0.010841284,0.015590895,0.002315351,0.003116673,0.040728458,0,0.030770091,0.025342119,0,0.004894643,0,0.001284225,0.88256641,3.065920561,0.019381097,0,0.020478015,0.048148683,0.09802053,0.270413079,0.026618914,0,0.017531941,NA,NA,NA,NA,NA,NA,NA,NA,NA,NA,NA,NA,NA,NA,NA,NA,NA,NA,NA,NA,NA,NA,NA,NA,NA,NA,NA,NA,NA,NA,NA,NA,NA,NA,NA,NA,NA,NA,NA,NA,NA,NA,NA,NA,NA,NA,NA,NA,NA,NA,NA,NA,NA,NA,NA,NA,NA,NA,NA,NA,NA,NA,NA,NA,NA,NA,NA,NA,NA,NA,NA,NA,NA,NA,NA,NA,NA,NA,NA,NA,NA,NA,NA
dissimilatory_arsenite_oxidation,0,0,0,0,0,0,0,0,0,0,0,0,0,0,0,0,0,0,0,0,0,0,0,0,0,0,0,0,0,0,0,0,0,0,0,0,0,0,0,0,0,0,0,0,0,0,0,0,0,0,0,0,0,0,0,0,0,0,0,0,0,0,0,0,0,0,0,0,0,0,0,0,0,0,0,0,0,0,0,0,0,0,0,0,0,0,0,0,0,0,0,0,0,0,0,0,0,0,0,0,0,0,0,0,0,0,0,0,0,0,0,0,0,0,0,0,0,0,0.009458054,0.004671151,0.041660157,6.737321508,4.744725437,0.884880275,0.414124403,0.355250857,3.337648917,0.374577832,0.23703024,6.222205566,0.096189018,0.203841631,0.568973525,0.161367546,0.209954073,0.00169262,0.010085874,0.061249043,0.0692582,0.096795483,0.004774409,0.002052882,0.01363843,0.006591378,0,0.00197867,0.00496549,0.004973763,0.047100312,0.000991788,0.003899598,0.002567471,0.008575962,0.002361108,0.00619013,0.003923646,0.012491301,0.007655356,0.004399472,0.011650356,0.012669683,0.065504567,0.024811844,0.005310357,0.01014976,0.018462999,0.01077354,0.007940289,0.003410874,0.004398311,0.182105717,0.701213555,0.206737395,0.100060453,0.00044034,0.005772672,0.199099401,0.003149805,0,0.002428363,0,0.025255259,0.021963541,0.017345452,0.015951507,0.127495119,0.016901313,0.473557268,0.265878877,0.256975037,0.503210483,0,0.186609716,0.202505416,0.361251726,0.134865015,0.159153304,0.376030565,0.080612656,0.578088753,0.159215113,0.237636641,0,0.303075844,0.673633472,0.594800661,0.783553622,0.221078448,0.145006985,0.512808825,0.834178551,0.347856848,0.528208012,0,0,0,0,0.002976988,0,0.002576855,0,0,0,0,0,0,0,0,0,0,0,0,0.001002416,0.003877171,0.005839416,0.003419037,0.008930964,0.009479122,0.039710905,0.006501317,0.003959769,0,0,0.02425157,0.931173351,0.008103235,0.003271502,0.014536997,0.004363382,0.021475357,0.004673116,0.005373166,0.015435275,0,0.58391152,0.428226623,0.734484025,1.353503185,0.892471897,0.530425524,0.624668903,0.733395916,0.364427665,0.504012633,0,0.240404716,0.583279326,0.049687492,0.447310095,0.20809199,0.032080919,0.190627482,0.091564387,0.038900667,0.01838531,0,0.030634752,0.107219442,0,0.001509115,0.00176454,0.001409304,0.00300003,0,0,0,0.004739786,0.001609036,0.001612253,0,0,0,0,0,0.037206995,0.055708755,0.352478556,0.264657294,0.009529255,0.027746948,0.046349942,0.031564411,0.019739996,0.061267684,0,1.000156274,0.013015326,0.013384193,0.024780077,0,0.020677178,0,0.011443612,0.107582727,0.031472273,0.002082379,0.06645149,0.008085643,0.012940796,0.002621644,0.05253162,0,0.069134561,0.036938534,0.067598017,0.013583265,0,0.10230179,0.037007515,0.004679457,0.020123964,0.396540814,0.005128731,0.027988804,0.015858653,0.019876764,0.002444928,0.006536589,0.00426212,0,0.048628277,0,0,0.014524328,0,0.452696121,0.052884615,0.049767515,0,0.004696269,0.037944493,0.03118179,0,0,0.02618258,0.018847604,5.661696831,0.601875317,0,0,0.002703031,0,0.060966759,0.449755511,0.058143291,0.005129784,0.008776292,0.067408156,0.114357285,0.071488515,0.002419901,0,0,NA,NA,NA,NA,NA,NA,NA,NA,NA,NA,NA,NA,NA,NA,NA,NA,NA,NA,NA,NA,NA,NA,NA,NA,NA,NA,NA,NA,NA,NA,NA,NA,NA,NA,NA,NA,NA,NA,NA,NA,NA,NA,NA,NA,NA,NA,NA,NA,NA,NA,NA,NA,NA,NA,NA,NA,NA,NA,NA,NA,NA,NA,NA,NA,NA,NA,NA,NA,NA,NA,NA,NA,NA,NA,NA,NA,NA,NA,NA,NA,NA,NA,NA
dark_hydrogen_oxidation,0.360685302,0.316789863,0.62295082,1.027749229,0.939912722,0.227494313,0.441696113,0.798122066,0.626191124,0.714771954,0.880932083,0.675916044,0.419084462,0.31372549,0.855822445,2.374798061,0.321600858,0.320064013,0.923741152,0.243175877,0.394912985,1.614565441,0.778139703,0.534506409,0.320512821,0,0,0,0.279329609,0,0,0.158982512,0,0,0,0,0,0,0,0,0.346020761,0,0,0.172413793,0,0,0.18115942,0,0,0,0,0,0,0,0,0.191204589,0,0,0.175438596,0,0,0,0,0.559701493,0,0,0,0,0,0,0.140449438,0,0,0,0,0,0,0,0,0,0,0,0,0,0,0,0,0,0,0,0,0,0.427350427,0,0.425531915,0.432900433,0,0,0.460829493,0,0,0,0,0,0,0,0,0,0,0,0,0,0,0,0,0,0,0,0,0,0,0,0,0,0,0,0,0,0,0,0,0.094080753,0,0.305002394,1.666510451,0.076167908,0.119589649,0.336869736,0.711738528,2.145633204,0.894008116,0.328461159,1.118351265,2.326756602,21.09293422,0.728150537,0.107999404,0.385466663,0.146131736,0.205300115,0.152084335,0.045786566,0.628903849,0.129860931,1.012086229,1.441939851,2.594621603,0.646877572,0.915090189,0.700685707,1.129411765,0.185596274,0.107517989,0.01858625,0.016239616,0.1195699,4.669252316,1.643639828,11.23200764,3.476864884,2.116579607,1.474068124,0.939132665,0.723353693,0.01893464,0.257846024,5.334747497,3.527781278,3.753507951,1.61971831,0.027849981,0.025255259,0.01464236,0.027752723,0.055830276,0,0.005070394,0,0,0,0.002012842,0,0.004146883,0.007064142,0.006902899,0,0,0.004021717,0,0.00748335,0,0.057533082,0,0.015028554,0.003950929,0.009186111,0.028867765,0.005181526,0.003536756,0.004558301,0.012419532,0.007861172,0.03748573,0,0,0,0,0.005953976,0,0,0,0,0,0,0,0,0,0,0,0.002382087,0.02190154,0,0.001002416,0.093052109,0.099270073,0.027352298,0.638563901,0.431300062,0.115161623,0.003250658,0.003959769,0,0,0.126647086,0.012755799,0.018232279,0.399123237,0.47972089,0.065450737,0.654998389,0.733679144,3.003600021,0.066886191,0.001795848,0.22898491,0.482728193,0.480912159,0.443585077,0.39741115,0.690144733,0.256048031,0.137878432,0.070788108,0.067057475,0,0.66059035,0.886584576,0.005230262,0.004029821,0.004290556,0,0.002269375,0.001948178,0,0,0.00219993,0,0,0,0,0,0,0,0,0,0,0.002369893,0,0,0,0,0,0,0,0.004134111,0.008356313,0.050936207,0.030342874,0.006352837,0.350305216,0.58400927,0.248569738,0.093059981,0.426088894,0,0.984528833,0.286337162,0.247607575,0.094990294,0.027664813,2.667355906,0.89998808,0.486353493,0.025968245,0.056650091,0,0.05695842,0.056599502,0.019411194,0.099622483,0.294985251,0.094458438,0.163408962,0.036938534,0.923839567,0.224123879,0,1.202046036,0.002846732,0,0,0.012655558,0.010257462,0.007996801,0.003731448,0,0,0,0.008524241,0,0,0.008848383,0.005331059,0.029048656,0.047281324,0.055393196,0.016826923,0.017063148,0,0.054007091,0.010841284,0.119530194,0.002315351,0.003116673,0.05236516,0.026925148,5.395955132,0.319944247,0,0,0.004054547,0.001284225,1.265786036,0.092827446,0.419923768,0,0.011701723,0.009629737,0.008168377,0.003108196,0,0,0,NA,NA,NA,NA,NA,NA,NA,NA,NA,NA,NA,NA,NA,NA,NA,NA,NA,NA,NA,NA,NA,NA,NA,NA,NA,NA,NA,NA,NA,NA,NA,NA,NA,NA,NA,NA,NA,NA,NA,NA,NA,NA,NA,NA,NA,NA,NA,NA,NA,NA,NA,NA,NA,NA,NA,NA,NA,NA,NA,NA,NA,NA,NA,NA,NA,NA,NA,NA,NA,NA,NA,NA,NA,NA,NA,NA,NA,NA,NA,NA,NA,NA,NA
nitrogen_fixation,3.381424707,4.963041183,4.754098361,3.871188763,4.061765693,6.337341566,4.034157833,4.248826291,3.866049551,4.288631722,4.290991759,5.051583067,4.996776273,5.301960784,4.13076967,4.143780291,4.454767435,5.621124225,3.905818565,3.969846191,4.323962517,5.221573342,4.288816504,4.186178516,10.8974359,7.692307692,6.967213115,5.418719212,2.51396648,7.913669065,3.661327231,5.882352941,5.151515152,8.671586716,5.529953917,7.589285714,5.570291777,8.173076923,7.920792079,7.894736842,7.266435986,6.821963394,10.16949153,8.793103448,7.054455446,7.009345794,5.253623188,4.405286344,8.736349454,17.21763085,9.818181818,10.15228426,3.308823529,9.292929293,4.585798817,8.030592734,9.702970297,8.602150538,8.245614035,6.707317073,7.368421053,6.730769231,5.225988701,8.768656716,4.739336493,11.2804878,7.547169811,5.239179954,7.453416149,9.273182957,10.11235955,12.36363636,8.097165992,10.34482759,5.263157895,9.708737864,5.298013245,2.432432432,7.725321888,6.642066421,6.289308176,6.989247312,3.781512605,8.296943231,11.15459883,4.838709677,5.648535565,3.72960373,10.4815864,5.825242718,13.75661376,8.391608392,7.692307692,11.9047619,6.808510638,10.38961039,9.523809524,12.55411255,1.382488479,10.07371007,7.3089701,8.490566038,9.340659341,8.457711443,5.7187017,6.194690265,7.917888563,6.930693069,10.22099448,6.617647059,2.472527473,4.405286344,1.119402985,5.726872247,8.695652174,3.448275862,5.076142132,4.705882353,0,0,0,0,0,0,0,0,0,0,0,0,0,0,0,6.42278297,0.950417096,1.299932295,0.950953836,1.154981953,0.537856238,1.481264208,1.170923848,0.622023321,2.959539324,2.759590456,0.813087365,2.637567027,0.464273301,0.223819353,0.906982923,0.260840243,0.410757692,0.038512065,0.401640867,0.144027578,1.103390644,2.644537304,3.613554846,0.264109778,1.583809943,0.141468611,1.913122172,1.262782488,0.986959998,0.059077724,0.041106527,0.066818474,0.749838397,5.335874226,0.114264275,3.232758621,3.191642306,2.81570892,1.474406231,1.76565008,0.05636358,0.983278493,1.702578989,3.842761749,1.995634549,1.716852841,1.859759871,1.739004943,1.771725602,4.273919378,1.124581273,0.03187378,0.008450657,0.235307959,0.222908554,0.104484356,0.159014513,0.048129512,0.120259595,0.103607422,0.128854119,0.170989572,0.105439064,0.108586366,0.089569618,0.028062561,0.015060889,0.032518698,0.052499661,0.022542831,0.061239407,0.018372221,0.041239664,0.039725034,0.017683779,0.036466405,0.053817971,0.037340566,0.046005214,0.305425114,0.033914911,0.147854309,0.096217286,0.029769879,0.066167956,0.097920478,0.295353111,0.626042502,0.264695702,0.065331722,0.091689426,0.104640399,0.110127827,0.036295884,0,0.19533111,0.080305648,0.04783087,0.011026574,0.054280397,0.040875912,0.102571116,0.138429937,0.208540689,0.099277262,0.13002633,0.091074681,0.346759136,0.035047473,0.172455606,0.029156113,0.062800073,0.212647627,0.382807579,0.043633825,0.114535237,0.177578392,0.198807157,0.267544762,0.007183392,0.036637586,0.033739067,0.027980344,0.068243858,0.038605655,0.00985921,0.017658485,0.046937339,0.031461381,0.023794588,0.003983191,0.03971904,0.046662346,0.010460525,0.012089462,0.008581113,0.007548452,0.009077499,0.015585428,0.007780133,0.016087146,0.004399859,0.004084634,0.017869907,0.132234768,0.117710974,0.114695088,0.114153642,0.229502295,0.129487408,0.13466754,0.051170962,0.047397858,0.172166889,0.12898025,0.099453819,0.155080696,0.204326215,0.23335658,0.031427673,0.140559759,0.100275758,0.022411931,0.026971444,0.047646274,0.201165372,0.384704519,0.280134149,0.315839937,0.768630946,0.003639408,1.804969526,0.227768197,0.194070802,0.144550448,0.091293883,0.542775911,0.625819526,0.343308348,0.040807241,0.258072638,0.004164758,0.982532751,0.054982373,1.410546749,0.026216443,0.198003798,0.083963056,2.331720194,1.108156028,9.914375845,3.653898397,0.010801236,12.83887468,1.739353223,1.530182499,1.151090719,2.029107783,4.595343112,3.162734906,0.005597172,0.019876764,0.014669568,0.147073242,0.010655301,0.091956036,0.145884832,1.384771933,1.615310801,2.135076253,1.914893617,0.296067083,0.09375,0.021328935,0.004744208,0.091577242,1.092259324,0.535287392,0.062514471,0.096616852,0.311281783,0.49811524,5.835128255,1.387480993,0.015024264,0.003670982,0.006757579,0.003852674,3.852518508,2.318071281,3.798695006,0.471940084,0.713805108,0.847416823,1.004710431,0.17716719,0.026618914,0.002167998,0.265170608,NA,NA,NA,NA,NA,NA,NA,NA,NA,NA,NA,NA,NA,NA,NA,NA,NA,NA,NA,NA,NA,NA,NA,NA,NA,NA,NA,NA,NA,NA,NA,NA,NA,NA,NA,NA,NA,NA,NA,NA,NA,NA,NA,NA,NA,NA,NA,NA,NA,NA,NA,NA,NA,NA,NA,NA,NA,NA,NA,NA,NA,NA,NA,NA,NA,NA,NA,NA,NA,NA,NA,NA,NA,NA,NA,NA,NA,NA,NA,NA,NA,NA,NA
dark_oxidation_of_sulfur_compounds,0.991884581,0.263991552,0.950819672,6.920178143,0.604229607,0.552486188,0.294464075,0.305164319,0.190579907,0.340367597,0.767263427,0.213447172,0.451321728,0.329411765,0.570548297,1.066235864,0.387112143,0.286724011,0.421707917,0.133746732,0.287817938,0.423680293,0.868621064,0.586538007,0,0,0,0,0,0,0,0,0,0,0,0,0,0,0,0,0,0.166389351,0,0,0,0,0,0,0,0,0.181818182,0,0,0,0.147928994,0,0,0,0,0,0,0,0,0,0,0.152439024,0,0,0,0,0.140449438,0,0,0,0,0,0,0,0,0,0,0,0,0,0,0,0.209205021,0,0.283286119,0,0,0,0,0,0,0,0.396825397,0.432900433,0,0,0,0,0,0,0.154559505,0.294985251,0.586510264,0.247524752,0.552486188,0,0,0,0,0,0,0,0,0,0,0,0,0,0,0,0,0,0,0,0,0,0,0.060107148,0,2.230773323,2.459461993,1.63337847,0.246383494,6.971453571,1.243700451,1.010486177,1.147051802,0.379783216,2.53371723,2.665114031,1.260006961,3.070895744,0.693927206,2.695779762,0.806743798,0.754750664,2.091484577,0.115536195,0.997670197,0.214860813,1.917392717,2.597453554,2.937240136,20.49338769,2.039155301,2.318420877,4.309502262,2.532843262,0.978689383,0.754070721,0.321239895,0.127482614,1.137685844,1.532475782,1.364349546,6.214813512,0.527148129,3.595076309,3.828648354,2.582810448,0.099516947,1.364274856,3.639611477,3.280521608,1.952759588,1.158329286,4.10632504,0.126276293,0,0.010407271,0,0.001992111,0.001690131,0.026472145,0.013428226,0.008471705,0.024154103,0.00145847,0.010367206,0.011773571,0.011504832,0.009633215,0.011936498,0.01407601,0,0.00748335,0.015060889,0.002501438,0,0.002504759,0.021730112,0.009186111,0.024743799,0.013817403,0.012378645,0.020512353,0.01034961,0.011791758,0.011927278,0,0.001884162,0,0,0,0.003675998,0,0,0,0,0,0,0,0,0,0,0,0.012167522,0,0,0.03101737,0.017518248,0.017095186,0.053585782,0.090051661,0.031768724,0,0.003959769,0.03556504,0.003186134,0.037724664,0.001822257,0.012154853,0.114502568,0.135678635,0.004363382,0.021475357,0.046731156,0.010746333,0.030870549,0.001795848,0.027478189,0.015571877,0.010492629,0.024643615,0.036334734,0.011831053,0.004414621,0.008800751,0.010487127,0.01514201,0,0.014633331,0.01036941,0.002615131,0.00201491,0.004290556,0.003774226,0,0.003896357,0,0,0,0,0.001985545,0,0,0,0,0,0.002232542,0,0,0.002369893,0,0,0,0,0,0,0,0.008268221,0.008356313,0.018337035,0.008428576,0.009529255,0.048557159,0.106604867,0.110475439,0.011279998,0,0.005459111,0.007813721,0.048807471,0.026768387,0.045430141,0.005532963,0.118893771,0.214566694,0.085827087,0.011129248,0,0.010411895,0.078317828,0.0113199,0.012940796,0.007864933,0.020204469,0.031486146,0,0.014775414,0.045065345,0,0,0.051150895,0.005693464,0.009358914,0.024148756,0.054840751,0.010257462,0.015993603,0.000932862,0,0,0.013073177,0,0.008757718,0,0.004424191,0,0.043572985,0,0.024831433,0.019230769,0.007109645,0,0.007044403,0.046075455,0.015590895,0,0.003116673,0.008727527,0.002692515,0.044756497,0.003167765,0,0,0,0,0.119030338,0.121590879,0.058143291,0,0.008776292,0.014444605,0.332180685,0.37919995,0,0,0.002191493,NA,NA,NA,NA,NA,NA,NA,NA,NA,NA,NA,NA,NA,NA,NA,NA,NA,NA,NA,NA,NA,NA,NA,NA,NA,NA,NA,NA,NA,NA,NA,NA,NA,NA,NA,NA,NA,NA,NA,NA,NA,NA,NA,NA,NA,NA,NA,NA,NA,NA,NA,NA,NA,NA,NA,NA,NA,NA,NA,NA,NA,NA,NA,NA,NA,NA,NA,NA,NA,NA,NA,NA,NA,NA,NA,NA,NA,NA,NA,NA,NA,NA,NA
manganese_oxidation,0.180342651,0.501583949,0.327868852,0.171291538,0.201409869,0.064998375,0.294464075,0.375586854,0.24503131,0.272294078,0.369423132,0.177872643,0.419084462,0.125490196,0.336623495,0.105008078,0.238222857,0.180036007,0.276118279,0.212778892,0.207496653,0.1832131,0.248823742,0.22704697,0,0,0,0,0,0,0,0,0,0,0,0,0,0,0,0,0,0,0,0,0,0,0,0,0,0,0,0,0,0,0,0,0,0,0,0,0,0,0,0,0,0,0,0,0,0,0,0,0,0,0,0,0,0,0,0,0,0,0,0,0,0,0,0,0,0,0,0,0,0,0,0,0,0,0,0,0,0,0,0,0,0,0,0,0,0,0,0,0,0,0,0,0,0,0,0,0,0,0,0,0,0,0,0,0,0,0,0,0,1.913358041,1.11538101,4.529451591,1.14546712,2.159028765,1.447054316,9.673681895,0.53115302,1.276892757,4.229428701,4.624950565,0.978767838,1.135756544,0.914891504,9.467558628,0.877998116,0.913436744,0.109188754,0.023535151,0.274430771,0.205416381,7.07222334,0.847507504,0.506789914,0.359801726,0.890893093,0.862126356,0.466968326,0.636849958,0.576186144,0.030534554,0.025881887,0.071214426,1.029950442,0.591551532,3.963435432,1.244722027,0.359419179,2.110153485,0.568928491,0.273081653,0.016732938,3.929265524,1.453239552,0.319705178,2.773230433,1.636716853,0.139249907,0.591694628,0.263562486,0.464858114,0.454617961,0.101597673,0.072675647,0.111771281,0.096683228,0.059301932,0.070449468,0.024793991,0.058056356,0.091833851,0.080533824,0.036124557,0.045756575,0.026141162,0.035827847,0.041158423,0.006454667,0.017510068,0.022015987,0.007514277,0.029631971,0.011482638,0.026805782,0.024180455,0.014147023,0.029628954,0.039328517,0.025548808,0.015335071,0.225251021,0.009420809,0.039668229,0.027490653,0.002976988,0.016541989,0.010307419,0.05250722,0.132140459,0.124203368,0.014699637,0.039016777,0.034209361,0.033431662,0.036295884,0,0.004764173,0.019468036,0.021523892,0.003007247,0.213244417,0.105109489,0.160694748,0.232205055,0.928953979,0.26209197,0.614374411,0.344499881,0.440117365,0.022302938,0.110479373,0.069245768,0.103316249,0.170118101,0.334350923,0.08726765,0.16822363,0.313098743,0.236419322,0.144062564,0.003591696,0.080144718,0.121979705,0.09443366,0.343114953,0.179402748,0.07493,0.07063394,0.079206759,0.117980179,0.062731186,0.007966382,0.052261895,0.049254699,0.156907869,0.139028813,0.113699747,0.192485516,0.183819358,0.10130528,0.106976835,0.075839404,0.00219993,0.157258394,0.085378445,0.012206286,0.018109381,0.010587239,0.015502346,0.00600006,0.002232542,0.013092677,0.003411397,0.007109679,0.012872291,0.011285772,0.024455857,0.010819583,0.027505452,0.040233893,0.025713551,0.38033817,0.364892343,0.183370347,0.209028691,0.775046058,0.423140954,1.005793743,1.373051884,0.307379939,0.467862315,0.021836445,0.632911392,0.341652296,0.394833701,0.371701152,0.691620328,1.313000775,1.484086303,0.944097957,0.103872978,0.818279096,0.020823789,1.257831783,0.443093244,2.853445487,0.104865772,1.078918657,0.178421495,0.483941927,0.184692671,0.664713835,0.25129041,0.019442224,0.127877238,0.099635618,0.219934488,0.531272639,2.510018983,0.630833932,0.31187525,0.001865724,0.129198966,0.056233344,0.189561068,0.006393181,0.201427508,0.186408396,0.327390169,0.08529694,0.624546115,1.300236407,0.191011021,0.331730769,0.062564876,0.004744208,0.248902247,0.094861232,0.660014552,0.101875434,0.070125134,0.666201199,0.070005385,0.181823268,0.114039534,0.010516985,0.003670982,0.005406063,0.006421123,1.306430541,0.285019481,1.046579236,0.53862727,0.248661615,0.45741249,1.129958886,0.183383583,0.024199013,0.001083999,0.021914926,NA,NA,NA,NA,NA,NA,NA,NA,NA,NA,NA,NA,NA,NA,NA,NA,NA,NA,NA,NA,NA,NA,NA,NA,NA,NA,NA,NA,NA,NA,NA,NA,NA,NA,NA,NA,NA,NA,NA,NA,NA,NA,NA,NA,NA,NA,NA,NA,NA,NA,NA,NA,NA,NA,NA,NA,NA,NA,NA,NA,NA,NA,NA,NA,NA,NA,NA,NA,NA,NA,NA,NA,NA,NA,NA,NA,NA,NA,NA,NA,NA,NA,NA
manganese_respiration,0.180342651,0,0.06557377,0.308324769,0.100704935,0.194995125,0.176678445,0.023474178,0.054451402,0.102110279,0.227337312,0.035574529,0.096711799,0.164705882,0.176869972,0.121163166,0.119111429,0.093352004,0.070284653,0.091190954,0.127175368,0.114508187,0.20810713,0.156094792,0,0,0.409836066,0,0.279329609,0,0,0,0,0,0,0,0.265251989,0,0,0,0.346020761,0,0,0,0,0,0,0,0,0,0,0.507614213,0,0.404040404,0.147928994,0,0,0,0,0.304878049,0,0,0.141242938,0,0.236966825,0.152439024,0,0,0.207039337,0.250626566,0,0,0,0,0,0,0,0,0.429184549,0.36900369,0,0,0,0,0,0,0,0,0,0,0.529100529,0,0,0,0,0,0,0,0,0,0,0,0,0,0,0,0,0,0,0,0,0,0,0,0,0.287356322,0,0,0,0,0,0,0,0,0,0,0,0,0,0,0,0,0,0.148954657,0.063736058,0.006770481,0.005763357,0.054686646,0.002947157,0.118794456,0.009548818,0.022581705,0.006061524,0.002197126,0.006961364,0.00395734,0.001241372,0.037303225,0.003623101,0.003967152,0.005199464,0.007702413,0.004287981,0.010624985,0.01857039,0.200105938,0,0.051673652,0.006599208,0.013314693,0.219004525,0.385749118,0.03583933,0.011948304,0.003552416,0.004395952,0.409394527,0.019850723,0.008527185,0.0197924,0.64855194,0.590495626,0.312510016,0.214713056,0.007045448,0.017318017,0.18049198,0.015749024,0.001948862,0.157843613,0.058794405,0,0,0,0,0,0,0,0,0,0,0,0,0,0,0,0,0,0,0,0,0,0,0,0,0,0,0,0,0,0,0,0,0,0,0,0,0,0,0,0,0,0,0,0,0,0,0,0,0,0,0,0,0,0,0,0,0,0,0,0,0,0,0,0,0,0,0,0,0,0,0,0,0,0,0,0,0,0,0,0,0,0,0,0,0,0,0,0,0,0,0,0,0,0,0,0,0,0,0,0,0,0,0,0,0,0,0,0,0,0,0,0,0,0,0,0,0,0,0,0,0,0,0,0,0,0,0,0,0,0,0,0,0,0,0,0,0,0,0,0,0,0,0,0,0,0,0,0,0,0,0,0,0,0,0,0,0,0,0,0,0,0,0,0,0,0,0,0,0,0,0,0,0,0,0,0,0,0,0,0,0,0,0,0,0,0,0,0,0,0,0,0,NA,NA,NA,NA,NA,NA,NA,NA,NA,NA,NA,NA,NA,NA,NA,NA,NA,NA,NA,NA,NA,NA,NA,NA,NA,NA,NA,NA,NA,NA,NA,NA,NA,NA,NA,NA,NA,NA,NA,NA,NA,NA,NA,NA,NA,NA,NA,NA,NA,NA,NA,NA,NA,NA,NA,NA,NA,NA,NA,NA,NA,NA,NA,NA,NA,NA,NA,NA,NA,NA,NA,NA,NA,NA,NA,NA,NA,NA,NA,NA,NA,NA,NA
animal_parasites_or_symbionts,0.721370604,0.55438226,0.491803279,0.753682768,0.43638805,0.584985375,0.588928151,1.079812207,0.952899537,0.680735194,0.795680591,0.53361793,0.87040619,0.447058824,0.690363439,0.323101777,0.553868144,0.49343202,0.702846528,0.808559791,0.649263722,0.561090118,0.583604777,0.657490185,0.641025641,1.923076923,0.819672131,0.985221675,0,2.877697842,5.263157895,1.430842607,2.121212121,2.767527675,9.523809524,4.166666667,2.652519894,3.846153846,1.485148515,0.751879699,1.384083045,9.151414309,11.48775895,3.793103448,6.435643564,7.710280374,34.60144928,10.13215859,9.048361934,2.479338843,7.636363636,9.644670051,19.48529412,9.090909091,10.65088757,8.413001912,3.762376238,9.677419355,2.456140351,7.317073171,7.01754386,11.34615385,2.401129944,5.037313433,10.18957346,5.182926829,6.981132075,5.239179954,9.316770186,6.766917293,3.230337079,6.545454545,3.238866397,6.465517241,6.072874494,10.35598706,8.278145695,8.918918919,4.935622318,5.166051661,6.289308176,5.376344086,7.983193277,3.056768559,4.500978474,5.64516129,3.138075314,2.097902098,0.283286119,0.970873786,1.058201058,1.398601399,0.427350427,1.587301587,1.276595745,1.298701299,1.19047619,0.865800866,0.921658986,0.245700246,1.661129568,0.471698113,1.098901099,0.995024876,1.081916538,1.474926254,1.46627566,0.495049505,0.552486188,0,0.549450549,0,0.186567164,0.220264317,0.334448161,0,0,0,0.903244112,1.429372197,1.301879915,0.219155566,0.804876887,0.748416811,0.258137545,0.07790589,0.799372855,3.715075223,3.477717883,20.10318293,0.119220192,8.03083758,0.225783145,6.296880819,4.725841222,10.39945836,1.965304593,10.03171825,11.20067195,12.41035418,3.830269754,1.510921334,9.271101682,15.19532452,13.56909154,6.640416312,1.258751676,13.74996891,6.453950388,2.839489031,2.460646553,0.560136589,6.391950031,1.949094515,28.79029388,7.176348263,3.865165331,3.632466364,8.607567092,7.080087877,5.422624434,4.17045744,2.966393736,7.305723901,19.00441007,8.034042254,3.148028442,5.244560902,9.64765673,6.685432794,8.336927525,8.963810434,17.64319369,7.354443309,28.56884943,9.153533837,5.509657251,9.348620386,20.42212348,4.912578922,1.250154722,1.731789155,0.680869756,1.300908902,2.456532142,2.669429061,1.745905657,2.453085476,1.713441654,2.250649497,1.944405306,0.495879822,1.250285098,1.857869455,2.169811321,3.294559642,1.786495842,4.508345063,1.690626539,1.926962508,2.016007573,2.558971409,0.496206476,1.866045486,3.176547283,1.830332537,2.466131926,1.761718885,1.442996339,2.67344334,3.028295833,2.503783189,2.441684132,0.290153858,0.041451558,0.097367472,0.148449527,0.556696734,0.113955925,0.08245935,0.134549751,0.236119836,0.348176654,0.107797341,0.189231369,0.078480299,0.194690265,0.188738597,0.082556772,6.152929967,2.326430292,0.370689243,1.134734711,1.318238213,2.119708029,3.138676149,2.232740913,2.63045642,1.175442777,1.628579787,2.581769225,2.120565484,0.248518448,1.269165477,5.122364561,3.13392622,1.809140576,0.857682803,1.948250284,3.715236766,2.448712557,2.477029714,0.565960074,0.172401408,1.717386824,2.556383172,1.909658465,1.520321504,2.06426706,3.900303664,1.567190535,2.018305562,1.898169996,1.516364187,0.302722511,1.666109206,1.812054439,3.776249379,3.691315736,3.372377397,3.736483554,3.989560876,3.025521138,3.184019606,4.263093788,0.543382612,6.590556327,3.238424271,0.341776015,0.485935048,0.802865613,0.611638034,0.36900369,1.096177889,0.200130927,0.185921163,0.533225898,0.152858453,0.166062072,0.143474362,0.23081778,0.196467514,0.160935572,0.277134939,1.475877465,1.242305228,0.841466148,1.778429588,0.870338606,2.629023307,2.906141367,1.724205958,0.775499845,1.851954996,0.198347709,1.75027348,1.568346728,1.753329318,2.80014868,1.551996016,2.858619798,3.015854095,3.078331521,0.7159816,1.126707371,0.356086794,2.430225935,1.10611598,2.180524102,1.232172819,1.608275751,2.854743913,1.40783106,1.004728132,1.509689049,1.059494703,0.112332851,2.762148338,2.74140287,0.828263921,0.909603155,1.092596499,0.651348856,0.539784086,0.210826796,3.468495329,0.682134911,0.38239043,0.262120405,1.405613697,1.900555173,0.473388488,0.447808935,1.931735657,2.364066194,2.569098237,1.122596154,0.728027642,0.071163122,5.656655787,1.08141804,3.196133458,1.280388979,0.589051129,2.609530459,1.346257404,0.380430222,0.281931069,0.872909749,0.444188835,1.077158033,0.86813582,1.895775875,1.710116884,1.376057885,7.879347492,3.273557031,1.338533391,2.956952651,4.304851894,1.197851128,0.341459713,0.346255835,NA,NA,NA,NA,NA,NA,NA,NA,NA,NA,NA,NA,NA,NA,NA,NA,NA,NA,NA,NA,NA,NA,NA,NA,NA,NA,NA,NA,NA,NA,NA,NA,NA,NA,NA,NA,NA,NA,NA,NA,NA,NA,NA,NA,NA,NA,NA,NA,NA,NA,NA,NA,NA,NA,NA,NA,NA,NA,NA,NA,NA,NA,NA,NA,NA,NA,NA,NA,NA,NA,NA,NA,NA,NA,NA,NA,NA,NA,NA,NA,NA,NA,NA
plant_pathogen,0.045085663,0,0.032786885,0.034258308,0.033568312,0.032499188,0.029446408,0.023474178,0,0,0,0,0.032237266,0.007843137,0.005705483,0,0.023822286,0,0.005020332,0,0.013386881,0,0.009048136,0.00946029,0,0,0,0,0,0,0,0,0,0,0,0,0,0,0,0,0,0,0.188323917,0,0.371287129,0.46728972,0.362318841,0.440528634,0.780031201,0.688705234,0,1.015228426,0,0,0,0.956022945,0.198019802,0.215053763,0.175438596,1.524390244,0,0,0.564971751,0,0.236966825,0,0,0,0,0,0.280898876,0,0.4048583,2.586206897,0,0.323624595,0,0,0,0,0,0,0,0.873362445,0,0,0,0,1.416430595,2.265372168,0.529100529,0.699300699,0.427350427,5.555555556,2.978723404,1.731601732,3.174603175,2.164502165,0,0.245700246,0.664451827,0,1.098901099,0.497512438,0.772797527,0.884955752,0.879765396,0.495049505,1.657458564,1.102941176,0.824175824,1.101321586,0,1.101321586,1.170568562,0.287356322,1.015228426,0.392156863,1.442353164,1.676943199,4.11914805,7.295483341,20.63747202,28.11893644,18.72946633,39.04019944,25.26754641,2.097021799,24.88435218,9.936041573,32.70562096,5.57167124,18.47164164,1.739577607,2.551316899,1.426878808,0.360209786,2.124029312,5.03669211,1.419667082,1.249701599,0.268927574,1.80178815,1.102957332,0.661329621,0.195888324,0.295446646,0.313347094,1.641264704,1.634466616,1.995294485,0.521624524,5.171304833,1.80270583,0.750553243,1.828418967,2.248434126,1.129164992,2.177738671,0.723986419,3.690497738,3.493576913,1.957378767,7.258594481,18.87500063,7.864358499,2.232277526,3.982054947,1.681560816,1.235925405,3.03030303,3.087076395,1.067341902,5.870213254,28.51688926,1.926148281,3.059059953,3.08838352,0.724976614,1.355026712,1.380121302,3.586246708,6.823339922,3.822937626,3.971925347,26.13849157,17.1531428,8.638743455,8.755203438,8.338981136,10.8633079,2.889229199,8.619295445,9.941603089,13.22135297,9.385160032,13.37086699,11.76754474,9.570513682,10.89762778,18.10964327,15.26127523,1.566522151,23.06883078,13.16252148,11.65947088,16.2772955,21.39279422,23.88017472,19.78758319,12.39055288,13.06330209,12.46059739,0.248157905,0.003768323,0.223584565,0.120958874,9.124467863,0.792177477,0.177802974,0.024612759,0.034659792,0.120131126,0.454055467,0.060476005,0.028172415,0.01179941,1.255837588,0.154935312,27.31538828,27.81495632,2.480030612,41.33862609,0.666873449,2.633576642,0.847921225,0.656425828,1.218067207,3.292033993,0.48434808,0.704838837,0.560149373,0.691391066,17.86262833,10.10805984,1.095962563,0.687015409,2.107864515,9.385635745,1.016500233,0.738352259,0.671645801,1.579543116,1.422311616,14.41002038,12.33811736,13.86076281,11.41947225,11.7043261,13.50317467,10.98357761,11.76073692,15.85129254,20.18862619,4.232140368,13.42085459,11.93000648,16.8414446,17.41688495,17.27163513,20.63746674,21.3775105,22.11377362,20.61346352,19.36202974,1.621348117,17.77836778,24.16209991,17.17017597,8.686466256,3.423207228,3.086376256,9.316593166,17.74647258,0.57046666,0.400839204,5.649824628,0.273536179,0.736799678,0.497269096,0.699666396,0.273089845,0.225309801,0.394274449,6.862623507,1.944235537,4.142132393,14.79720846,3.948287911,3.853357381,2.753186559,2.556717301,11.74811765,13.2143255,0.906212469,4.000625098,1.213679107,2.556380914,2.734068476,9.84314051,0.687516154,0.61985934,0.806774618,14.40124648,10.88940643,0.514347591,3.467343839,1.468352793,0.944678098,2.527265101,3.681254293,2.308984047,7.296838665,3.92287234,0.754844525,2.798152676,0.149057052,2.173913043,0.162263721,0.187178287,0.104644611,0.932292765,1.389886142,0.199920032,10.97138912,1.401311866,0.22004352,0.424878256,3.239211508,12.1469545,7.124042631,3.043843738,1.119522337,6.870007262,2.505910165,3.824040647,1.682692308,0.132239396,1.514983791,5.579167352,12.79271466,1.824134705,1.210928456,35.14360069,12.56472916,5.689283791,1.675571345,1.403319818,3.125046951,4.500624067,6.216972334,0.326193045,0.943533169,1.102162487,0.956134117,9.428542116,13.28145569,7.795271799,5.619843712,1.513691605,0.815506727,7.676881551,11.53382569,NA,NA,NA,NA,NA,NA,NA,NA,NA,NA,NA,NA,NA,NA,NA,NA,NA,NA,NA,NA,NA,NA,NA,NA,NA,NA,NA,NA,NA,NA,NA,NA,NA,NA,NA,NA,NA,NA,NA,NA,NA,NA,NA,NA,NA,NA,NA,NA,NA,NA,NA,NA,NA,NA,NA,NA,NA,NA,NA,NA,NA,NA,NA,NA,NA,NA,NA,NA,NA,NA,NA,NA,NA,NA,NA,NA,NA,NA,NA,NA,NA,NA,NA
dark_iron_oxidation,0.090171326,0.026399155,0,0.171291538,0.067136623,0.097497563,0.382803298,0.070422535,0.108902804,0.374404357,0.795680591,0.106723586,0.096711799,0.258823529,0.148342557,0.2180937,0.946935858,0.133360005,0.291179276,0.455954769,0.133868809,0.131684415,0.167390518,0.033111017,0,0,0,0,0,0,0,0,0,0,0,0.148809524,0.265251989,0,0,0,0,0.166389351,0.188323917,0,0,0.23364486,0,0.220264317,0.15600624,0.550964187,0,1.015228426,0,0,0.591715976,0.382409178,0.198019802,0.430107527,0.175438596,0.609756098,0,0,0,0.186567164,0.236966825,0.304878049,0.188679245,0.227790433,0.207039337,0.250626566,0,0,0,0,0,0,0,0,0,0,0,0,0,0,0,0,0,0,0,0,0.264550265,0.34965035,0,0,0.85106383,0,0,0,0,0,0.332225914,0,0,0.497512438,0.309119011,0,0,0,0,0,0,0.220264317,0,0,0,0,0,0,0,0,0,0,0,0,0,0,0,0,0,0,0,0,0,0,0.00562377,0,0,0.004374932,0,0.001466598,0.009548818,0,0,0.002197126,0,0,0,0.002486882,0,0.001983576,0,0.000855824,0,0.001180554,0.049521039,0.001961823,0,0,0,0.001664337,0.074208145,0.029113141,0.005513743,0,0.001014976,0.001758381,0,0,0,0,0,0,0.080130773,0.072960747,0.00044034,0.001924224,0,0.003149805,0,0.004856727,0,0,0,0,0,0,0,0,0,0,0,0,0,0,0,0,0,0,0,0,0,0,0,0,0,0,0,0,0,0,0,0,0,0,0,0,0,0,0,0,0,0,0,0,0,0,0,0,0,0,0,0,0,0,0,0,0,0,0,0,0,0,0,0,0,0,0,0,0,0,0,0,0,0,0,0,0,0,0,0,0,0,0,0,0,0,0,0,0,0,0,0,0,0,0,0,0,0,0,0,0,0,0,0,0,0,0,0,0,0,0,0,0,0,0,0,0,0,0,0,0,0,0,0,0,0,0,0,0,0,0,0,0,0,0,0,0,0,0,0,0,0,0,0,0,0,0,0,0,0,0,0,0,0,0,0,0,0,0,0,0,0,0,0,0,0,0,0,0,0,0,0,0,0,0,0,0,0,0,0,0,0,0,0,0,0,0,0,0,0,0,0,0,NA,NA,NA,NA,NA,NA,NA,NA,NA,NA,NA,NA,NA,NA,NA,NA,NA,NA,NA,NA,NA,NA,NA,NA,NA,NA,NA,NA,NA,NA,NA,NA,NA,NA,NA,NA,NA,NA,NA,NA,NA,NA,NA,NA,NA,NA,NA,NA,NA,NA,NA,NA,NA,NA,NA,NA,NA,NA,NA,NA,NA,NA,NA,NA,NA,NA,NA,NA,NA,NA,NA,NA,NA,NA,NA,NA,NA,NA,NA,NA,NA,NA,NA
iron_respiration,5.275022543,3.326293559,3.868852459,6.200753683,5.135951662,3.867403315,5.212014134,4.178403756,5.526817316,5.003403676,5.882352941,4.411241551,3.707285622,3.921568627,5.808181663,6.615508885,4.115299863,3.874108155,4.096591194,3.422700468,3.688085676,6.572769953,6.460369164,4.763256232,0.320512821,0.480769231,0.409836066,0,0.837988827,0.35971223,0.457665904,0.317965024,1.212121212,0.73800738,0.153609831,0,0.530503979,0.961538462,1.485148515,0.751879699,0.692041522,0.166389351,0.564971751,0.689655172,0.742574257,1.168224299,0.724637681,0.660792952,0.780031201,0.137741047,0.909090909,0.507614213,0.735294118,1.01010101,0.73964497,1.7208413,0.99009901,0.430107527,0.701754386,0.914634146,0.701754386,0.576923077,0.141242938,1.119402985,0.710900474,0.914634146,0.943396226,0,0.82815735,0.501253133,0.561797753,0,1.214574899,0.431034483,0,1.294498382,1.324503311,0.810810811,1.072961373,0.36900369,1.257861635,0,0.840336134,3.056768559,0.391389432,1.612903226,1.255230126,0,0.566572238,0.970873786,1.058201058,1.398601399,0.854700855,0,0.425531915,1.298701299,0,0.432900433,1.382488479,0,0.332225914,0,0.549450549,0.995024876,0.463678516,2.949852507,1.173020528,0,0,0,0,0.220264317,0,0.220264317,0.501672241,0.287356322,1.015228426,0,0,0,0,0,0,0,0,0,0,0,0,0,0,0,0,8.178320004,6.48795576,4.453283683,0.345801395,2.174341026,1.840499838,0.783163452,2.399140606,0.886845131,1.868464919,2.638748517,1.332405151,0.833020044,0.121654501,0.358110965,0.146131736,0.258856667,0.21057831,0.050921508,0.483112502,0.099166529,3.229700243,6.942891335,6.70069059,0.321524947,1.093268808,0.329538646,1.78280543,0.782415663,0.267416536,0.023896607,0.045673919,0.109019615,1.611721612,0.599491822,6.142983832,1.02700563,10.24744014,1.40459805,1.633065162,0.863021409,0.030383493,1.543227693,4.722563358,0.464596195,1.713049579,1.342884896,0.894293848,0,0.029284721,0.017345452,0.023927261,0,0,0,0,0,0.002012842,0,0,0,0,0,0,0,0,0,0,0,0,0,0,0,0.002061983,0,0,0.00227915,0,0,0.001703897,0.114534418,0.007536647,0.018031013,0.019243457,0,0.001837999,0,0.016408506,0.051989689,0.040722416,0.013066344,0.027311744,0.014086208,0.019665683,0,0,0,0,0,0,0.003877171,0,0,0,0,0.00397109,0.035757241,0.047517225,0.186716458,0,0.035030045,0.001822257,0.012154853,0.006543004,0.014536997,0.026180295,0,0,0,0.005145092,0,0,0,0,0,0,0,0,0,0,0,0,0,0.002592353,0,0,0,0,0,0,0,0,0,0,0,0.006103143,0.00301823,0.008822699,0.008455825,0,0.002232542,0.003740765,0.006822795,0,0.004827109,0.004836759,0.003260781,0.014426111,0.015717401,0.018775817,0,0.004134111,0,0,0,0.006352837,0.003468368,0.013904983,0.015782206,0.005639999,0,0.003639408,0,0.003253831,0,0,0,0.031015766,0,0,0,0,0,0,0.001617129,0.019411194,0.002621644,0.028286257,0.031486146,0.043994721,0.036938534,0.078864353,0.006791633,0,0.025575448,0.076861763,0.168460459,0.056347098,0.042185193,0.13334701,0.135945622,0,0,0,0,0,0.008757718,0.016209426,0.101756404,0.229235526,0.043572985,0,0.00191011,0.002403846,0,0,0,0.002710321,0.01039393,0,0.003116673,0,0,0.013986405,0.044348708,0,0,0,0,0.089998548,0.001307429,0.458685962,0,0.008776292,0.014444605,0.002722792,0,0,0,0.004382985,NA,NA,NA,NA,NA,NA,NA,NA,NA,NA,NA,NA,NA,NA,NA,NA,NA,NA,NA,NA,NA,NA,NA,NA,NA,NA,NA,NA,NA,NA,NA,NA,NA,NA,NA,NA,NA,NA,NA,NA,NA,NA,NA,NA,NA,NA,NA,NA,NA,NA,NA,NA,NA,NA,NA,NA,NA,NA,NA,NA,NA,NA,NA,NA,NA,NA,NA,NA,NA,NA,NA,NA,NA,NA,NA,NA,NA,NA,NA,NA,NA,NA,NA
nitrate_reduction,14.51758341,12.3812038,16,11.6478246,15.00503525,12.54468638,12.8975265,11.05633803,11.81595426,12.45745405,12.47513498,13.80291711,14.18439716,12.85490196,13.55622753,13.70759289,13.27496873,13.39601254,17.40549224,17.73968022,17.43641232,14.69712584,13.48172277,17.13258597,21.47435897,14.42307692,20.90163934,28.07881773,25.97765363,26.97841727,11.21281465,11.28775835,24.84848485,25.27675277,10.75268817,16.2202381,27.5862069,21.15384615,17.82178218,20.67669173,14.18685121,2.662229617,7.532956685,5.172413793,2.722772277,5.607476636,6.15942029,8.810572687,4.992199688,5.23415978,7.272727273,10.40609137,13.23529412,7.272727273,4.142011834,6.309751434,9.702970297,5.376344086,5.263157895,7.012195122,6.49122807,7.115384615,4.378531073,7.649253731,2.369668246,5.792682927,4.339622642,4.783599089,6.625258799,5.764411028,3.93258427,17.81818182,4.048582996,10.77586207,7.692307692,7.443365696,12.25165563,3.243243243,4.935622318,12.91512915,10.6918239,13.44086022,5.882352941,7.860262009,26.22309198,6.85483871,4.60251046,4.428904429,9.065155807,12.29773463,10.58201058,14.33566434,11.11111111,11.9047619,12.76595745,15.58441558,7.142857143,12.98701299,5.99078341,7.862407862,11.96013289,8.018867925,18.13186813,5.472636816,5.100463679,9.439528024,7.624633431,10.14851485,9.944751381,11.76470588,6.593406593,7.04845815,3.917910448,6.387665198,11.37123746,8.045977011,14.21319797,8.62745098,0.879598979,1.289237668,1.406030308,0.106153477,1.350192885,1.961662296,1.89807018,0.735431599,1.560736896,0.259441204,1.084477068,0.971868286,0.123284516,1.236116556,0.089023069,3.597964286,6.645421314,4.637779282,1.126736211,6.398337526,6.589844095,4.971767984,2.803771783,1.771637379,7.816335808,4.600782177,5.454925165,5.490809078,1.344406376,3.827310935,2.030144199,5.336811203,18.1708284,32.07712683,14.73350199,4.771798928,3.406118943,5.326349244,4.175663377,2.252588467,5.840299164,7.336395713,9.547511312,16.60904691,5.080914179,19.00975114,12.74860568,7.306072568,18.36026718,6.395902811,9.195715942,4.391713582,6.017475759,7.064238109,3.210038783,7.243959892,4.070947657,7.631472609,4.942130922,5.245999748,4.154973495,6.352598349,22.9483847,2.969296821,0.82729336,1.307847082,2.249162546,2.029961353,1.107036017,2.435437379,1.283738418,2.211114876,2.389243373,31.62692336,1.523979349,1.514081191,1.900598251,2.665992342,8.433135718,7.261210537,1.504769582,7.627404026,8.842893412,6.941491358,32.72761143,5.67578399,4.798403824,5.451956642,6.532362827,8.478703928,8.016056871,4.464855502,7.360642504,6.825462335,8.996575167,12.02993166,26.41406338,23.62062748,24.81581262,3.822452443,26.89359825,22.31556163,36.01338934,35.74074475,37.9940138,43.14833567,40.56769411,44.68547511,45.11897738,29.05848477,48.14529992,4.268699381,5.404813472,10.54192376,4.36451849,9.809243176,17.80437956,12.32904814,3.599178351,4.36987535,1.143674053,0.663134285,1.841292469,0.889125989,11.56885235,6.547923796,19.37605919,1.754350424,1.491804888,2.335610796,2.864560607,5.89856473,5.743259031,4.438235452,0.674006997,37.4775519,4.888827826,6.397446212,7.808264694,7.07840461,7.730214602,13.53078046,10.99902878,8.366580615,7.026375125,3.679508534,25.20164904,10.86838364,6.939727803,2.073799001,2.714084223,2.409147466,1.371931083,2.602972881,2.074810053,2.213447961,2.426860938,13.41077086,4.043787272,2.616948614,21.99979656,29.32965109,39.96682665,39.90163056,32.58632586,21.36988748,42.8205368,44.48121173,16.0465447,42.57027466,43.03587263,43.13850167,41.60670814,40.99294682,18.29301003,4.211308248,1.806606309,0.960976017,12.1615289,15.92495196,0.77186964,3.929661487,8.774044032,6.308936674,0.879839824,4.010248413,21.45612694,10.05625879,2.720203039,4.918691026,5.373146657,24.42802999,9.309899199,12.2660627,6.974881273,2.986348123,1.107824007,19.69097497,5.014714259,36.96270901,4.568100938,1.486472315,3.596395523,1.133501259,2.840801961,1.374113475,3.120775124,1.772616137,3.350543302,3.708439898,3.487246641,8.596162845,4.672784352,12.55853196,0.415427223,2.147141144,22.80754126,4.949314252,40.57846996,6.964735105,0.121470432,3.152778386,4.153665356,0.575144892,0.703699755,5.22875817,4.326241135,13.38796249,27.60817308,42.39623473,23.36364355,24.65306314,12.31569818,2.276270658,4.667747164,8.282557542,6.138360389,6.787829833,6.016951523,1.206918398,37.27369702,35.34421576,35.91517887,44.47012894,9.891130788,24.76270167,1.376057885,12.78855032,4.876693093,2.898550725,3.466114847,5.339881267,4.755105992,32.66631256,30.39161973,NA,NA,NA,NA,NA,NA,NA,NA,NA,NA,NA,NA,NA,NA,NA,NA,NA,NA,NA,NA,NA,NA,NA,NA,NA,NA,NA,NA,NA,NA,NA,NA,NA,NA,NA,NA,NA,NA,NA,NA,NA,NA,NA,NA,NA,NA,NA,NA,NA,NA,NA,NA,NA,NA,NA,NA,NA,NA,NA,NA,NA,NA,NA,NA,NA,NA,NA,NA,NA,NA,NA,NA,NA,NA,NA,NA,NA,NA,NA,NA,NA,NA,NA
nitrogen_respiration,2.61496844,1.927138332,3.31147541,3.220280918,2.853306479,8.709782255,1.766784452,2.253521127,2.232507487,2.382573179,3.211139528,2.810387762,2.578981302,4.690196078,2.538939921,3.44911147,2.096361146,1.833700073,2.083437924,1.063894462,1.921017403,3.675712813,2.424900471,2.771865096,8.012820513,3.846153846,6.147540984,3.448275862,2.51396648,6.834532374,2.974828375,4.769475358,3.636363636,6.273062731,3.379416283,6.547619048,4.24403183,6.730769231,4.455445545,4.887218045,4.498269896,0.332778702,0.564971751,3.448275862,0.247524752,2.336448598,0.905797101,1.101321586,0.31201248,0.550964187,4.727272727,1.015228426,2.205882353,2.222222222,0.295857988,1.338432122,7.128712871,2.580645161,2.807017544,1.524390244,4.210526316,3.846153846,2.401129944,7.089552239,1.184834123,3.81097561,2.641509434,2.505694761,5.383022774,4.511278195,2.247191011,2.909090909,1.214574899,2.586206897,2.429149798,2.265372168,2.649006623,1.351351351,3.21888412,3.32103321,3.144654088,1.612903226,1.260504202,3.493449782,10.37181996,1.209677419,3.138075314,2.331002331,0.566572238,0.323624595,3.439153439,2.097902098,3.846153846,0,2.978723404,3.463203463,0.793650794,0.432900433,0.921658986,2.457002457,1.661129568,0.471698113,3.296703297,2.487562189,1.081916538,2.064896755,1.759530792,1.237623762,0,0.367647059,0.274725275,0,0,0.220264317,0.501672241,0.287356322,0,0.392156863,0.851224818,1.181801196,1.051918971,0.027394446,1.285897985,1.903025651,1.852516496,0.677261868,1.522728083,0.018421861,1.036051535,0.90566132,0.040643247,0.219521756,0.033544924,2.893976203,4.23657325,1.753554502,0.80831076,2.631521382,4.400106098,1.657255995,1.694915254,0.541960913,3.312623125,0.733840137,3.085276714,1.569085261,0.400963305,1.9024645,0.722204778,4.610822391,14.98875616,31.67146641,11.83911496,4.203952495,1.389684149,2.907421576,2.965791681,1.11385428,2.762868456,3.811330804,5.277828054,7.78412606,1.924296309,19.06351851,12.01325559,6.556123122,8.293471235,5.367635382,6.235077427,1.781315975,4.755515088,3.061025118,1.971217026,3.96698005,3.812908141,1.031384094,3.483309144,4.334131284,2.067742438,2.57406508,6.27552915,0.829815637,0.366059009,0.627905363,0.821502632,0.111558229,0.042253283,1.4442026,0.77078018,1.298994691,1.360681146,2.25187778,0.957929876,0.784119808,1.019328118,0.394961828,6.145306967,2.827267243,0.741188589,6.948290055,7.610052068,5.280536308,1.644424875,4.516080553,2.496987416,4.243983098,4.750809328,7.280044216,7.092963624,2.354362294,5.052679514,4.997739913,6.56852221,0.125987859,0.13000716,0.47241255,0.802727073,0.657914322,13.11044535,1.633725874,0.100091888,0.082317007,0.158817421,0.11269722,0.107296137,0.044270938,0.159292035,1.928521306,0.273681353,3.837541687,4.940014114,3.4414311,4.293346966,0.620347395,3.252554745,3.326723195,1.219076538,0.985828712,0.274005242,0.035757241,0.138591906,0.128923268,0.726438539,5.095524238,16.34746797,0.788039625,0.477639284,0.910985124,0.791953923,0.855435055,1.121547736,3.164795014,0.349866228,0.524387616,3.640860067,3.459552049,6.190651068,5.232029117,5.933916203,9.313010214,9.383277415,6.712039427,5.555555556,2.470310844,4.365577264,9.467764863,5.63058976,0.047072361,0.132984082,0.083665851,0.018871129,0.043118121,0.142217027,0.322875537,0.096522878,0.290390707,0.049015603,0.551981574,11.09551419,11.26252565,5.672995483,6.324957369,4.075540755,5.177263797,0.628448518,0.411073396,0.447909754,0.445703068,0.517533253,0.420640743,0.766387161,0.312383347,0.686658441,0.702837062,0.926040762,0.448455475,7.528371468,13.56832204,0.619401563,1.633601554,1.719582851,1.349378576,0.414539917,2.963127994,1.981657386,8.665416471,0.654020109,1.023890785,0.615371908,8.581625031,3.809769966,1.722493742,1.172970189,2.600534204,0.30213382,1.62425555,2.631953674,2.506549371,1.908767389,0.29886745,0.719279105,0.199412259,1.445540821,0.709219858,0.867507886,0.536538984,0.179300512,0.869565217,1.275335914,0.397753861,0.13281816,2.412993039,0.061544774,0.411835266,22.67041055,1.838600676,0.259162368,0.098048828,0.063931806,1.628935499,0.048628277,0.048666106,0.021324235,3.180827887,0.520094563,8.001451684,1.53125,1.865570833,1.290424607,5.680137131,11.79802689,1.205695874,3.058578375,7.762073211,3.328096817,6.567043619,5.745615262,0.909148505,1.600084136,3.755414699,2.370558581,4.697693533,7.795035564,22.27466464,0.34239938,7.243254335,3.027820847,1.083345371,0.280447627,0.040406552,0.055657729,9.425372083,7.983607635,NA,NA,NA,NA,NA,NA,NA,NA,NA,NA,NA,NA,NA,NA,NA,NA,NA,NA,NA,NA,NA,NA,NA,NA,NA,NA,NA,NA,NA,NA,NA,NA,NA,NA,NA,NA,NA,NA,NA,NA,NA,NA,NA,NA,NA,NA,NA,NA,NA,NA,NA,NA,NA,NA,NA,NA,NA,NA,NA,NA,NA,NA,NA,NA,NA,NA,NA,NA,NA,NA,NA,NA,NA,NA,NA,NA,NA,NA,NA,NA,NA,NA,NA
fumarate_respiration,0.81154193,0.369588173,0.983606557,1.336073998,1.141322591,0.38999025,0.677267373,1.03286385,0.925673836,1.021102791,1.136686559,0.960512273,0.773694391,0.431372549,1.089747247,2.560581583,0.577690429,0.613456025,1.275164416,0.334366831,0.615796519,1.889385091,1.054107854,0.785204106,0.320512821,0,0,0,0.279329609,0,0,0.158982512,0,0,0.153609831,0,0,0,0,0,0.346020761,0,0,0.344827586,0,0,0.18115942,0,0,0,0,0,0,0.202020202,0,0.573613767,0.396039604,0,0.526315789,0,0,0,0,0.559701493,0,0,0,0,0,0,0.280898876,0,0,0.431034483,0,0,0,0,0,0,0,0,0,0,0,0,0,0,0,0,0,0,0.427350427,0,0.425531915,0.432900433,0,0,0.460829493,0,0,0,0,0,0,0,0,0,0,0,0,0,0,0,0,0,0,0,0.004729027,0.14480568,0.00520752,0,0,0,0,0,0,0,0,0,0,0,0,0.152501197,0.069359828,0.006770481,0.01729007,0.201246856,0.007367894,0.13199384,0.005968011,0.024634587,0.251553266,0.538295909,1.464671076,0.037594729,0.00993098,0.069632688,0.008453902,0.006942516,0.018198126,0.009841972,0.001429327,0.008263877,0.032498182,0.235418751,0.005353415,0.107174982,0.008798944,0.014979029,0.03800905,0.38938826,0.038596201,0.011948304,0.011672224,0.007912714,0.627020039,0.091313324,0.327443891,0.017593244,0.651746777,0.603521264,0.948748357,0.502386859,0.007485788,0.019242241,0.191656433,0.033072949,0.760056127,0.281690141,0.061888848,0.003607894,0,0.017345452,0,0,0,0.020589446,0.00537129,0.022591212,0.022141261,0.00145847,0.002073441,0.004709428,0.004601933,0,0.001989416,0.048260607,0.006717721,0.054254284,0,0,0,0,0,0,0,0,0,0.00227915,0,0,0.003407794,0,0,0,0,0,0,0,0,0.002166237,0,0,0.001950839,0,0,0,0.001130915,0.011910434,0.004867009,0,0.001002416,0.003877171,0,0.047866521,0.004465482,0,0,0,0.003959769,0,0,0.021556951,0.224137617,0.018232279,0.003271502,0,0.006545074,0,0,0,0.010290183,0.007183392,0,0,0,0,0,0.001971842,0,0,0,0,0.051781482,0,0,0,0.084626234,0.027888617,0,0,0,0,0,0,0,0,0.014240667,0.060364602,0.029997177,0.019730259,0.100501005,0.433113056,0.013092677,0.001705699,0.002369893,0.008045182,0.001612253,0.00163039,0.001803264,0.001964675,0,0,0.004134111,0.008356313,0.050936207,0.018542868,0.003176418,0.013873474,0.018539977,0.007891103,0.028199994,0.765846051,0,0.140646976,0.003253831,0,0.012390038,0.002766481,0.041354355,0.315889856,0.028609029,0,0,0,0.033225745,0.008085643,0.012940796,0.007864933,0.020204469,0,0.144554082,0.014775414,0.112663362,0.054333062,0.002160247,0.025575448,0.008540196,0,0.004024793,0.025311116,0.010257462,0.023990404,0.021455824,0.009938382,0,0,0,0.008757718,0,0.004424191,0,0.058097313,0,1.491796077,0.028846154,0.001421929,0,0,0.013551605,0.171499844,0.025468859,0.007791682,0.043637633,0.010770059,0.005594562,0.00633553,0.013521838,0.002447321,0.017569704,0.002568449,0.179997097,0.189577178,0.129207313,2.703395917,2.612409677,0.635562617,0,0,0,0.002167998,0.037255375,NA,NA,NA,NA,NA,NA,NA,NA,NA,NA,NA,NA,NA,NA,NA,NA,NA,NA,NA,NA,NA,NA,NA,NA,NA,NA,NA,NA,NA,NA,NA,NA,NA,NA,NA,NA,NA,NA,NA,NA,NA,NA,NA,NA,NA,NA,NA,NA,NA,NA,NA,NA,NA,NA,NA,NA,NA,NA,NA,NA,NA,NA,NA,NA,NA,NA,NA,NA,NA,NA,NA,NA,NA,NA,NA,NA,NA,NA,NA,NA,NA,NA,NA
intracellular_parasites,0.270513977,0.158394931,0.360655738,0.58239123,0.43638805,0.162495938,0.11778563,0.211267606,0.408385516,0.238257318,0.113668656,0.426894344,0.161186331,0.188235294,0.336623495,0.355411955,0.208445,0.266720011,0.23595562,0.261414068,0.408299866,0.326348334,0.25334781,0.316919729,0,0,0,0,0,0,0,0,0,0,0,0,0,0,0,0,0,0,0,0.344827586,0,0,0,0,0,0.137741047,0,0,0,0,0,0,0,0,0,0,0.175438596,0,0,0,0,0,0,0,0,0,0,0,0,0,0,0,0,0,0,0,0,0,0,0,0,0,0,0,0,0,0,0,0,0,0,0,0,0,0,0,0,0,0,0,0,0,0,0.247524752,0,0,0,0,0,0,0,0,0,0,0.004729027,0.322309417,0.083320315,0.01198507,0.004762585,0.011727329,0,0.00207749,0,0.00307031,0,0.001249188,0,0,0.001290189,0.088663487,0.821070391,0.176032498,0.007204196,0.02624959,0.020630102,0.017599179,0.022678444,0.03695188,0.01363843,0.002197126,0.011138183,0.745958567,0.048413526,0.022381935,0.006038501,0.028761852,0.055894243,0.005562854,0.09290625,0.016527755,0.092851948,0.017656406,0.024982601,0.120571855,0.008798944,1.419679116,0.36199095,0.185596274,0.270173407,0.00862933,0.006089856,0.007912714,0.004309416,0.019850723,0.017054369,0.875263899,1.190076836,0.00434188,0.075322927,0.089637489,0.005724426,0.075044738,0.11722675,0.006299609,0.266994075,0.320543953,0.018566654,0.418515712,8.463284281,7.011031707,1.842399107,0,0,0,0,0.005647803,0,0.052504922,0.11196583,0.018837713,0.011504832,0.002408304,0.003978833,0,0,0.001870837,0,0,0.089757485,0,0,0.002296528,0,0.029361981,0.001768378,0,0,0,0.001703897,0.01908907,0,0.007212405,0.005498131,0.050608794,0.005513996,0.005153709,0.009845104,0.019496133,0.008144483,0.001633293,0.009754194,0.004024631,0.001966568,0.002419726,0,0.047641734,0.068138126,0,0.002004832,0.011631514,0.064233577,0.017095186,0.008930964,0.037916489,0.007942181,0.438838865,0.027718381,0.102249489,0,0.196707176,0.027333856,0.08508397,0.029443518,0.062993652,0.028361986,0.021475357,0.014019347,0.005373166,0.056596007,0.001795848,0.002289849,0,0,0,0,0,0,0,0,0.004326289,0.009957977,0.002090476,0,0,0.006044731,0.004290556,0.003774226,0,0.003896357,0.0058351,0,0.004399859,0,0.00397109,0.006103143,0.001509115,0,0,0.001500015,0.004465083,0,0,0.011849464,0,0.004836759,0.004891171,0.001803264,0.00392935,0.00268226,0.002857061,0.020670553,0.022283502,0.077423035,0.045514312,0.038117019,0.163013319,0.885283893,0.11442099,0.236879953,1.437005681,0.001819704,0.125019534,0.09436111,0.254299672,0.119770371,0.035964257,0.067200827,0.041721302,0.057218058,0.011129248,0.119594637,0.002082379,0.016612873,0.069536531,4.503396959,0.078649329,0.505111731,0.199412259,0.67249073,0.302895981,3.323569175,2.411029612,0.004320494,2.046035806,0.022773856,0.060832943,0.072446269,0.72558532,2.697712586,0.963614554,0,0,0.009779712,0.303951368,0.00213106,0.056925165,0,0.561872318,0.719692931,1.07480029,0.756501182,0.571122954,0.096153846,0.011375432,0.001581403,0.10096978,0.146357329,0.254651284,0.006946052,0.316342273,3.095362774,0.236941303,0.400011189,0.982007096,0.009014559,0.006118304,0.002703031,0.001284225,1.364494121,0.039222864,0.471606693,0.164153073,0.070210338,0.322596177,0.530944537,0.270413079,0.031458716,0.001083999,0,NA,NA,NA,NA,NA,NA,NA,NA,NA,NA,NA,NA,NA,NA,NA,NA,NA,NA,NA,NA,NA,NA,NA,NA,NA,NA,NA,NA,NA,NA,NA,NA,NA,NA,NA,NA,NA,NA,NA,NA,NA,NA,NA,NA,NA,NA,NA,NA,NA,NA,NA,NA,NA,NA,NA,NA,NA,NA,NA,NA,NA,NA,NA,NA,NA,NA,NA,NA,NA,NA,NA,NA,NA,NA,NA,NA,NA,NA,NA,NA,NA,NA,NA
chlorate_reducers,0,0,0,0,0,0,0,0,0,0,0,0,0,0,0,0,0,0,0,0,0,0,0,0,0.320512821,0,0.409836066,0,0.279329609,0,0,0.317965024,0,0,0,0.148809524,0,0,0,0,0.346020761,0,0,0,0,0,0,0,0,0,0,0,0.367647059,0,0,0,0,0,0,0,0,0,0,0,0,0,0,0,0,0,0,0.363636364,0,0,0,0,0.662251656,0.27027027,0.858369099,0,0.628930818,0,0,0.873362445,0.195694716,0,0.209205021,0.233100233,0,0,0,0,0,0,0,0,0,0,0,0,0,0,0,0,0,0,0,0,0,0,0,0,0,0,0,0,0,0,0,0,0,0,0,0,0,0,0,0,0,0,0,0,0,0,0,0,0,0,0,0,0,0,0,0,0,0,0,0,0,0,0,0,0,0,0,0,0,0,0,0,0,0,0,0,0,0,0,0,0,0,0,0,0,0,0,0,0,0,0,0,0,0,0,0,0,0,0,0,0,0,0,0,0,0,0,0,0,0,0,0,0,0,0,0,0,0,0,0,0,0,0,0,0,0,0,0,0,0,0,0,0,0,0,0,0,0,0,0,0,0,0,0,0,0,0,0,0,0,0,0,0,0,0,0,0,0,0,0,0,0,0,0,0,0,0,0,0,0,0,0,0,0,0,0,0,0,0,0,0,0,0,0,0,0,0,0,0,0,0,0,0,0,0,0,0,0,0,0,0,0,0,0,0,0,0,0,0,0,0,0,0,0,0,0,0,0,0,0,0,0,0,0,0,0,0,0,0,0,0,0,0,0,0,0,0,0,0,0,0,0,0,0,0,0,0,0,0,0,0,0,0,0,0,0,0,0,0,0,0,0,0,0,0,0,0,0,0,0,0,0,0,0,0,0,0,0,0,0,0,0,0,0,0,NA,NA,NA,NA,NA,NA,NA,NA,NA,NA,NA,NA,NA,NA,NA,NA,NA,NA,NA,NA,NA,NA,NA,NA,NA,NA,NA,NA,NA,NA,NA,NA,NA,NA,NA,NA,NA,NA,NA,NA,NA,NA,NA,NA,NA,NA,NA,NA,NA,NA,NA,NA,NA,NA,NA,NA,NA,NA,NA,NA,NA,NA,NA,NA,NA,NA,NA,NA,NA,NA,NA,NA,NA,NA,NA,NA,NA,NA,NA,NA,NA,NA,NA
predatory_or_exoparasitic,5.500450857,6.546990496,6.229508197,5.858170606,4.162470628,5.232369191,6.978798587,6.361502347,6.425265451,6.77331518,6.024438761,5.407328353,6.67311412,5.098039216,5.89946939,5.848142165,5.258769579,6.307928252,5.79848386,4.711532616,7.074966533,5.536470858,6.329171191,6.48502909,0.320512821,0.961538462,0.819672131,1.97044335,0.837988827,0,0.915331808,0.953895072,1.212121212,1.10701107,0.307219662,0.297619048,0.530503979,1.442307692,0.99009901,1.127819549,1.384083045,1.996672213,1.129943503,0.344827586,1.113861386,1.869158879,2.536231884,2.202643172,1.716068643,0.826446281,0.909090909,2.030456853,1.102941176,2.828282828,1.923076923,1.912045889,2.376237624,2.150537634,1.403508772,2.743902439,2.807017544,0.384615385,2.118644068,1.679104478,4.028436019,1.37195122,2.264150943,1.366742597,1.449275362,3.759398496,1.966292135,2.545454545,0.809716599,4.74137931,1.214574899,2.265372168,3.311258278,1.351351351,0.429184549,1.10701107,1.257861635,1.612903226,2.100840336,3.930131004,0.782778865,2.419354839,0.209205021,0.233100233,0.283286119,0,0.529100529,0.34965035,0,0.793650794,0.85106383,0,0.396825397,0.432900433,0,0.491400491,1.328903654,0.943396226,0,0.497512438,0.463678516,0.589970501,0.586510264,0.742574257,0,0.735294118,0.549450549,0,0,0.660792952,0.16722408,0.287356322,1.015228426,0,0.170244964,0.158819133,0.687392595,0,0,0,0,0,0,0,0,0,0,0,0,0.349334137,0.352422907,0.431618145,0.057633566,2.187465821,0.213668916,1.491530395,0.264979709,0.092379701,0.233368692,1.331458452,0.142011834,0.148400245,0.177516262,0.216358708,0.059177315,0.070416948,0.050694778,0.017972297,0.148650001,0.053124926,0.564849348,0.147136719,1.204518282,0.084208915,2.054553454,0.028293722,1.256108597,0.200152844,0.140600447,0.00995692,0.027404351,0.038684379,0.497737557,0.226298237,0.027286991,1.21833216,0.376990783,2.162256041,0.181095548,0.579516791,0.018053959,0.332890762,1.068065945,0.866196296,1.416822576,0.208839242,0.705532863,0.281415738,0.087854162,0.156109068,0.031903015,0.139447787,0.043943414,0.070592388,0.034913388,0.107308257,0.138886093,0.094800554,0.041468826,0.075350852,0.085135757,0.040941165,0.059682489,0.076412628,0.035827847,0.052383447,0.034424889,0.027515822,0.071128573,0.055104699,0.14618439,0.098750689,0.103099161,0.132992504,0.04951458,0.157261373,0.180083211,0.135605212,0.148239023,0.305425114,0.04333572,0.086548864,0.04123598,0.086332649,0.064329958,0.110804752,0.18705697,0.24045231,0.18121475,0.065331722,0.083886071,0.124763553,0.086529007,0.02177753,0,0.002382087,0,0.033481609,0,0.069789082,0.005839416,0.047866521,0.040189336,0.165884639,0.095306171,0.048759874,0.083155144,0.137814528,0.028675206,0.008083857,0.005466771,0.020258088,0.022900514,0.072684983,0.008726765,0.053688393,0.397214823,0.220299823,0.046305824,0.00897924,0.070985322,0.067478134,0.057709459,0.054974219,0.061314863,0.019718421,0.057390076,0.046937339,0.060300981,0.086525774,0.035848718,0.081528556,0.057031756,0.086299328,0.084626234,0.102973356,0.105678323,0.195166232,0.140268849,0.089471534,0.14018799,0.006599789,0.081692672,0.158843618,0.022378191,0.013582035,0.017645398,0.014093042,0.010500105,0.006697625,0.011222295,0.001705699,0.059247322,0.014481327,0.006449012,0.006521562,0.014426111,0.001964675,0.05900971,0.028570612,0.086816321,0.055708755,0.004074897,0.006742861,0.009529255,0.038152053,0.092699884,0.055237719,0.084599983,0.080761947,0.020016741,0.156274418,0.02277682,0.307836445,0.033040102,0.008299444,0.537606617,0.053641674,0.034330835,0.022258495,0.025177818,0.01874141,0.47702677,0.004851386,0.064703979,0.010486577,0.032327151,0.031486146,0.226258563,0.073877069,0.045065345,0.264873676,0.012961483,0.358056266,0.173650649,0.135704258,0.386380101,0.042185193,0.092317161,0.071971212,0,0.039753528,0.009779712,0.464097787,0.00213106,0.065682883,0.020261782,0.145998319,0.154600704,0.087145969,0.378250591,0.007640441,0,0,0.003162805,0.004696269,0.008130963,0.005196965,0.004630702,0.003116673,0.07854774,0.210016155,0.34966013,0.414977192,0,0.004894643,0,0,0.046450864,0,0.271335358,0,0.064359477,0.139631181,0.133416832,0.037298356,0.036298519,0.003251997,0.037255375,NA,NA,NA,NA,NA,NA,NA,NA,NA,NA,NA,NA,NA,NA,NA,NA,NA,NA,NA,NA,NA,NA,NA,NA,NA,NA,NA,NA,NA,NA,NA,NA,NA,NA,NA,NA,NA,NA,NA,NA,NA,NA,NA,NA,NA,NA,NA,NA,NA,NA,NA,NA,NA,NA,NA,NA,NA,NA,NA,NA,NA,NA,NA,NA,NA,NA,NA,NA,NA,NA,NA,NA,NA,NA,NA,NA,NA,NA,NA,NA,NA,NA,NA
chloroplasts,0,0,0,0,0,0,0,0,0,0,0,0,0,0,0,0,0,0,0,0,0,0,0,0,0,0,0,0,0,0,0,0,0,0,0,0,0,0,0,0,0,0,0,0,0,0,0,0,0,0,0,0,0,0,0,0,0,0,0,0,0,0,0,0,0,0,0,0,0,0,0,0,0,0,0,0,0,0,0,0,0,0,0,0,0,0,0,0,0,0,0,0,0,0,0,0,0,0,0,0,0,0,0,0,0,0,0,0,0,0,0,0,0,0,0,0,0,0,0,0,0,0,0,0,0,0,0,0,0,0,0,0,0,0,0,0,0,0,0,0,0,0,0,0,0,0,0,0,0,0,0,0,0,0,0,0,0,0,0,0,0,0,0,0,0,0,0,0,0,0,0,0,0,0,0,0,0,0,0,0,0,0,0,0,0,0,0,0,0,0,0,0,0,0,0,0,0,0,0,0,0,0,0,0,0,0,0,0,0,0,0,0,0,0,0,0,0,0,0,0,0,0,0,0,0,0,0,0,0,0,0,0,0,0,0,0,0,0,0,0,0,0,0,0,0,0,0,0,0,0,0,0,0,0,0,0,0,0,0,0,0,0,0,0,0,0,0,0,0,0,0,0,0,0,0,0,0,0,0,0,0,0,0,0,0,0,0,0,0,0,0,0,0,0,0,0,0,0,0,0,0,0,0,0,0,0,0,0,0,0,0,0,0,0,0,0,0,0,0,0,0,0,0,0,0,0,0,0,0,0,0,0,0,0,0,0,0,0,0,0,0,0,0,0,0,0,0,0,0,0,0,0,0,0,0,0,0,0,0,0,0,0,0,0,0,0,0,0,0,0,0,0,0,NA,NA,NA,NA,NA,NA,NA,NA,NA,NA,NA,NA,NA,NA,NA,NA,NA,NA,NA,NA,NA,NA,NA,NA,NA,NA,NA,NA,NA,NA,NA,NA,NA,NA,NA,NA,NA,NA,NA,NA,NA,NA,NA,NA,NA,NA,NA,NA,NA,NA,NA,NA,NA,NA,NA,NA,NA,NA,NA,NA,NA,NA,NA,NA,NA,NA,NA,NA,NA,NA,NA,NA,NA,NA,NA,NA,NA,NA,NA,NA,NA,NA,NA
nonphotosynthetic_cyanobacteria,0,0,0,0,0,0,0,0,0,0,0,0,0,0,0,0,0,0,0,0,0,0,0,0,0,0,0,0,0,0,0,0,0,0,0,0,0,0,0,0,0,0,0,0,0,0,0,0,0,0,0,0,0,0,0,0,0,0,0,0,0,0,0,0,0,0,0,0,0,0,0,0,0,0,0,0,0,0,0,0,0,0,0,0,0,0,0,0,0,0,0,0,0,0,0,0,0,0,0,0,0,0,0,0,0,0,0,0,0,0,0,0,0,0,0,0,0,0,0,0,0,0,0,0,0,0,0,0,0,0,0,0,0,0.00177327,0.00749836,0.223425863,0.004322517,0.043749316,0,0.019065777,0.002387205,0,0,0,0,0.00593601,0,0.002486882,0.0012077,0,0,0.000855824,0.002858654,0,0.003095065,0,0.005353415,0,0.345358557,0,0,0.065504567,0.002756872,0.002655179,0.001014976,0,0,0,0,0,0,0.00434188,0,0.041691855,0,0,0,0,0,0,0,0,0,0,0,0,0,0,0,0,0,0,0,0,0,0,0,0,0,0,0,0,0,0,0,0,0,0,0,0,0,0,0,0,0,0,0,0,0,0,0,0,0,0,0,0,0,0,0,0,0,0,0,0,0,0,0,0,0,0,0,0,0,0,0,0,0,0,0,0,0,0,0,0,0,0,0,0,0,0,0,0,0,0,0,0,0,0,0,0,0,0,0,0,0,0,0,0,0,0,0,0,0,0,0,0,0,0,0,0,0,0,0,0,0,0,0,0,0,0,0,0,0,0,0,0,0,0,0,0,0,0,0,0,0,0,0,0,0,0,0,0,0,0,0,0,0,0,0,0,0,0,0,0,0,0,0,0,0,0,0,0,0,0,0,0,0,0,0,0,0,0,0,0,0,0,0,0,0,0,0,0,0,0,0,0,0,0,0,0,0,0,0,NA,NA,NA,NA,NA,NA,NA,NA,NA,NA,NA,NA,NA,NA,NA,NA,NA,NA,NA,NA,NA,NA,NA,NA,NA,NA,NA,NA,NA,NA,NA,NA,NA,NA,NA,NA,NA,NA,NA,NA,NA,NA,NA,NA,NA,NA,NA,NA,NA,NA,NA,NA,NA,NA,NA,NA,NA,NA,NA,NA,NA,NA,NA,NA,NA,NA,NA,NA,NA,NA,NA,NA,NA,NA,NA,NA,NA,NA,NA,NA,NA,NA,NA
phototrophy,0.045085663,0.079197466,0.098360656,0.137033231,0.134273246,0.519987,0,0,0.027225701,0.03403676,0.028417164,0.106723586,0.25789813,0.533333333,0.131226108,0.105008078,0.119111429,0.086684003,0.075304985,0.091190954,0.040160643,0.040077866,0.004524068,0.042571307,1.282051282,5.769230769,2.049180328,3.448275862,1.675977654,2.877697842,2.059496568,1.907790143,6.060606061,1.47601476,1.382488479,1.041666667,2.122015915,1.923076923,1.485148515,0,2.076124567,0.998336106,0.376647834,0.344827586,0.495049505,1.168224299,1.449275362,1.321585903,0.624024961,0.550964187,0.909090909,0.76142132,0.367647059,0.404040404,0.887573964,1.338432122,3.564356436,2.365591398,1.578947368,1.524390244,2.456140351,3.076923077,2.259887006,1.305970149,1.184834123,1.676829268,1.698113208,1.366742597,2.277432712,2.756892231,2.247191011,2.181818182,0.809716599,0.862068966,4.048582996,1.294498382,1.655629139,0.810810811,4.077253219,1.10701107,1.886792453,3.225806452,4.201680672,0.873362445,0.587084149,0.403225806,3.765690377,0.466200466,0.849858357,0.323624595,0.793650794,0.699300699,0.427350427,0.793650794,0.85106383,2.597402597,1.587301587,0,1.382488479,1.965601966,1.661129568,0.943396226,3.296703297,0.497512438,1.391035549,0.589970501,1.173020528,3.465346535,0.552486188,0.367647059,0.274725275,0,0.186567164,0.440528634,0.501672241,0,1.015228426,1.176470588,0,0,0,0,0,0,0,0,0,0,0,0,0,0,0,0.079797138,0.331802418,0.147257955,0.0331393,0.131247949,0.016209366,0.359316565,0.112198615,0.176547873,0.154568874,0.536098783,0.012530456,0.834998714,0.129102736,0.052224516,0.399748798,0.020827548,0.115688084,0.005990766,0.155796635,0.015347201,2.028815054,0.037274636,0.087439105,0.145451762,0.556533216,1.700952001,0.447058824,0.272935696,0.267416536,0.013939688,0.004567392,0.014067047,0.019392372,0.023820867,0.008527185,0.035186488,0.020766441,0.861863101,0.033654925,0.218882241,0.00924715,0.960187804,0.033493357,0.351203225,0.20852822,0.390966489,0.637455131,0.580870946,0.021963541,0.079789079,0.21534535,0,0,0.008824048,0.010742581,0,0.004025684,0.013126231,0.004146883,0.002354714,0.004601933,0.002408304,0.009947082,0,0.00223924,0.00748335,0.015060889,0.010005753,0.010161225,0.002504759,0.013828253,0.006889583,0.026805782,0.010363052,0.001768378,0.00227915,0.014489454,0.025548808,0.010223381,0.297789486,0.030146588,0.028849621,0.030239718,0,0.022055985,0.018037983,0.090246784,0.121309274,0.126239489,0.022866103,0.037065938,0.060369461,0.053097345,0.004839451,0,0.01429252,0.004867009,0.002391544,0.001002416,0.302419355,0.280291971,0.25642779,1.379833884,2.507227831,0.424906679,0.039007899,0.102953987,0.102249489,0.003186134,0.207485651,0.058312226,0.125600146,0.47109628,0.668701846,0.152718387,0.483195533,0.406561054,0.462092311,0.123482198,0,0.02518834,0.015571877,0.019236486,0.068243858,0.043147496,0.00985921,0.011036553,0.041070171,0.010487127,0.004326289,0,0.052261895,0.023331173,0.002615131,0,0.004290556,0.001887113,0.002269375,0,0,0.002298164,0,0.002042317,0,0.052893907,0.031691416,0.044113495,0.032413997,0.0300003,0.046883372,0.046759562,0.028996879,0.007109679,0.032180727,0.099959694,0.089671476,0.043278334,0.039293503,0.061691969,0,0.008268221,0.013927189,0.057048552,0.075857186,0.044469856,1.581576027,2.771726535,3.349773131,0.087419983,0.147599421,0,0.343803719,0.754888882,1.090811751,0.702102177,0.06362907,3.137761696,4.368816307,2.586256222,0.040807241,0.069239,0.002082379,1.179513955,0.04689673,0.071174377,0.136325503,0.836465026,0.293870697,0.182263843,0.081264775,0.506985128,0.040749796,0.002160247,0.179028133,0.002846732,0.018717829,0.092570233,0.075933347,0.015386193,0.039984006,0,0.019876764,0.03667392,0.026146354,0.00426212,0.083198319,0.072942416,0.039817723,0,0.203340595,0.141843972,0.080224629,0.552884615,0.009953503,0.003162805,0.262991054,0.037944493,0.03118179,0,0.023375045,0.305463432,0.083467959,0.055945621,0.031677648,0.003004853,0.003670982,0.005406063,0,0.075482654,0.020918861,0.103365851,0.564276188,0.196003862,0.621118012,0.1089117,0.068380319,0,0,0.05040433,NA,NA,NA,NA,NA,NA,NA,NA,NA,NA,NA,NA,NA,NA,NA,NA,NA,NA,NA,NA,NA,NA,NA,NA,NA,NA,NA,NA,NA,NA,NA,NA,NA,NA,NA,NA,NA,NA,NA,NA,NA,NA,NA,NA,NA,NA,NA,NA,NA,NA,NA,NA,NA,NA,NA,NA,NA,NA,NA,NA,NA,NA,NA,NA,NA,NA,NA,NA,NA,NA,NA,NA,NA,NA,NA,NA,NA,NA,NA,NA,NA,NA,NA
plastic_degradation,0,0,0,0,0,0,0,0,0,0,0,0,0,0,0,0,0,0,0,0,0,0,0,0,0,0,0,0,0,0,0,0,0,0,0,0,0,0,0,0,0,0,0,0,0,0,0,0,0,0,0,0,0,0,0,0,0,0,0,0,0,0,0,0,0,0,0,0,0,0,0,0,0,0,0,0,0,0,0,0,0,0,0,0,0,0,0,0,0,0,0,0,0,0,0,0,0,0,0,0,0,0,0,0,0,0,0,0,0,0,0,0,0,0,0,0,0,0,0,0,0,0,0,0,0,0,0,0,0,0,0,0,0,1.328179029,1.441559659,1.144211239,0.129675523,0.415618506,0.526067608,0.209723546,0.342563858,0.104696995,0.844067283,0.070308037,0.026453185,0.061338768,0.049654898,0.054711397,0.157001039,0.467132146,0.115688084,0.021395592,0.052885096,0.120416499,0.328076881,1.137857297,1.19024251,0.101433465,0.191377035,0.08321683,0.186425339,0.160122275,0.195737877,0.659148086,0.210607514,0.038684379,0.430941607,0.194537081,1.246674398,0.037385644,0.322678551,0.10420511,0.30770217,0.03752267,0.011448852,0.023090689,1.311823155,2.296207635,0.358590583,0.150558524,0.018566654,0.901973518,0.043927081,0.045098175,0.071781783,0.04781067,0.047323677,0.082357786,0.075198066,0.079069242,0.106680622,0.067089623,0.06427668,0.089479137,0.105844455,0.060207596,0.081566069,0.078423487,0.05150253,0.04302926,0.017212445,0.017510068,0.042338437,0.015028554,0.011852788,0.025261804,0.059797513,0.02245328,0.012378645,0.018233203,0.037258595,0.082542303,0.066451976,0.030542511,0.001884162,0.007212405,0.008247196,0.119079515,0.001837999,0.002576855,0.009845104,0.023828607,0.016288966,0,0.007803355,0.008049261,0.003933137,0.041135335,0.004523659,0,0.014601027,0.083704023,0.001002416,0.155086849,0.245255474,0.17095186,3.335714924,0.175363761,0.373282503,0.032506583,0.178189594,0.182270828,0.031861339,0.056586996,0.052845454,0.232968012,0.039258023,0.067839318,0.023998604,3.618597659,2.635637179,4.868088765,0.138917473,0.021550176,0.020608642,0.038929693,0.041970516,0.037913254,0.022709209,0.011831053,0.046353523,0.020535086,0.036704945,0.032447165,0.009957977,0.066895225,0.098509397,0.125526295,0.088656055,0.094392243,0.073597403,0.115738114,0.048704461,0.027230467,0.064348585,0.013199578,0.177681562,0.107219442,0.004068762,0.001509115,0.005293619,0.004227913,0.013500135,0.006697625,0.003740765,0.006822795,0.026068822,0.003218073,0.017734784,0.013043124,0.003606528,0.011788051,0.010729038,0.011428245,1.008722973,0.980474082,0.008149793,0.011800007,0.038117019,0.121392897,0.139049826,0.394555139,0.053579989,0.064052579,0.02911526,0.062509767,0.182214558,0.468446764,1.668525172,0.030431294,0.232618248,0.464894505,0.188819591,0.092743731,0.276956002,0.074965641,0.695367382,0.008085643,0.194111938,0.097000839,0.169717542,0.976070529,0.100559361,0.073877069,0.180261379,0.047541429,0.064807414,1.406649616,0.002846732,0.014038372,0.008049585,0.071714828,0.010257462,0.023990404,0,0.029815146,0.039118848,0.362780665,0.00213106,0.004378859,0.016209426,0.004424191,0,0.145243282,0.11820331,0.015280882,0.09375,0.018485077,0.003162805,0.136191796,0.027103209,0.119530194,0.006946052,0.012466691,0.061092686,0.008077544,0.036364654,0.025342119,0,0.006118304,0,0.001284225,0.94062999,3.065920561,0.077524388,0,0.023403446,0.067408156,0.09802053,0.273521276,0.026618914,0.008671993,0.019723434,NA,NA,NA,NA,NA,NA,NA,NA,NA,NA,NA,NA,NA,NA,NA,NA,NA,NA,NA,NA,NA,NA,NA,NA,NA,NA,NA,NA,NA,NA,NA,NA,NA,NA,NA,NA,NA,NA,NA,NA,NA,NA,NA,NA,NA,NA,NA,NA,NA,NA,NA,NA,NA,NA,NA,NA,NA,NA,NA,NA,NA,NA,NA,NA,NA,NA,NA,NA,NA,NA,NA,NA,NA,NA,NA,NA,NA,NA,NA,NA,NA,NA,NA
ureolysis,0.721370604,0.60718057,0.491803279,0.71942446,0.604229607,0.747481313,0.618374558,0.845070423,1.116253744,0.680735194,0.795680591,0.747065101,1.160541586,0.88627451,0.861527928,0.573505654,1.006491573,0.813496033,0.682765199,0.784242203,0.816599732,0.652696668,0.737423091,0.77101367,0.641025641,1.442307692,0,0,0,0.35971223,0.686498856,0.317965024,0.606060606,0.922509225,0.153609831,0.148809524,0.530503979,0.480769231,1.485148515,2.631578947,0.692041522,0.831946755,0.941619586,0.689655172,1.113861386,0.46728972,1.086956522,0.881057269,0.936037441,0.137741047,1.090909091,0.76142132,1.470588235,1.818181818,1.183431953,1.529636711,0,1.075268817,0.701754386,0.304878049,1.403508772,1.346153846,0.847457627,0.186567164,0.947867299,1.37195122,1.132075472,1.138952164,0.414078675,1.002506266,1.54494382,2.181818182,0.4048583,0,0.809716599,0.647249191,0.662251656,0.27027027,1.072961373,0,0.628930818,0.537634409,0.420168067,0.436681223,0,0.806451613,1.464435146,0.466200466,0.566572238,0.323624595,0.793650794,1.048951049,0.427350427,0.793650794,0.425531915,0.432900433,0,1.298701299,1.382488479,0.245700246,1.328903654,0.943396226,0,0.497512438,0.463678516,0,0.293255132,0.742574257,0.276243094,0,0,0.220264317,0.186567164,0.220264317,0.334448161,0.287356322,0,0,0.46817365,0.700672646,0.317658699,0.005136459,0.053579083,0.007462846,0.011043317,0,0.014253305,0.032238256,0,0,0,0.052267085,0.002580379,4.4349476,7.472115475,9.414353419,33.83666647,2.581209669,4.276325484,2.283493437,26.49080926,32.99597635,3.629337778,5.231357385,3.422206753,8.385603198,31.36079249,0.954962572,23.94990459,17.09842504,6.330347974,0.253751717,2.552777897,4.399924445,1.595505966,2.685735586,3.982940452,9.812252397,2.661680598,13.96544837,4.322171946,0.924342225,21.78755548,0.467975227,0.116722237,0.446628744,2.932557638,1.401461013,1.108534006,4.134412386,3.233175189,2.464016673,2.254879964,1.204894624,0.439900131,9.395986069,2.080309627,5.345218596,1.845572186,4.85186984,2.292981805,21.34430133,6.933157625,13.40456532,5.59100335,4.450376509,16.61230078,2.161891876,1.624815362,1.544674122,1.908174151,0.364617516,1.331149309,1.431666196,2.040957202,1.131902801,1.225480444,1.158254575,0.756863272,1.210431789,0.938078231,2.326337644,0.52669015,2.422101994,3.344461785,1.504225611,2.059921232,2.003523438,0.74625546,3.058619747,2.790254807,2.517540239,2.804614153,1.000267247,0.060293176,0.093761269,0.098966351,4.024887619,0.266509824,0.198417811,0.257613547,0.359595347,0.307454238,0.060431843,0.119001171,0.175071437,0.17699115,0.98482832,0.006785488,0.292996665,0.35772516,2.850719855,0.029070059,7.126240695,2.324087591,6.489332604,22.67125123,10.62609602,18.69589389,18.19718493,16.62706898,22.43264871,1.05779647,7.695831425,1.004063633,2.544415858,11.89845258,22.73586277,21.00968671,23.8233294,20.59909342,17.48965665,38.39781848,0.082609008,1.520459802,1.663595546,1.211898641,1.630269942,1.460202112,0.774933943,1.251545117,1.073691622,1.192910702,1.330333773,0.27683177,1.950413914,2.574206092,7.740788201,6.933306468,6.849873429,7.295578494,4.915465789,5.082797584,8.449224904,4.635396318,0.646779303,5.798137407,4.123977444,0.217678771,0.26258602,0.165866742,0.16347929,0.33600336,0.23441686,0.181427102,0.115987514,1.912503555,0.275145216,0.158000806,0.141843972,0.210981877,0.222008291,0.34869374,0.799977144,16.1519699,33.12164007,23.74645993,1.183372105,18.99815768,11.9277192,5.154113557,3.60228842,22.0129156,14.50094686,0.715143575,7.016721363,3.045586178,9.322090611,6.727790856,1.870141367,6.999224606,7.849564906,9.492475825,2.841667903,9.529804242,1.191120736,8.959084868,1.125521524,17.30184406,28.09354027,7.70194367,16.83459278,8.371566841,4.04107565,15.87426769,6.778049443,1.583461148,13.22250639,27.45672967,15.2456715,25.40851646,11.75279477,12.03713201,24.05837665,0.036381615,0.904392765,0.369184128,1.771415498,0.372935535,1.996759644,4.745309397,21.51926735,25.45580552,7.872185911,16.50118203,17.44503658,1.807692308,0.209023561,0.014232624,2.85063517,4.276886383,5.446419291,0.326464459,0.645151237,3.083726072,14.24609585,14.70250916,31.76001014,0.250905212,0.031815178,0.086497006,0.080906149,15.36942953,3.280338886,16.57729828,6.750795116,6.950823509,16.37055227,18.36523539,27.71578653,0.154873681,0.074795937,0.370362254,NA,NA,NA,NA,NA,NA,NA,NA,NA,NA,NA,NA,NA,NA,NA,NA,NA,NA,NA,NA,NA,NA,NA,NA,NA,NA,NA,NA,NA,NA,NA,NA,NA,NA,NA,NA,NA,NA,NA,NA,NA,NA,NA,NA,NA,NA,NA,NA,NA,NA,NA,NA,NA,NA,NA,NA,NA,NA,NA,NA,NA,NA,NA,NA,NA,NA,NA,NA,NA,NA,NA,NA,NA,NA,NA,NA,NA,NA,NA,NA,NA,NA,NA
reductive_acetogenesis,0.090171326,0.079197466,0.06557377,0.205549846,0.201409869,0.162495938,0.147232038,0.117370892,0.081677103,0.102110279,0.085251492,0.071149057,0,0.117647059,0.068465796,0.1453958,0.035733429,0.066680003,0.185752297,0.103349748,0.113788487,0.114508187,0.058812885,0.061491888,0,0,0,0,0,0,0,0,0,0,0,0,0,0,0,0,0,0,0,0,0,0,0,0.220264317,0,0,0,0,0,0,0.147928994,0,0,0,0,0,0,0,0,0,0,0,0.188679245,0,0.207039337,0,0,0,0,0,0,0,0,0,0,0,0,0,0,0,0,0,0.209205021,0,0,0,0,0,0,0,0,0,0,0,0,0,0,0,0,0,0,0,0,0,0,0,0,0,0,0,0,0,0,0,0,0,0,0,0,0,0,0,0,0,0,0,0,0,0,0,0.232449152,0.00338524,0.001440839,0.043749316,0.137042822,0.001466598,0.08832657,0.006158647,0.003030762,0.004394252,0.001392273,0,0,0,0,0.047605824,0.007799197,0.003423295,0.005717308,0.011805539,0.023212987,0.001961823,0.001784472,0.003827678,0.01099868,0,0.010859729,0.01455657,0,0.001327589,0.00253744,0.007912714,0,0.007940289,0,0,0.001597419,0.00217094,0.062502003,0.283504617,0.001321021,0.001924224,0.096758587,1.28354542,0.20852822,0.172413793,0.018566654,0,0,0,0,0,0,0,0,0,0,0,0,0,0,0,0,0,0,0,0,0,0,0,0,0,0,0,0,0,0,0,0,0,0,0,0,0,0,0,0,0,0,0,0,0,0,0,0,0,0,0,0,0,0,0,0,0,0,0,0,0,0,0,0,0,0,0,0,0,0,0,0,0,0,0,0,0,0,0,0,0,0,0,0,0,0,0,0,0,0,0,0,0,0,0,0,0,0,0,0,0,0,0,0,0,0,0,0,0,0,0,0,0,0,0,0,0,0,0.006936737,0.004634994,0,0,0,0,0,0,0,0,0,0,0,0,0,0,0,0,0,0,0,0,0,0,0,0,0,0,0,0,0,0,0,0,0,0,0,0,0,0,0,0,0,0,0,0,0,0,0,0,0,0,0,0,0,0,0,0,0,0,0,0,0,0,0,0,0,0,0,0,0,0,0,0,NA,NA,NA,NA,NA,NA,NA,NA,NA,NA,NA,NA,NA,NA,NA,NA,NA,NA,NA,NA,NA,NA,NA,NA,NA,NA,NA,NA,NA,NA,NA,NA,NA,NA,NA,NA,NA,NA,NA,NA,NA,NA,NA,NA,NA,NA,NA,NA,NA,NA,NA,NA,NA,NA,NA,NA,NA,NA,NA,NA,NA,NA,NA,NA,NA,NA,NA,NA,NA,NA,NA,NA,NA,NA,NA,NA,NA,NA,NA,NA,NA,NA,NA
chemoheterotrophy,40.89269612,53.06230201,40.91803279,37.6841384,39.17421954,36.49658759,47.08480565,55.18779343,49.27851892,49.08100749,45.89371981,49.27072216,45.71244358,39.60784314,44.73098648,35.33925687,44.61914121,41.25491765,45.05246247,49.82065779,38.86880857,42.20199244,44.87875498,37.36341706,53.20512821,62.01923077,56.55737705,54.18719212,62.84916201,50.35971223,71.16704805,71.22416534,53.93939394,50.92250923,67.43471582,61.9047619,54.9071618,52.88461538,62.37623762,59.77443609,65.05190311,75.37437604,66.85499058,75.34482759,78.71287129,70.79439252,45.65217391,68.50220264,70.98283931,71.21212121,65.81818182,61.4213198,57.35294118,64.84848485,73.66863905,65.96558317,60.79207921,66.4516129,74.73684211,67.98780488,65.0877193,64.80769231,78.95480226,64.92537313,73.22274882,67.37804878,70,76.99316629,63.5610766,63.65914787,71.91011236,50.90909091,78.94736842,60.34482759,70.85020243,63.10679612,62.25165563,78.91891892,69.09871245,66.05166052,66.03773585,63.44086022,70.16806723,64.62882096,44.22700587,75,74.26778243,84.61538462,75.07082153,74.43365696,64.81481481,66.08391608,73.5042735,63.49206349,66.38297872,61.03896104,74.20634921,66.66666667,84.79262673,74.93857494,70.7641196,78.30188679,61.53846154,78.10945274,79.59814529,74.33628319,74.48680352,74.5049505,75.69060773,77.57352941,86.53846154,86.34361233,94.21641791,84.36123348,75.91973244,86.20689655,75.12690355,82.35294118,93.67729121,91.54521674,89.99114722,85.59737013,71.11849312,66.36388836,76.83664173,59.11187286,67.49771353,93.50015352,69.28037109,61.85979114,66.91504207,84.4714491,80.60716313,56.56198464,56.32767832,57.33920108,58.73148522,58.24783988,59.9849695,59.02911197,55.74361423,58.56667762,57.47689044,51.1337171,44.29655412,65.77296741,62.53041363,64.81559772,61.44658342,64.93533542,52.48079448,34.46958189,54.60886469,81.72266427,44.38168341,58.9763208,60.90758222,58.81609921,66.30884294,59.17881632,57.6760181,56.77426398,61.95517327,45.22233802,36.44524966,68.97249013,52.60504202,66.81356201,41.66211883,62.96842013,52.88573665,54.95082821,60.61251963,62.52527569,34.23955402,60.59766399,58.32682074,51.46465919,49.53422201,65.8863526,55.85468499,63.94270664,73.61446665,67.3523902,81.04960919,64.10016335,63.09429243,81.75480911,85.05169867,83.63266689,80.39491959,62.00102093,85.64971283,83.77366488,78.74137138,82.60963803,68.47769864,71.66700181,85.38223834,70.52682781,62.195017,67.1911349,62.70999865,61.99779581,72.03137038,74.49706044,66.73814875,58.54951812,58.54568604,66.84520011,68.14390097,69.33553446,65.78234422,84.95399534,73.21664092,75.1316264,73.77391687,81.46229645,58.6358373,75.34207746,62.79371226,62.29881074,60.28546413,55.93048705,58.64026531,54.62832535,54.01573255,66.3924311,51.33108658,57.85373988,58.9151437,80.03778639,48.81765054,79.35406328,70.75620438,72.84600656,60.44476199,75.40641737,73.58827734,77.60946592,77.03730102,72.15257402,85.54769643,60.47802538,46.58235691,89.74333002,82.10815585,68.7018462,63.50685051,55.91467125,61.97953175,57.87437537,57.38320642,60.25249623,72.71644799,72.31320236,67.50432821,70.67599333,69.38798683,57.59750759,64.67861557,68.9304154,67.74159719,69.97988276,65.49760013,61.33246927,69.23655217,68.95577813,68.15635704,69.35040975,66.44335831,66.25439691,67.10305864,64.9154883,68.83919748,83.4499296,65.11110203,64.7148757,48.91262333,49.71779548,49.72473179,49.69911355,52.90852909,53.72834435,55.36519218,54.29580228,75.22987961,56.02664564,55.08585248,55.39740768,56.22937517,57.67696811,79.84281959,93.50304277,70.06490554,59.68357427,50.74876225,52.03802974,73.77549076,72.92591565,72.46349942,77.97987769,62.90854742,59.15951877,74.62787058,63.24425692,88.63436697,76.96580339,76.85127824,52.73743326,67.31455156,65.6633687,73.4737083,75.90146906,75.11172657,76.41289409,72.16157205,56.10304344,63.66224523,65.68791946,79.29445993,73.75104954,74.12481931,86.90898345,61.87471834,80.07334963,94.44168413,58.15856777,62.70211797,72.56902199,66.41712952,65.20987134,77.22330495,67.83286685,43.25400897,87.13973365,57.68807609,88.49560414,95.89770911,79.13035863,81.50909754,71.7559616,69.44237125,70.37037037,69.03073286,51.57297576,64.90384615,54.45277063,73.72183126,54.58003616,56.20663487,84.07130236,89.2428803,47.03526515,67.57142026,64.19763059,53.46722985,60.47896604,56.82627443,55.8882553,54.28903515,49.53896337,53.91784003,37.21988338,72.45300084,51.4619883,64.60228769,67.26852521,65.74999319,59.35100861,92.84677185,49.79675017,48.91192391,NA,NA,NA,NA,NA,NA,NA,NA,NA,NA,NA,NA,NA,NA,NA,NA,NA,NA,NA,NA,NA,NA,NA,NA,NA,NA,NA,NA,NA,NA,NA,NA,NA,NA,NA,NA,NA,NA,NA,NA,NA,NA,NA,NA,NA,NA,NA,NA,NA,NA,NA,NA,NA,NA,NA,NA,NA,NA,NA,NA,NA,NA,NA,NA,NA,NA,NA,NA,NA,NA,NA,NA,NA,NA,NA,NA,NA,NA,NA,NA,NA,NA,NA
