Genus,DS1_L_1,DS1_L_2,DS1_L_3,DS1_L_4,DS1_L_5,DS1_L_6,DS1_R_1,DS1_R_2,DS1_R_3,DS1_R_4,DS1_R_5,DS1_R_6,DS2_L_1,DS2_L_2,DS2_L_3,DS2_L_4,DS2_L_5,DS2_L_6,DS2_R_1,DS2_R_2,DS2_R_3,DS2_R_4,DS2_R_5,DS2_R_6,DS3_L_1,DS3_L_2,DS3_L_3,DS3_L_4,DS3_L_5,DS3_L_6,DS3_R_1,DS3_R_2,DS3_R_3,DS3_R_4,DS3_R_5,DS3_R_6
[Eubacterium]_coprostanoligenes_group,0,0,0.001365355,0.076569678,0.001590331,0.003050687,0.009743107,0.01187588,0.015019807,0.004719727,0.003059039,0.001604647,0.276999832,0.700484951,0.028321433,0.388562615,0.700090753,2.246652572,0.040172567,0.020021478,0.016267834,0.030379747,0.010925721,0.033001122,0.021950283,0.020866662,0.052644309,0.03479108,0.008472422,0.037131339,0.087397025,0.081607338,0.107175915,0.104961994,0.034457213,0.059592726
[Eubacterium]_hallii_group,0,0,0,0,0,0,0,0,0,0,0,0,0.033668488,0,0,0,0.001852092,0.001409443,0.001746633,0,0,0,0,0,0,0,0.001422819,0.001739554,0.002824141,0,0.025895415,0.001632147,0.003247755,0,0.001722861,0.005107948
[Eubacterium]_nodatum_group,0,0,0,0,0,0,0,0,0,0,0,0,0.067336976,0.001539527,0.019377823,0.002966127,0.007408368,0.44397463,0,0.001820134,0.001626783,0.003375527,0,0,0.002743785,0,0.001422819,0,0.00141207,0.001768159,0,0,0.008119387,0.003385871,0.006891443,0.001702649
[Eubacterium]_ruminantium_group,0,0,0,0,0,0,0,0.015268989,0,0,0,0,0.076519291,0.28635209,0.044718053,0.019279824,0.096308781,0.015503876,0.0104798,0,0,0,0.004682452,0.014850505,0.004115678,0.004173332,1.750067584,0.006958216,0.011296563,0.008840795,0,0,0.003247755,0,0,0
[Eubacterium]_ventriosum_group,0,0,0,0,0,0,0,0,0,0,0,0,0.055093889,0.02925102,0.002981204,0.002966127,0,0.001409443,0,0.001820134,0.001626783,0.005063291,0,0.001650056,0,0,0,0,0,0.001768159,0.038843122,0.026114348,0,0.005078806,0.015505746,0.020431792
[Ruminococcus]_gauvreauii_group,0,0,0,0,0,0,0,0,0,0,0,0,0.001530386,0,0,0,0.10556924,0,0,0,0,0,0,0,0.001371893,0,0.001422819,0,0,0.001768159,0,0.003264294,0.001623877,0.001692935,0.006891443,0.011918545
Acetatifactor,0,0,0,0,0,0,0,0,0,0,0,0,0.001530386,0,0,0,0.131498528,0,0.001746633,0,0,0,0,0.001650056,0,0,0,0.001739554,0,0,0,0,0,0,0,0
Achromobacter,0,0,0,0,0,0,0.050339385,0.067862172,0.054446802,0.028318361,0.142245335,0.017651118,0,0,0.001490602,0,0,0,0.0104798,0.005460403,0.003253567,0.006751055,0,0.016500561,0,0.001391111,0,0,0,0,0.003236927,0.001632147,0,0,0.001722861,0.001702649
Acidibacter,0.00150184,0.001370821,0,0.001562646,0.001590331,0,1.550777825,1.530291977,1.744175131,1.293205167,2.44417253,1.227554999,0.074988905,0.001539527,0.001490602,0.007415317,0.003704184,0.002818887,1.977188968,2.313390728,2.11969872,2.499578059,2.83132248,2.220975513,0,0,0,0,0,0.001768159,0.338258857,0.997241672,0.492034881,0.502801808,0.251537653,0.539739835
Acidicaldus,0,0,0,0,0,0,0.047091683,0.076344943,0.099506224,0.050343753,0.052003671,0.001604647,0,0,0,0.002966127,0,0,0.099558102,0.200214776,0.195214003,0.124894515,0.216953597,0.133654544,0,0,0,0.001739554,0,0,0.048553903,0.079975191,0.113671425,0.121891347,0.008614303,0.056187428
Acidiphilium,0,0,0,0,0,0,0.047091683,0.108579475,0.026284663,0.029891604,0.152951973,0.011232529,0,0,0,0,0,0,0.038425934,0.036402687,0.032535667,0.010126582,0.043702883,0.034651178,0,0,0,0,0,0,0.003236927,0.058757283,0.050340202,0.013543483,0.012060024,0.011918545
Acidisoma,0,0,0,0,0,0,0.017862362,0.027144869,0.001877476,0,0.003059039,0.006418588,0,0,0,0,0,0,0.0104798,0.020021478,0.011387484,0.001687764,0.001560817,0.008250281,0,0,0,0,0,0,0.009710781,0.026114348,0.014614897,0.010157612,0.006891443,0.07491657
Acidisphaera,0,0,0,0,0,0,0.20135754,0.081434606,0.078853989,0.185642591,0.136127256,0.226255235,0,0,0,0,0,0,0.129250869,0.192934239,0.216362187,0.305485232,0.24348749,0.19470662,0,0,0,0,0,0,0.161846343,0.137100328,0.074698365,0.15405712,0.236031907,0.143022543
Acidobacterium,0.007509199,0.004112462,0.002730711,0,0.003180662,0.001525344,8.976649021,8.981558455,10.5420273,8.84948791,9.271948608,5.61786935,0,0.001539527,0.001490602,0.026695141,0.005556276,0.009866103,5.021570922,4.705047232,4.947048202,5.48185654,5.386380309,5.199326777,0.001371893,0.001391111,0,0.006958216,0,0,0.385194297,1.359578253,1.951900749,1.698014187,0.174008924,0.575495471
Acidocella,0,0,0,0,0,0,0,0,0,0.015732423,0,0.223045941,0,0,0,0,0,0,0.001746633,0.003640269,0,0.030379747,0.068675959,0.001650056,0,0,0,0,0,0,0.037224659,0.031010788,0.024358162,0.011850548,0.065468704,0.032350337
Acidothermus,0,0,0,0.007813232,0,0,0.300412458,0.237517602,0.32668081,0.251718767,0.524625268,0.255138882,0,0,0,0.001483063,0,0.001409443,0.600841877,0.842722193,0.683249012,0.578902954,0.399569214,0.52471784,0.001371893,0.001391111,0,0,0,0,0.10843705,0.447208213,0.298793459,0.496030067,0.170563203,0.495470953
Acidovorax,0.004505519,0.016449849,0.714080911,0.523486577,0.764949109,0.030506872,0.009743107,0.018662097,0.013142331,0.017305665,0.093300704,0.036906882,0.030607716,0.018474328,0.120738742,0.215044195,0.020373011,0.009866103,0.069865335,0.047323492,0.191960437,0.021940928,0.02809471,0.014850505,1.170224442,0.009737776,0.007114096,0.006958216,19.28464515,0.258151213,0.299415735,0.034275082,0.09093714,0.226853341,0.179177506,0.359259007
Acinetobacter,0.334910265,0.016449849,0.001365355,1.332937463,0.003180662,0,0,0.001696554,0.00938738,0.004719727,0.003059039,0.014441824,0.016834244,5.122007544,0.11030453,0,0.012964644,0.001409443,0.003493267,0.003640269,0.001626783,0.001687764,0.004682452,0.001650056,0.004115678,0.005564443,0.007114096,0.147862088,0.324776187,0.045972134,0.218492563,0.143628915,0.04546857,0.077875028,0.184346088,0.095348362
Actinoallomurus,0,0,0,0,0,0,0.01461466,0.01187588,0.018774759,0.011012696,0.012236158,0.059371941,0,0,0,0,0,0,0.118771069,0.029122149,0.001626783,0.047257384,0.007804086,0.003300112,0,0,0,0,0,0,0,0.006528587,0.00649551,0.003385871,0.001722861,0.003405299
Actinophytocola,0.006007359,0.001370821,0.001365355,0,0,0,0,0.062772509,0,0,0.007647599,0,0,0,0,0,0,0,0,0,0,0,0,0,0,0,0,0,0,0,0.071212391,0,0,0,0.001722861,0.006810597
Aeromonas,0.00300368,0.001370821,0.001365355,0,0.001590331,0,0.008119256,0,0.003754952,0.003146485,0.006118079,0.004813941,0,0,0.001490602,0,0,0,0,0,0,0,0.001560817,0,0,0,0,0,0,0,0,0.001632147,0.001623877,0,0.001722861,0.115780154
Agaricicola,0,0,0,0,0,0,0.36049495,0.127241572,0.185870116,0.210814468,0.272254512,0.192557647,0,0,0,0,0,0,0.083838401,0.298502029,0.299328138,0.133333333,0.280947104,0.32176094,0,0,0,0.001739554,0,0,0.055027757,0.097928806,0.095808772,0.142206572,0.041348655,0.148130491
Albidiferax,0,0,0,0,0,0,0.02922932,0.022055206,0.001877476,0.012585938,0.099418783,0.041720824,0,0,0,0,0,0,0.001746633,0.005460403,0.001626783,0.005063291,0.009364903,0,0,0,0,0,0,0,0,0,0,0.003385871,0,0
Alcaligenes,0.028534955,0,0,0,0,0,0,0,0,0,0,0,0,0,0.005962407,0,0,0,0,0,0,0.067510549,0.048385335,0.003300112,0,0,0,0.001739554,0,0,0,0,0,0,0,0
Alcanivorax,0,0,0,0,0,0,1.422493586,1.625299018,1.654056287,1.283765713,1.921076782,3.039201528,0,0,0,0,0,0.001409443,0.36329974,0.340365119,0.078085601,0.172151899,0.126426197,0.196356676,0,0,0,0,0,0,0,0,0.014614897,0.001692935,0,0
Alicyclobacillus,0,0.001370821,0,0,0,0,0.060082492,0.062772509,0.046936898,0.254865252,0.093300704,0.017651118,0,0,0,0,0,0,0,0.007280537,0.011387484,0.01350211,0.010925721,0.001650056,0,0,0,0,0,0,0,0.001632147,0.001623877,0,0,0
Alistipes,14.13081024,0.242635266,0.013653555,0.023439697,0.014312977,3.360331915,0.004871553,0.008482771,0,0,0.009177118,0.194162294,2.607777421,1.53644831,5.020346714,2.04514445,0.551923397,1.461592671,0.027946134,0.014561075,0.011387484,0.050632911,0.048385335,0.046201571,0.010975141,0.030604438,0.01707383,0.013916432,0.022593126,0.033595021,0.123003221,0.045700109,0.022734285,0.02200816,0.022397188,0.035755636
Alkanibacter,0.00150184,0,0,0.568803325,0,0.050336338,0.987301484,0.456373106,0.394269943,0.38387112,1.13796268,0.378696706,0,0,0,0,0,0,0.055892268,0.041863089,0.058564201,0.212658228,0.2715822,0.074252525,0,0,0,0,0,0,0,0.024482201,0.003247755,0.001692935,0.113708802,0.068105973
Allobaculum,0.091612225,0,0,0,0,0,0,0.006786217,0,0,0,0,0.032138102,3.910399507,0.934607301,0.133475707,0.037041839,1.086680761,0.003493267,0.009100672,0.003253567,0.006751055,0.010925721,0,0.004115678,0.004173332,0.004268458,0.003479108,0.005648282,0.003536318,0.017803098,0.013057174,0.022734285,0.028779901,0.060300122,0.066403324
Alloprevotella,0,0,0,0,0,0,0.006495405,0.01187588,0,0,0,0.072209118,2.861821465,2.397044107,2.434152667,3.198967788,3.387476154,2.396053559,0.040172567,0.034582552,0.029282101,0.043881857,0.032777162,0.107253647,0.009603249,0.011128886,0.009959734,0.015655986,0.012708633,0.012377113,0.033987732,0.016321468,0.008119387,0.013543483,0.003445721,0.022134441
Altererythrobacter,0,0,0.001365355,0,0,0,0,0,0,0,0,0,0.006121543,0.009237164,0.004471805,0.001483063,0.005556276,0,0,0.010920806,0,0.001687764,0,0,0.023322175,0.004173332,0,0.001739554,0.014120704,29.72275267,0,0.008160734,0.004871632,0,0,0.001702649
Amycolatopsis,0,0.002741641,0.001365355,0.006250586,0,0,0.003247702,0,0.001877476,0,0.003059039,0.003209294,0,0,0,0,0,0,0,0,0,0,0,0,0,0,0,0,0,0,0.012947707,0.035907229,0.00649551,0,0.067191565,0.017026493
Anaerobacillus,0,0,0,0,0,0,0,0,0,0,0,0,0,0,0,0.438986771,0,0,0,0,0,0,0,0,0,0,0,0,0,0,0,0,0,0,0,0.003405299
Anaerofustis,0,0,0,0.046879395,0,0,0,0,0,0,0,0,0,0,0,0,0.005556276,0,0,0,0,0,0,0,0,0,0,0,0,0,0,0,0,0,0,0
Anaeromyxobacter,0,0,0,0,0,0,0.025981618,0.005089663,0.020652235,0.009439454,0.00152952,0.003209294,0,0.010776692,0,0.001483063,0,0,0.663720678,0.47141479,0.351385206,0.033755274,0.117061293,0.115503927,0,0,0,0,0,0,0.521145225,0.360704435,0.328023254,0.165907667,0.261874817,0.330313969
Anaeroplasma,0,0,0,1.581398256,0,0,0.001623851,0.003393109,0,0.13687208,0,0,0,0,0,0,0.001852092,0,0,0.001820134,0,0,0,0,0,0,0,0.001739554,0,0,0,0,0,0,0,0
Anaerostipes,0,0,0,0.092196143,0,0.160161076,0,0,0,0,0,0,0.010712701,0.004618582,0.915229478,0.204662751,0.074083678,0.045102185,0.001746633,0.005460403,0.003253567,0.005063291,0.001560817,0,0,0.002782222,0.002845638,0.003479108,0.00141207,0.003536318,0.029132342,0,0.008119387,0.001692935,0.001722861,0.006810597
Anaerotruncus,0,0,0,2.742444604,0,0.001525344,0,0.003393109,0.001877476,0,0,0,0.766723291,0.012316219,1.662020958,0.062288663,0.548219214,0.00422833,0.0104798,0.007280537,0.006507133,0.011814346,0.010925721,0.031351066,0.004115678,0.004173332,0,0.001739554,0.00141207,0.007072636,0.012947707,0.013057174,0.02598204,0.008464677,0,0.001702649
Aneurinibacillus,0,0,0,0,0,0,0.032477023,0.03562764,0.013142331,0.004719727,0.009177118,0.009627882,0,0,0,0,0,0,0.006986533,0.009100672,0.026028534,0.011814346,0.113939659,0.019800673,0,0,0,0,0,0,0.012947707,0.016321468,0.017862652,0.010157612,0.031011491,0.005107948
Aquabacterium,0.013516558,0.023303952,0.892942478,0.278151077,0.216284987,0.003050687,0.004871553,0.001696554,0.001877476,0.003146485,0.00152952,0.006418588,0.001530386,0,0.032793239,0.001483063,0.005556276,0,0,0.001820134,0,0,0,0,0,0,0,0,0,0,0.231440271,0.029378642,0.07794612,0.020315225,0.049962958,0.22645236
Aquicella,0,0.001370821,0,0,0,0,0.021110065,0.032234532,0.031917091,0.018878908,0.094830223,0.041720824,0,0,0,0.001483063,0.007408368,0,0.35805984,0.245718134,0.065071334,0.330801688,0.360548783,0.496666887,0,0,0,0,0,0,0.058264684,0.052228696,0.027605917,0.030472837,0.084420171,0.120888102
Arthrobacter,0.00300368,0,0,0.001562646,0.001590331,0,0,0.005089663,0,0,0.00152952,0,0.022955787,0.026171965,0.029812035,0.010381444,0.005556276,0.011275546,0.006986533,0.010920806,0.01464105,0.025316456,0.014047355,0.019800673,0.009603249,0.01669333,0.011382553,0.020874648,0.018356915,0.021217908,0,0.008160734,0.001623877,0.015236418,0,0.006810597
Asticcacaulis,0,0,0.08738275,0.010938525,0.003180662,0,0.659283557,0.497090409,0.459981601,0.582099649,0.414499847,0.627417,0.117839707,0.001539527,0.268308316,0,0,0,0.228808971,0.105567791,0.260285338,0.055696203,0.103013938,0.280509537,0,0,0.011382553,0.180913614,0,0.033595021,0.116529367,0.298682858,0.256572644,0.407997427,1.328325552,0.863243206
Atopostipes,0,0,0,0,0,0,0,0,0,0,0,0,0,0,0,0,0,0,0,0,0,0,0,0,0,0,0,0.050447065,0,0,0,0,0,0,0,0
Azoarcus,0,0,0,0,0,0,0,0,0,0,0,0,0.003060772,0.020013856,0,0.001483063,0,0.001409443,0.174663336,0.325804044,0.597029494,0.038818565,0.037459614,0.070952412,0,0,0,0,0,0,0.362535809,0.310107885,0.401097741,0.524809968,0.02584291,0.062998025
Azohydromonas,0,0,0.004096066,0,0.006361323,0.001525344,0.001623851,0,0.007509904,0.004719727,0,0.035302235,0.001530386,0.218612886,0.016396619,0.002966127,0,0.001409443,0.006986533,0,0.001626783,0,0,0.001650056,0,0,0.002845638,0,0,0,0,0,0,0.001692935,0.001722861,0.001702649
Azospirillum,0,0,0,0,0,0,0,0,0,0.001573242,0.029060875,0,0.001530386,0.006158109,0.001490602,0.317375571,0.007408368,0.001409443,0.0052399,0,0.465260041,0,0.003121634,0.003300112,0.002743785,0,0,0.003479108,0,0,0.415945102,0.589204981,1.219531999,2.495386751,0.246369071,0.20091262
Bacillus,1.718104678,0.001370821,0.001365355,0.025002344,0.986005089,0,0.094183365,0.149296778,0.127668363,0.198228529,0.211073723,0.099488118,0.004591157,0.004618582,0.002981204,0.00889838,0,0,0.078598501,0.101927522,0.162678336,0.116455696,0.087405766,0.112203815,0.009603249,0.105724421,0.004268458,0,0.004236211,0.7373223,0.037224659,0.078343045,0.060083467,0.072796221,0.199851834,0.069808622
bacterium_enrichment_culture_clone_auto79_4W,0,0,0,0,0,0,0,0,0,0,0,0,0,0,0,0,0,0,0.003493267,0.001820134,0,0.005063291,0,0.031351066,0,0,0,0,0,0,0,0,0,0,0,0
Bacteroides,18.09867087,0.031528876,6.477246351,11.41200738,0.042938931,7.118778505,0.032477023,0.310469437,0.197134972,0.331954124,0.159070052,0.487812706,13.21947263,12.68878454,10.94399809,11.28907872,1.609467894,10.08879493,0.284701238,0.247538268,0.122008752,0.153586498,0.117061293,0.217807405,0.078197882,0.047297767,0.108134257,0.078279929,0.039537971,0.072494519,0.950038034,0.363968728,0.209480197,0.277641402,0.337680685,0.412041136
Barnesiella,0,0,0,0,0,0,0,0,0,0,0,0,0.700916701,0.692787314,0.250421095,0.026695141,0.012964644,0.00422833,0,0,0,0,0,0,0,0.001391111,0,0,0,0.001768159,0,0,0,0,0,0
Bauldia,0,0,0,0,0,0,0.017862362,0,0.020652235,0,0.00152952,0.001604647,0,0,0,0.001483063,0,0,0.124010969,0.278480552,0.180572953,0.232911392,0.259095662,0.382813016,0,0,0,0,0,0.001768159,0.453169761,0.522286964,0.287426317,0.783829081,0.704650001,0.386501396
Bdellovibrio,0,0,0,0,0,0,0.193238284,0.072951835,0.031917091,0.0409043,0.122361578,0.154046118,0.009182315,0.003079055,0.005962407,0.00444919,0.001852092,0,0.16593017,0.282120821,0.139903369,0.288607595,0.218514414,0.178206059,0.009603249,0.001391111,0,0,0.008472422,24.82495226,0.053409293,0.016321468,0.03247755,0.106654929,0.101648778,0.088537765
Bifidobacterium,0.004505519,0.001370821,0.002730711,0.37503516,0.001590331,0.152534358,0.006495405,0,0.003754952,0.007866211,0.007647599,0.001604647,0.006121543,0.406435224,0.011924814,0.17351842,0.007408368,0,0.006986533,0,0.001626783,0.001687764,0.001560817,0.006600224,0.001371893,0.001391111,0.004268458,0.001739554,0.004236211,0.007072636,0.029132342,0.017953614,0.016238775,0.028779901,0.024120049,0.030647688
Bilophila,0.006007359,8.601899958,0.005461422,0.003125293,0.004770992,7.368934853,0,0.02375176,0,0,0.00152952,0.004813941,0.042850803,0.143176045,0.093907911,0.007415317,0.042598115,0.652572234,0.006986533,0.010920806,0.001626783,0.005063291,0.007804086,0.003300112,0,0.001391111,0,0.006958216,0.004236211,0,0,0.008160734,0.02598204,0.008464677,0,0.005107948
Blastochloris,0,0,0,0,0.001590331,0,0.003247702,0,0.00938738,0.006292969,0.010706638,0.011232529,0,0,0,0,0,0,0.040172567,0.091006716,0.112248052,0.089451477,0.123304562,0.103953534,0,0,0,0,0,0,0.017803098,0.009792881,0.011367142,0.008464677,0.005168582,0.027242389
Blautia,6.944507021,0.006854104,0.005461422,6.564677939,0.007951654,0.003050687,0,0.003393109,0,0,0,0.001604647,0.280060603,0.488030175,0.150550777,0.231357893,2.80962347,0.253699789,0.0261995,0.030942284,0.030908884,0.021940928,0.012486538,0.034651178,0.012347034,16.8700007,0.009959734,0.019135094,0.011296563,0.01768159,0.11329244,0.047332256,0.035725305,0.042323385,0.02756577,0.056187428
Bordetella,0,0,0,0,0,0,0.001623851,0,0,0,0,0,0,0,0,0,0,0,0,0.007280537,0,0,0,0,0,0,0,0,0,0,0.087397025,0.086503778,0.099056527,0.121891347,0.282549145,0.238370905
Bosea,0.00150184,0,0,0,0.001590331,0,0.006495405,0,0.005632428,0,0,0,0,0,0,0,0,0,0,0,0.003253567,0.003375527,0,0,0,0,0.002845638,0,0.156739812,0.003536318,0.009710781,0.00489644,0.027605917,0.005078806,0.022397188,0.022134441
Bradyrhizobium,0.007509199,1.172051707,0.006826777,0.148451417,0.011132316,0.003050687,0.677145919,0.788897749,0.707808422,0.41848245,0.503211991,1.17781094,0.001530386,0.001539527,0,0.001483063,0.038893931,0.001409443,0.274221438,0.609744999,1.006978901,0.784810127,0.881861743,1.037885288,0,0.001391111,0,0,0,0,0.869114862,1.268178035,0.946720579,1.130880834,0.952741933,1.18163863
Brevinema,0,0,0,0,0,0,0,0,0,0,0,0,0,0,0,0,0,0,0,0,0,0,0,0,0,0,0,0,0,0,0.105200123,0.05549299,0.009743265,0.016929354,0.056854401,0.010215896
Brevundimonas,0,0.001370821,0.034133887,1.153233116,0.003180662,0.013728092,0,0,0,0,0,0,0.001530386,0.001539527,0.001490602,0.043008839,0.001852092,0,0.012226434,0,0,0.001687764,0,0.001650056,0,0,0,0,0.024005196,0.003536318,0.016184634,0,0,0.003385871,0.001722861,0
Bryobacter,0,0.001370821,0,0,0.001590331,0,0.151018155,0.083131161,0.082608941,0.094394538,0.351789538,0.141208941,0,0,0,0.005932254,0.025929287,0.001409443,0.422685274,0.283940955,0.484781442,0.197468354,0.115500476,0.176556003,13.24150798,0,0.002845638,0.006958216,0,0.003536318,1.039053523,0.207282639,0.254948767,1.030997647,1.224953913,0.45120207
Burkholderia,0.018022077,0.028787235,10.28522276,1.104791074,0.012722646,0.341676963,9.519015297,19.81914731,9.364849896,20.18469865,7.470174365,14.0149874,0.030607716,0.004618582,0.013415416,0.103814439,0,0.019732206,2.317782474,1.909320908,2.038359552,1.54092827,1.618567482,1.607154643,0.013718927,0.015302219,0.008536915,0.005218662,0.108729419,0.026522385,0.372246589,0.483115442,1.148081389,0.860011173,0.732215771,1.043724035
Butyrivibrio,0,0,0,0,0,0,0,0,0,0,0,0,0,0.001539527,0,0.001483063,0.077787861,0.00422833,0,0.001820134,0,0.010126582,0.010925721,0.006600224,0,0.001391111,1.991946843,0,0.008472422,0.003536318,0,0,0,0,0,0
Byssovorax,0,0,0,0,0,0,0,0,0,0,0.004588559,0,0,0,0,0,0,0,0.083838401,0.049143627,0.032535667,0.042194093,0.014047355,0.244208303,0,0,0,0,0,0,0.027513878,0.006528587,0.001623877,0.027086966,0.118877384,0.034052986
Caedibacter_caryophilus,0,0,0,0,0,0,0,0,0,0,0,0,0,0,0,0,0,0,0,0,0,0,0,0,0,0,0,0,0,0,0,0,0,0,0.049962958,0.005107948
Caloramator,0,0,0,0,0,0,0,0,0,0,0,0,0,0,0,0,0,0,0,0.007280537,0.154544419,0,0,0,0,0,0,0,0,0,0.003236927,0.33785438,0.030853672,0.005078806,0,0
Campylobacter,0,0,0,0,0,0,0,0,0,0,0,0,0.006121543,0.007697637,0.005962407,0.026695141,0.007408368,0,0.0104798,0.001820134,0.003253567,0.028691983,0.024973076,0.018150617,0.030181639,0.006955554,0.008536915,0.020874648,0.009884493,0.014145272,0,0,0.003247755,0,0,0.010215896
Candidatus_Captivus,0,0,0,0,0,0,0.009743107,0.006786217,0,0.003146485,0.006118079,0.001604647,0,0,0,0,0,0,0.027946134,0.009100672,0,0,0,0.014850505,0,0,0,0,0,0,0.001618463,0.021217908,0.016238775,0.013543483,0.032734352,0.028945038
Candidatus_Koribacter,0,0,0,0,0,0,0.003247702,0,0,0,0.007647599,0,0,0,0,0,0.001852092,0,0,0.010920806,0.02440175,0,0.001560817,0.016500561,0,0,0,0.001739554,0,0,1.393497014,0.933587948,1.662850555,1.936718075,0.770118705,0.558468978
Candidatus_Lariskella,0,0,0,0,0,0,0,0,0,0,0,0,0,0,0,0,0,0,0,0,0,0,0,0,0,0,0,0,0,0,0.003236927,0.008160734,0.003247755,0.001692935,0.02584291,0.020431792
Candidatus_Methylacidiphilum,0,0,0,0,0,0,0.003247702,0,0.035672043,0,0.033649434,0,0,0,0,0,0,0,0.001746633,0.003640269,0,0.011814346,0,0.006600224,0,0,0,0,0,0,0,0,0.001623877,0,0,0
Candidatus_Microthrix,0,0,0,0,0,0,0,0,0,0,0,0,0,0,0,0,0,0,0,0,0,0,0,0,0,0,0,0,0,0,0.016184634,0,0,0.005078806,0.044794377,0.023837091
Candidatus_Nitrotoga,0,0,0,0,0,0,0,0,0,0,0,0,0,0,0,0,0,0,0,0,0,0,0,0.001650056,0,0,0,0,0,0,0.174794051,0.248086308,0.08444163,0.230239212,0.125768827,0.037458285
Candidatus_Odyssella,0,0,0,0,0,0,0.001623851,0.003393109,0.003754952,0,0.027531355,0.129976412,0,0,0,0,0,0,0.0157197,0,0,0.005063291,0.003121634,0.001650056,0,0,0,0,0,0,0,0.00489644,0.001623877,0.001692935,0,0.003405299
Candidatus_Soleaferrea,0,0,0,0,0,0,0,0,0,0,0,0,0,0,0,0,0,0,0,0,0,0,0,0,0,0,0,0,0,0,0.5001052,0,0.029229795,0.094804381,0.037902934,0
Candidatus_Solibacter,0,0,0,0,0.001590331,0,0.040596278,0.027144869,0.007509904,0.042477542,0.099418783,0,0,0,0,0.005932254,0.020373011,0,1.367613924,1.2831947,1.33070879,1.517299578,1.732507141,1.562603129,0.001371893,0.001391111,0,0.005218662,0,0,2.171977924,1.13923844,1.63362076,1.139345511,0.920007581,1.454062521
Castellaniella,0,0.001370821,0,0,0,0,0.302036309,0.268055579,0.367985281,0.306782248,0.559804221,0.324138706,0,0,0,0,0,0,0.0209596,0.06734497,0.056937418,0.023628692,0.012486538,0.018150617,0,0,0,0,0.00141207,0,0.084160098,0.040803669,0.095808772,0.250554436,0.258429096,0.110672206
Catenibacterium,0,0,0,0,0,0,0,0,0,0,0,0,0.276999832,0.021553383,0,0,0,0,0,0,0,0,0,0,0,0,0,0,0.00141207,0,0,0,0,0,0,0
Catenulispora,0,0,0,0,0.001590331,0,0,0.003393109,0,0,0.00152952,0,0,0,0,0,0,0,0.047159101,0.005460403,0,0.001687764,0,0,0,0,0,0,0,0,0,0,0,0,0,0
Caulobacter,0,0,0,0.001562646,0,0.001525344,0,0,0,0,0,0,0.001530386,0,0.007453009,0.037076585,0.001852092,0,0.047159101,0,0.011387484,0.001687764,0,0,0.024694068,0,1.109798956,0,0,0.003536318,0.077686245,0.057125137,0.029229795,0.050788061,0.051685819,0.044268882
Cellulomonas,0,0,0,0,0,0,0,0,0,0,0,0,0,0,0,0,0,0,0.038425934,0.003640269,0.16918547,0,0.001560817,0.011550393,0,0,0,0,0,0,0.281612637,0.23176484,0.189993667,0.411383297,0.461726651,0.481849758
Cetobacterium,0,0,0,0,0,0,0.01461466,0,0.024407187,0.012585938,0.030590395,0.008023235,0,0,0,0.001483063,0,0,0,0,0.001626783,0.001687764,0,0,0.02057839,0,0,0.006958216,0,0.003536318,0,0,0.003247755,0,0,0.001702649
Chitinophaga,0,0.104182374,0,0,0.001590331,0,0,0,0,0,0.388498012,0.001604647,0,0,0,0,0,0,0,0,0,0,0,0,0,0,0,0,0,0,0.258954149,0.086503778,0.060083467,0.101576123,0.268766259,0.154941088
Chlorochromatium,0.024029436,0,0,0,0,0,0.034100874,0.106882921,0.065711657,0.053490238,0.119302539,0.184534412,0,0,0,0.139407961,0,0,0.006986533,0.003640269,0.003253567,0.010126582,0.003121634,0,0,0,0,0,0.00141207,0,0,0,0,0.001692935,0,0
Christensenellaceae_R-7_group,0,0,0,0,0,0,0.001623851,0,0,0,0,0,0.228027486,0.090832115,0,0.00444919,0.077787861,0,0,0,0,0.005063291,0.003121634,0,0.002743785,0.001391111,0.001422819,0,0.00141207,0.005304477,2.091054753,0.112618127,0.917490784,0.932807395,0.103371638,0.137914595
Chromobacterium,0.00300368,0,0.025941754,0,0.033396947,0.030506872,0.051963236,0,0.043181946,0.0409043,0,0,0,0,0,0,0,0,0,0,0,0,0,0,0,0,0,0,0,0,0,0,0,0,0,0
Chryseobacterium,3.093789893,0.010966566,0,0.081257618,0,0.001525344,0.001623851,0.008482771,0.005632428,0,0.17283573,0.277603941,0.001530386,1.325533061,0,0.142374088,0.001852092,0,0.001746633,0.001820134,0,0.001687764,0,0.001650056,0.002743785,0.002782222,0,0,0.00141207,0.068958201,0.021040025,0.001632147,0.003247755,0.570519223,1.199111004,0.859837908
Cloacibacterium,0,0,0,0,0,0,0,0,0,0,0,0,0.001530386,0.003079055,0.001490602,0.069703981,0,0,0.006986533,0.001820134,0,0,0,0,0,0,0.001422819,0,0.628371318,4.07383832,0,0,0,0,0,0
Clostridium_sensu_stricto_1,0,0,0,0.006250586,0.003180662,0.004576031,0,0.005089663,0,0,0,0.001604647,0.146917038,8.22107613,0.007453009,0.002966127,0.037041839,0,0.003493267,0.005460403,0.001626783,0.008438819,0.007804086,0.009900337,0.004115678,0.001391111,0.004268458,0.003479108,0.004236211,0.008840795,0.106818586,0.014689321,0.021110407,0.02200816,0.031011491,0.039160934
Clostridium_sensu_stricto_12,0,0,0,0,0,0,0,0,0,0,0,0,0,0,0,0,0,0,0.059385534,0,0,0,0,0,0,0,0,0,0,0,0.071212391,0.109353833,0.03897306,0.082953834,0.003445721,0
Clostridium_sensu_stricto_7,0,0,0,0,0,0,0,0.001696554,0,0,0.021413276,0,0,0,0,0,0,0,0.003493267,0,0,0.001687764,0,0,0,0,0,0,0,0,0,0,0.003247755,0,0.008614303,0
Clostridium_sensu_stricto_9,0,0,0,0,0,0,0,0,0,0,0,0,0,0,0,0,0,0.001409443,0,0,0,0,0.001560817,0.001650056,0,0,0,0,0,0,0.001618463,0,0.03247755,0.005078806,0.044794377,0.013621195
Collinsella,0,0,0,0,0,0.001525344,0,0,0,0,0,0,0.001530386,0.006158109,0.001490602,0.71187044,0,0.82311487,0,0,0,0.001687764,0.001560817,0,0,0.001391111,0,0,0.00141207,0,0.040461586,0.016321468,0.008119387,0.008464677,0.010337164,0.008513247
Comamonas,0.00300368,0.001370821,1.725809314,0,0,0,0.003247702,0,0,0.089674811,0.299785867,0.094674176,0.001530386,0,0.002981204,0,0.001852092,0.028188865,0.017466334,0.027302015,0.027655317,0,0.003121634,0,0,0.001391111,0.001422819,0,0.00141207,0.007072636,0.050172366,0.006528587,0.024358162,0.123584283,0.651241321,0.028945038
Conexibacter,0,0,0,0,0,0,0.001623851,0.001696554,0.005632428,0,0,0.001604647,0,0,0,0,0,0,0,0.005460403,0.008133917,0.001687764,0,0,0,0,0,0,0,0,0,0.011425027,0.003247755,0.003385871,0,0.001702649
Coprobacillus,0,0,0,0,0,0,0,0,0,0,0,0,0.550938892,0.337156493,0.210174848,0.215044195,0.005556276,0.280479211,0,0.01274094,0.011387484,0.003375527,0,0.023100785,0,0,0,0,0,0,0,0,0,0,0,0.001702649
Coprococcus_1,0,0,0,0.001562646,0,0,0.008119256,0.003393109,0.016897283,0.004719727,0.009177118,0.006418588,0.460646129,0.026171965,2.905182822,0.016313698,0.409312318,0.100070472,0.0157197,0.003640269,0.006507133,0.011814346,0.007804086,0.011550393,0.001371893,0.009737776,0.002845638,0.006958216,0.005648282,0.005304477,0.001618463,0,0.003247755,0,0.001722861,0.010215896
Coprococcus_2,0,0,0,0,0,0,0,0,0,0,0,0,0.104066235,0.001539527,0.001490602,0.002966127,1.637249273,0,0.001746633,0.003640269,0,0.001687764,0.003121634,0.003300112,0.001371893,0.001391111,0.002845638,0.005218662,0,0.001768159,0,0,0.001623877,0,0,0
Corynebacterium_1,0.00150184,0,0,0,0,0,0,0.032234532,0,0,0,0,0.001530386,0.003079055,0.041736849,0,0.035189747,0,0,0,0,0.005063291,0.001560817,0.001650056,0.001371893,3.017319329,0,0.001739554,0.107317349,0.019449749,0.189360221,0.003264294,0.009743265,0.006771742,0.006891443,0.010215896
Coxiella,0,0,0,0,0,0,0,0,0,0,0,0,0,0,0,0,0,0,0,0,0.050430284,0,0,0,0,0,0,0,0,0,0,0,0,0,0.005168582,0
Crenotalea,0.00150184,0,0,0.001562646,0,0.001525344,4.47370985,5.020104168,5.136774121,5.344304076,5.308962986,3.51257241,0,0,0,0.002966127,0,0.001409443,1.203430388,1.05203764,0.863821965,0.671729958,0.927125443,0.859679229,0,0.001391111,0.001422819,0,0,0,0.038843122,0.181168291,0.282554684,0.28949195,0.063745844,0.083429817
Cupriavidus,0.291356912,0.001370821,0,0,1.377226463,0,0,0,0,0,0,0,0.847833739,0.31560311,0.013415416,0.001483063,0,1.020436927,0.001746633,0.005460403,0,0.001687764,0.004682452,0,0.005487571,2.139528413,0.002845638,0.005218662,0.032477619,0.005304477,0.029132342,0.021217908,0.014614897,0.020315225,0.10854022,0.093645713
Curtobacterium,0.00150184,0.498978739,0.002730711,0,0.001590331,0,0.064954045,0.013572434,0.016897283,0.026745119,0.015295197,0.088255588,0.009182315,0.003079055,0.005962407,0.001483063,0.00926046,0,0.075105235,0.023661746,0.034162451,0.038818565,0.012486538,0.036301234,0.002743785,0.005564443,0,0.005218662,0.005648282,0.008840795,0.012947707,0.017953614,0.021110407,0.076182092,0.139551712,0.408635837
Cytophaga,0,0,0,0,0,0,0,0,0,0,0,0,0,0,0,0,0,0,0,0,0,0,0,0,0,0,0,0,0,0,0.037224659,0.011425027,0.01299102,0.011850548,0.005168582,0.006810597
Defluviicoccus,0,0,0,0,0,0,0.34588029,0.310469437,0.105138652,0.234413102,0.39767513,0.136395,0,0,0.001490602,0,0,0,0.200862837,0.123769134,0.422963674,0.079324895,0.110818024,0.108903703,0,0,0,0,0,0,0.087397025,0.073446604,0.167259382,0.159135926,0.263597678,0.267315944
denitrifying_bacterium_enrichment_culture_clone_NOA_1_F10,0,0,0,0,0,0,0,0,0,0,0,0,0,0,0,0,0,0,0,0,0,0,0,0,0,0,0,0,0,0,0.077686245,0.027746495,0.004871632,0.049095126,0.399703668,0.040863584
Dermabacter,0,0,0,0,0,0,0,0,0,0,0,0,0,0,0,0,0,0.184637068,0,0,0,0,0,0.001650056,0,0,0,0,0,0,0,0,0,0.001692935,0,0
Derxia,0.154689495,0,0,0,0,0,0,0,0,0,0,0,0,0,0,0,0,0,0,0,0,0,0,0,0,0,0,0,0,0,0,0.150157502,0.167259382,0.010157612,0.001722861,0.001702649
Desulfitobacterium,0,0,0,0,0,0,0,0,0,0,0,0,0,0,0,0,0,0,0,0,0.011387484,0,0,0,0,0,0,0,0,0,0.029132342,0.705087401,1.060392004,0.221774535,0.001722861,0
Desulfobulbus,0,0,0,0,0,0,0,0,0,0,0,0,0,0,0,0,0,0,0,0,0,0,0,0,0,0,0,0,0,0,0,0.05059655,0.212727952,0.042323385,0,0.015323844
Desulfosporosinus,0,0,0,0,0,0,0,0,0,0,0,0,0,0,0,0,0,0,0,0,0.118755185,0,0,0,0,0,0,0,0,0,0.016184634,0.767108978,0.155892239,0.023701095,0.003445721,0.023837091
Desulfotomaculum,0,0,0,0,0,0,0,0,0,0,0,0,0,0,0,0,0,0,0,0,0,0,0,0,0,0,0,0,0,0,0.033987732,0.048964403,0.113671425,0.196380504,0.02756577,0.088537765
Desulfovibrio,0.006007359,0,0.002730711,0,0,0,0,0,0,0,0,0,0.59532008,0.112385498,1.041930627,0.350002966,0.596373604,7.388301621,0.019212967,0.009100672,0.317222755,0.008438819,0.010925721,0.019800673,0.004115678,0.004173332,0.009959734,0.015655986,0.005648282,0.328877573,1.501934064,0.399875957,0.441694679,0.758435051,0.570266871,0.543145134
Desulfovirga,0,0,0,0,0,0,0,0,0,0,0,0,0,0,0,0.001483063,0,0,0,0,0,0,0,0,0,0,0,0,0,0,1.723663554,0.009792881,0.01299102,0.215002793,2.315524697,0.287747735
Desulfurispora,0,0,0,0,0,0,0,0,0,0,0,0,0,0,0,0,0,0,0,0,0,0,0,0,0,0,0,0,0,0,0.053409293,0.256247042,1.489095663,0.494337131,0.015505746,0.015323844
Devosia,0,0.002741641,0,0.004687939,0,0,1.365658796,0.858456475,1.043876612,0.947091862,1.286326094,1.927181117,0,0,0.001490602,0.005932254,0,0.001409443,0.738825913,0.791758432,0.985830717,0.546835443,0.708611029,0.617120982,0,0,0.001422819,0.001739554,0.00141207,0.001768159,0.653859226,0.664283732,0.716129975,1.481318458,1.902038144,1.392767146
dgA-11_gut_group,0,0,0,0,0,3.576930704,0,0,0,0.001573242,0,0,0,0,0,0,0,0,0,0,0,0,0,0,0,0,0,0,0,0,0,0,0,0,0,0
Dialister,0,0,0,0,0,0,0,0,0,0,0,0,0.015303858,0.132399353,0.031302637,0.007415317,0.016668827,0.002818887,0.012226434,0.020021478,0.011387484,0,0.006243269,0.014850505,0.013718927,0.020866662,0.008536915,0.019135094,0.016944845,0.024754226,0.032369269,0.029378642,0.003247755,0.005078806,0.015505746,0.010215896
Dielma,0,0,0,0,0,0,0,0,0,0,0,0,0.35811028,0,0,0,0.001852092,0,0,0,0,0,0,0,0,0.001391111,0,0,0,0,0,0,0,0,0,0
Dokdonella,0,0.001370821,0,0,0,0,0.001623851,0,0,0,0,0,0,0,0,0,0,0,0,0,0.008133917,0,0,0,0,0,0,0,0,0,0.461262078,0.173007557,0.185122034,0.374138719,0.528918216,0.50228155
Dongia,0,0,0,0,0,0,0.035724725,0,0.001877476,0.011012696,0.013765678,0.011232529,0.001530386,0,0.235515077,0.001483063,0.003704184,0,0.083838401,0.043683224,0.146410503,0.025316456,0.040581248,0.018150617,0,0,0,0,0,0,0.839982521,0.768741125,0.331271009,0.573905094,1.552297435,0.844514064
Dyadobacter,0,0.07676596,0,0,0,0.001525344,0,0,0,0,0,0,0,0,0,0,0,0,0.001746633,0,0,0,0,0,0,0,0.001422819,0,0,0,0.001618463,0,0,0,0.015505746,0
Dyella,0,0.001370821,0,0.3125293,0,0,0.024357767,0.001696554,0.082608941,0.001573242,0.00152952,0.038511529,0,0,0,0.001483063,0,0,0.244528671,0.05460403,0.136649802,0.005063291,0.015608172,0.024750842,0,0,0,0,0,0,0.286468027,0.612055036,0.310160601,0.496030067,0.797684475,0.57719812
Dysgonomonas,0,0.002741641,0.001365355,1.334500109,0.001590331,0.006101374,0,0.003393109,0.024407187,0.003146485,0.00152952,0,0.681021686,0.073897314,0.001490602,0,0.005556276,0,0,0.001820134,0,0,0.003121634,0,0,0,3.002148457,0.003479108,0,0,0.008092317,0,0.01299102,0,0,0
Edaphobacter,0,0,0,0,0,0,0.867136501,0.636207862,0.735970561,0.673347702,0.809115938,0.330557294,0,0,0,0,0,0,0.398232407,0.524198686,0.478274308,0.631223629,0.455758635,0.589070028,0,0.001391111,0,0,0,0,0.092252416,0.101193099,0.133157955,0.123584283,0.129214548,0.108969557
Eisenbergiella,0.051062552,0,0.001365355,0,0.001590331,0,0,0,0,0,0,0,0.003060772,0.001539527,0.001490602,0,0.001852092,0.005637773,0,0.003640269,0,0.001687764,0.001560817,0,0,0,0,0,0,0.003536318,0.037224659,0.001632147,0.003247755,0,0.008614303,0.008513247
Elizabethkingia,0,0,0,0,0,0,0.045467832,0,0,0,0,0.016046471,0,0,0,0,0,0,0.0052399,0.005460403,0,0,0,0,0,0,0,0,0,0,0.003236927,0.019585761,0.008119387,0.001692935,0.005168582,0.027242389
Elstera,0,0,0,0,0,0,0.004871553,0,0.001877476,0,0.00152952,0,0,0,0,0,0,0,0.136237402,0.171092627,0.081339168,0.037130802,0.02809471,0.039601346,0,0,0,0,0,0,0.008092317,0.021217908,0.014614897,0.033858708,0.008614303,0.001702649
Enterobacter,0.145678456,6.319483475,8.123865048,5.317686033,0.163804071,0.006101374,0.125036537,0.161172658,1.041999136,0.062929692,0.844294891,0.194162294,0.479010759,0.043106766,0.047699256,0.072670107,0.04815439,0.023960536,0.0209596,0.163812089,0.130142669,0.027004219,0.020290624,0.031351066,0.012347034,0.022257773,0.005691277,0.022614202,0.042362111,0.076030837,0.378720443,0.145261062,0.139653465,0.094804381,1.428251469,0.475039161
Enterococcus,0,0,0,0,0.001590331,0.001525344,0,0,0,0,0,0.001604647,0.027546945,0.006158109,0,0.877973542,0.001852092,0,0,0.001820134,0,0,0,0,0,0,0,0,0,0,0.022658488,0.001632147,0,0.001692935,0,0.005107948
Enterorhabdus,0,0,0,0,0,0,0,0,0,0,0,0,0.085701605,0,0,0,0.00926046,0,0,0,0,0.006751055,0,0,0,0,0,0,0,0.001768159,0,0,0,0,0.001722861,0
Eoetvoesia,0,0,0,0,0,0,0.01461466,0.013572434,0.018774759,0.02045215,0.006118079,0.035302235,0,0,0,0,0,0,0.0104798,0.005460403,0.003253567,0.001687764,0.007804086,0.006600224,0,0,0,0,0,0,0.006473854,0.013057174,0.004871632,0.018622289,0.008614303,0.015323844
Epilithonimonas,0,0,0,0,0,0,0,0,0,0,0,0,0,0,0,0.978821854,0,0,0,0,0,0.001687764,0,0,0,0,0,0,0,0,0,0,0,0,0,0
Epulopiscium,0,0,0,0,0,0,0,0,0,0,0,0,0,0,0,0,0,0,0,0,0,0,0,0,0,0,0,0,0,0,0.059883147,0.011425027,0.009743265,0.016929354,0.037902934,0.013621195
Erysipelatoclostridium,0.00150184,0,0,0.823514705,0.001590331,0,0,0.005089663,0,0.003146485,0,0.003209294,0.633579725,0.11700408,0.171419202,0.219493386,0.005556276,0.009866103,0.003493267,0.01274094,0.006507133,0.003375527,0.003121634,0.008250281,0,0,0.002845638,0.001739554,0,0.001768159,0.012947707,0.003264294,0.00649551,0.005078806,0.010337164,0.003405299
Erysipelotrichaceae_UCG-003,0,0,0,0,0,0,0,0,0,0,0,0,0,0,0,0,0,0.108527132,0,0,0,0,0,0.001650056,0,0,0,0,0,0,0.055027757,0.003264294,0.001623877,0.003385871,0.018951467,0.006810597
Escherichia-Shigella,5.217391304,4.049404378,3.517155691,5.952120511,0.014312977,0.016778779,0.056834789,0.025448314,0,0,0.006118079,0.389929235,0.370353366,0.124701717,0.232533874,0.129026517,0.074083678,0.093023256,0.164183536,0.167452358,0.112248052,0.15021097,0.068675959,0.132004488,0.104263842,0.073728873,0.071140959,0.132206102,0.064955237,0.08840795,1.149109036,0.346015114,0.206232442,0.192994633,0.477232397,0.389906695
Ethanoligenens,0,0,0,0,0,0,0,0,0,0,0,0,0,0,0,0.001483063,0,0,0,0,0.0195214,0,0,0.001650056,0,0,0,0,0,0,0.014566171,0.33295794,0.021110407,0.001692935,0.003445721,0
Exiguobacterium,0,0.001370821,0,1.742350845,0.001590331,0,0,0,0,0,0,0,0.003060772,0.006158109,0.005962407,0.001483063,0.003704184,0,0,0.003640269,0.001626783,0.006751055,0.006243269,0.001650056,0.001371893,14.1016902,0,0.003479108,0.00141207,0.005304477,0,0,0,0,0,0
Ezakiella,0,0,0,0,0,0,0,0,0,0,0,0,0.009182315,0.010776692,0.014906018,0.057839473,0.011112552,0.028188865,0.055892268,0.029122149,0.032535667,0.05907173,0.039020431,0.031351066,0.02057839,0.009737776,0.022765107,0.027832864,0.014120704,0.021217908,0,0.017953614,0.003247755,0,0.001722861,0
Faecalibacterium,0.018022077,4.030212888,0.08738275,0.15157671,11.74618321,8.724965298,0.14452275,0.001696554,0.003754952,0.111700203,0.009177118,0.003209294,0.788148692,0.181664229,0.040246247,0.731150264,0.029633471,3.681465821,0.0052399,0.01274094,0.042296367,0.025316456,0.012486538,0.008250281,0.012347034,0.005564443,0.012805373,0.02609331,0.004236211,0.014145272,0.681373104,0.360704435,0.201360809,0.208231052,0.442775184,0.359259007
Faecalitalea,0,0,0.004096066,0.135950245,0.027035623,0,0,0.001696554,0,0,0.00152952,0,0,0,0,0,0,0,0,0,0,0,0,0,0,0,0,0,0,0,0,0,0,0,0,0
Family_XIII_AD3011_group,0,0,0,0,0,0,0,0,0,0,0,0,0.003060772,0.020013856,0,0,0.018520919,0,0,0,0,0.001687764,0.001560817,0,0.004115678,0,0,0,0,0,0,0,0,0,0,0
Ferrovibrio,0,0,0,0,0,0,0,0,0,0,0.00152952,0,0,0,0,0,0,0,0,0.001820134,0.01464105,0,0,0,0,0,0,0,0,0,0.064738537,0.084871632,0.029229795,0.108347864,0.096480196,0.085132466
Ferruginibacter,0,0,0,0,0,0,0,0,0,0,0.00152952,0,0,0,0.001490602,0.001483063,0,0,0.58162891,0.327624179,0.144783719,0.182278481,0.209149511,0.285459706,0,0,0,0,0,0,0.270283393,0.031010788,0.040596937,0.191301698,0.966524818,0.446094122
Fibrisoma,0,0.542845001,0.001365355,0,0,0,0,0,0,0,0,0,0,0,0,0,0,0,0,0,0,0,0,0,0,0,0,0,0,0,0,0,0,0,0,0
Filimonas,0,0,0,0,0,0,0,0,0,0,0,0,0,0,0,0,0,0,0,0,0,0,0,0,0,0,0,0,0,0,0.022658488,0.019585761,0.02598204,0.106654929,0.077528729,0.095348362
Filomicrobium,0,0,0,0,0,0,0,0,0,0,0,0,0,0,0,0,0,0,0,0,0,0,0,0,0,0,0,0,0,0,0.025895415,0.011425027,0.00649551,0.008464677,0.02756577,0.02553974
Finegoldia,0,0,0,0,0,0,0,0,0,0,0,0,0.007651929,0.006158109,0.005962407,0.002966127,0.001852092,0.015503876,0.006986533,0.016381209,0.008133917,0.006751055,0.009364903,0.003300112,0.001371893,0.002782222,0.001422819,0.006958216,0.005648282,0.003536318,0,0.011425027,0.003247755,0,0.010337164,0.005107948
Flavisolibacter,0,0,0,0,0,0,0,0,0,0,0.188130927,0,0,0,0,0,0,0,0,0,0,0,0,0,0,0,0,0,0,0,0.05179083,0.044067963,0.056835712,0.137127766,0.170563203,0.192399373
Flavobacterium,0,0,0,0,0,0,0,0,0,0,0,0,0,0,0,0,0,0,0,0,0,0,0,0,0,0,0,0,0,0,0.032369269,0.008160734,0.07145061,0.121891347,0.158503179,0.018729143
Flavonifractor,0.004505519,0,0,0,0.003180662,0,0.001623851,0,0.001877476,0,0.036708474,0,0,0,0,0.001483063,0,0,0,0,0,0,0,0.003300112,0,0.001391111,0,0.001739554,0,0,0.001618463,0.001632147,0,0.006771742,0.012060024,0.005107948
Fluviicola,0,0,0,0,0,0,0,0,0,0,0,0,0,0,0,0,0,0,0,0,0,0,0,0,0,0,0,0,0,0,0.001618463,0,0.001623877,1.366198852,0.031011491,0.190696724
Fodinicola,0,0.001370821,0,0,0,0,0,0,0,0,0,0,0,0,0,0,0,0,0,0,0.0097607,0,0,0,0,0,0,0,0,0,0.027513878,0.009792881,0.01299102,0.010157612,0.086143032,0.136211946
Fonticella,0,0,0,0,0,0,0,0,0,0,0,0,0.001530386,0,0,0.002966127,0,0,0,0.001820134,0.291194222,0.001687764,0,0.001650056,0,0,0,0,0,0,0,0.071814458,0.060083467,0.005078806,0.010337164,0.030647688
Frankia,0,0,0.005461422,0,0,0,0.040596278,0.008482771,0.00938738,0.011012696,0.003059039,0.004813941,0,0,0,0,0,0,0.034932667,0.030942284,0.048803501,0.028691983,0.063993507,0.016500561,0,0,0,0.029572418,0,0,0.003236927,0.013057174,0.004871632,0.04401632,0.010337164,0.020431792
Fusicatenibacter,0,0,0,0.003125293,0,0,0,0,0,0,0,0,0.136204337,0.003079055,0.001490602,0,0.003704184,0,0.003493267,0,0,0,0,0,0,0,0.001422819,0.001739554,0.004236211,0.001768159,0.024276951,0.008160734,0.003247755,0.001692935,0.005168582,0.005107948
Fusobacterium,0.00300368,0.001370821,0,0.001562646,0,0,0,0,0,0,0,0.001604647,0.001530386,0,0.202721839,0.228391766,0,0,0.0104798,0,0.003253567,0.006751055,0.012486538,0.008250281,0.009603249,0,0.014228192,0.006958216,0.00141207,0.001768159,0.072830854,0.024482201,0.03897306,0.04401632,0.051685819,0.044268882
Gaiella,0,0,0,0,0,0,0,0,0,0,0,0,0,0,0,0,0,0,0.048905734,0.040042955,0.006507133,0.001687764,0,0,0,0,0,0,0,0,0,0,0.014614897,0.047402191,0.018951467,0.032350337
gamma_proteobacterium_OR-113,0,0,0,0,0,0,0.051963236,0.115365692,0.086363892,0.202948256,0.05659223,0.484603411,0,0,0,0,0,0,0,0.001820134,0,0,0.001560817,0,0,0,0,0,0,0,0,0,0,0,0,0
Gardnerella,0,0,0,0,0,0,0,0,0,0,0,0,0.015303858,0.016934801,0.016396619,0.011864507,0.00926046,0,0.006986533,0,0,0.016877637,0.007804086,0.006600224,0,0.006955554,0,0,0.004236211,0.010608954,0,0,0,0.008464677,0,0
Gemella,0,0,0,0,0,0,0,0,0,0,0,0,0.087231991,0,0,0,0,0,0.001746633,0,0,0.003375527,0.001560817,0.001650056,0,0,0,0,0,0,0.006473854,0.00489644,0.01299102,0.005078806,0.003445721,0.006810597
Gemmatimonas,0,0,0,0,0,0,0.12990809,0.100096704,0.037549518,0.066076176,0.047415112,0.019255765,0.299955619,0.007697637,0.032793239,0.00444919,0.005556276,0.005637773,1.970202435,3.396370652,4.709537831,2.124894515,2.071204483,1.806811432,0.001371893,0,0,0.003479108,0,0.001768159,1.383786233,2.123422938,2.567350319,1.767424537,1.097462226,2.313900429
Geobacillus,0,0,0,0,0,0,0.025981618,0.027144869,0.020652235,0.001573242,0.012236158,0.004813941,0,0.001539527,0,0,0.007408368,0.001409443,0.001746633,0.018201343,0.030908884,0.001687764,0.003121634,0.016500561,0.001371893,0,0,0,0,0.001768159,0.033987732,0.019585761,0.009743265,0.008464677,0.067191565,0.008513247
Geobacter,0.563189908,0.001370821,0.001365355,0,0,0,0.003247702,0,0,0,0,0,0,0,0.005962407,0.007415317,0,0.005637773,4.990131521,3.876886114,4.166192188,0.288607595,0.293433642,0.273909313,0.001371893,0.001391111,0,0.001739554,0,0.001768159,1.641121919,1.263281594,1.193549959,1.335726015,1.35072274,0.572090172
Georgfuchsia,0,0,0,0,0,0,0,0,0,0,0,0,0,0,0,0,0,0,0,0,0,0,0,0,0,0,0,0,0,0,0.00485539,0.006528587,0,0.011850548,0.018951467,0.020431792
Gordonia,0,0,0,0,0,0,0.003247702,0,0.016897283,0,0.033649434,0,0,0,0,0,0,0,0,0,0,0,0,0,0,0,0,0,0,0,0.001618463,0,0,0,0,0.001702649
Gracilibacter,0,0,0,0,0,0,0,0,0,0,0,0,0,0,0,0,0,0,0,0,0,0.001687764,0,0,0,0,0,0,0,0,0.299415735,0,0.001623877,0.005078806,0,0
Granulicella,0,0,0.001365355,0.003125293,0,0,0.670650515,0.464855878,0.585772487,0.382297878,0.604160294,0.240697059,0.003060772,0.001539527,0,0.011864507,0.003704184,0,3.776221333,2.76842431,2.288884189,3.093670886,2.924971515,2.517985612,0.001371893,0.001391111,0,0.001739554,0,0,0.55675142,2.301326935,1.870706874,0.328429464,0.144720294,0.280937138
Haemophilus,0,0,0,0,0,0,0,0,0.001877476,0,0,0,0.013773472,0,0.017887221,0.001483063,0.001852092,0,0,0,0,0,0,0,0,0.001391111,0,0,0,0,0.046935439,0.042435816,0.029229795,0.025394031,0.022397188,0.056187428
Haliangium,0,0,0,0,0,0.001525344,0.030853171,0.054289738,0.033794567,0.006292969,0.039767513,0.080232353,0,0.001539527,0,0.001483063,0.001852092,0,0.078598501,0.10920806,0.161051553,0.094514768,0.177933166,0.052801795,0,0,0,0,0,0,0.145661709,0.102825246,0.345885906,0.101576123,0.206743277,0.333719267
Halioglobus,0,0,0,0,0,0,0,0,0,0,0,0,0.003060772,0.001539527,0.002981204,0,0.005556276,0,0,0,0,0,0,0,0.002743785,0.004173332,0.008536915,0.003479108,0.004236211,0.005304477,0,0,0,0,0,0
Halobacillus,0,0,0,0,0,0,0,0,0,0,0,0,0,0,0.001490602,0,0,0,0.003493267,0,0,0,0,0,0.001371893,0,9.962579856,0.001739554,0,0,0,0,0,0,0,0
Halomonas,2.13111061,0.320772046,1.714886471,2.006438104,6.237277354,0.620814839,0.016238511,0.005089663,0.035672043,0.048770511,0.042826552,0.093069529,0.782027149,0.389500423,1.529357402,4.078424393,0.016668827,0.713178295,0.003493267,0.001820134,0.00488035,0.011814346,0.004682452,0.008250281,1.714865829,2.154830632,8.771680207,23.32046063,3.607839815,2.296838532,0,0,0,0,0,0
Helicobacter,0.004505519,0.001370821,0.001365355,0,0,0.001525344,0,0.001696554,0,0.02045215,0.00152952,0.120348529,1.115651256,1.342467862,0.070058283,0.729667201,2.094715982,0.222692037,0.033186034,0.018201343,0.016267834,0.028691983,0.048385335,0.042901459,0.023322175,0.022257773,0.021342288,0.02609331,0.011296563,0.01768159,0,0.006528587,0,0.005078806,0,0
Herbaspirillum,0,0,0.215726164,0,0,0,0,0.003393109,0.001877476,0,0.244723157,0,0,0,0,0.005932254,0,0,0.155450369,0.070985239,0.097607002,0.054008439,0.054628604,0.02970101,0.004115678,0.001391111,0,0.001739554,0.00141207,0.014145272,0.012947707,0.032642935,0.04546857,0.123584283,0.213634719,0.27753184
Hirschia,0,0,0,0.001562646,0,0,0.001623851,0,0,0,0.00152952,0,0,0,0,0,0,0,0,0,0,0,0.001560817,0,0,0,0,0,0,0,0.030750805,0.017953614,0.01299102,0.011850548,0.017228606,0.023837091
Holdemania,0,0,0,0,0,0,0,0,0,0,0,0,0.110187778,0,0,0,0,0,0,0,0,0,0,0,0,0,0,0,0,0,0,0,0,0,0,0
Humibacter,0,0,0.019114977,0,0,0,0.021110065,0.008482771,0.00938738,0.029891604,0.006118079,0.099488118,0,0,0,0,0.00926046,0,0,0.003640269,0.022774967,0.023628692,0.003121634,0.004950168,0,0,0,0,0,0,0.027513878,0.00489644,0.001623877,0.001692935,0.015505746,0.013621195
Hungatella,0,0,0,0,0,0,0,0,0,0,0,0,0.001530386,0,0.001490602,0.010381444,0.001852092,0.001409443,0.003493267,0,0,0,0.007804086,0.004950168,0.001371893,0.001391111,0.001422819,0,0,0,0.153754026,0.026114348,0.00649551,0.016929354,0.05340868,0.005107948
Hydrogenoanaerobacterium,0,0,0,0.02656499,0,0,0,0,0,0,0,0,0,0,0,0,0,0,0,0,0,0,0,0,0,0,0,0,0,0,0,0,0,0,0,0
Hydrogenophaga,0,0,0,0.003125293,0,0,0,0.001696554,0,0,0,0,0,0,0,0,0,0,0,0,0,0.001687764,0,0,0,0,0,0,0,0.001768159,0.059883147,0,0,0.001692935,0.001722861,0.015323844
Hydrotalea,0,0,0,0,0,0,0,0,0,0,0,0,0,0,0,0,0,0,0,0,0.081339168,0,0,0.047851627,0,0,0,0,0,0,0.016184634,0.045700109,0.708010588,0.897255752,0.094757335,0.296260982
Hyphomicrobium,0,0,0,0,0,0,0.030853171,0.010179326,0.003754952,0.0409043,0.004588559,0,0,0,0,0,0,0,0.071611968,0.05460403,0.032535667,0.006751055,0.029655528,0.014850505,0.001371893,0.001391111,0,0.001739554,0.00141207,0.001768159,0.155372489,0.008160734,0.060083467,0.142206572,0.223971883,0.15153579
Ideonella,0,0,0.076459906,0,0,0,0,0.001696554,0,0,0,0.001604647,0,0,0.02534023,0.001483063,0.001852092,0,0.118771069,0.08008591,0.065071334,0.001687764,0.003121634,0.001650056,0.001371893,0,0.002845638,0.001739554,0.00141207,0,3.31623157,4.731593465,2.008736461,0.326736528,0.472063815,0.459715317
Ignavibacterium,0,0,0,0,0,0,0,0,0,0,0,0,0,0,0,0,0,0,0,0,0,0,0,0,0,0,0,0,0,0,0.011329244,0.001632147,0.004871632,0.016929354,0.003445721,0.011918545
Incertae_Sedis,0.00150184,3.810881575,0,0.003125293,4.895038168,4.142833173,0,0,0,0,0.00152952,0.001604647,0.440751113,0.598876145,1.3579382,0.352969093,2.954086641,0.070472163,0.022706234,0.027302015,0.0097607,0.01350211,0.026533893,0.013200449,0.028809746,0.011128886,0.907758633,0.029572418,0.015532774,0.044203975,0.069593928,0.102825246,0.310160601,0.06602448,0.031011491,0.039160934
Inquilinus,0,0,0,0,0,0,0.126660388,0.098400149,0.19338002,0.039331057,0.162129091,0.091464882,0,0,0,0.001483063,0,0,0.241035404,0.192934239,0.149664069,0.069198312,0.071797593,0.16500561,0,0,0,0,0,0,0.035606195,0.040803669,0.05845959,0.082953834,0.091311614,0.064700674
Intestinibacter,0,0,0,0,0.004770992,0,0,0,0,0,0.00152952,0,0.006121543,0.474174428,0.043227451,0,0.164836182,0,0.001746633,0.001820134,0.001626783,0.006751055,0.001560817,0.011550393,0,0.005564443,0.001422819,0.00869777,0.004236211,0.003536318,0.027513878,0,0.003247755,0,0,0
Intestinimonas,0,0,0.256686828,0,0,0,0,0,0,0,0,0,0,0,0,0,0,0,0,0,0,0,0,0,0,0,0,0,0,0,0,0,0,0,0,0
Jatrophihabitans,0.00150184,0.004112462,1.086822954,0.001562646,0,0,0.34588029,0.179834756,0.260969153,0.204521498,0.370143775,0.394743176,0,0.001539527,0,0,0,0.001409443,0.300420939,0.413170492,0.250524638,0.383122363,0.280947104,0.458715596,0,0,0,0,0,0,0.048553903,0.11588242,0.152644485,0.211616923,0.1619489,0.103861609
Klebsiella,1.845761057,0.50172038,5.894239565,5.231740476,11.72550891,0.022880154,0.641421195,0.100096704,1.011959522,0.578953165,0.729580912,0.019255765,1.153910901,0.203217612,0.14458837,0.034110459,0.014816736,0.042283298,0.083838401,0.154711418,0.131769452,0.060759494,0.012486538,0.018150617,0.012347034,0.011128886,0.001422819,0.055665727,0.019768985,0.014145272,0.548659103,0.133836035,0.354005294,0.216695729,1.788329342,0.555063679
Krasilnikovia,0.00150184,0.002741641,6.899141191,0,0,0,0.001623851,0,0,0,0,0,0,0,0,0,0,0,0,0,0,0,0,0,0,0,0,0,0,0,0.008092317,0,0,0,0,0
Kribbella,0,0,0,0,0,0,0,0,0.018774759,0,0,0,0,0,0,0,0,0,0,0,0.0097607,0.006751055,0,0,0,0,0,0,0,0,0.029132342,0.011425027,0.01299102,0.005078806,0.018951467,0.034052986
Kroppenstedtia,0,0,0,0,0,0,0.001623851,0.01187588,0.011264856,0.044050784,0,0,0,0,0,0,0,0,0.008733167,0.001820134,0,0,0,0,0,0,0,0,0,0,0,0,0.003247755,0.001692935,0,0
Kushneria,0,0,0,0.078132325,0,0,0,0,0,0,0,0,0,0,0,0,0,0,0,0,0,0,0,0,0,0,0,0,0,0,0,0,0,0,0,0
Kytococcus,0,0,0,0,0,0,0,0,0,0,0,0,0,0.001539527,0.001490602,0.001483063,0,0,0.001746633,0.003640269,0,0,0.004682452,0,0.002743785,0,1.156751988,0,0,0,0.014566171,0,0,0.006771742,0.008614303,0.008513247
Lachnoclostridium,0.175715251,7.986401459,0.113324504,7.628840204,0.019083969,0.012202749,0.004871553,0.006786217,0.013142331,0.180922864,0.035178954,0.53434747,2.044595443,1.553383111,1.660530356,2.33137569,0.396347675,1.828047921,0.008733167,0.034582552,0.02440175,0.015189873,0.035898797,0.021450729,0.013718927,0.011128886,0.041261756,0.015655986,0.015532774,0.015913431,0.189360221,0.096296659,0.043844692,0.040630449,0.158503179,0.061295376
Lachnoclostridium_5,0,0,0,0,0,0,0,0,0,0,0,0,0.191298226,0.05234393,0,0.086017678,0.020373011,0.014094433,0.0104798,0.003640269,0.001626783,0,0,0,0,0,0,0.516647532,0,0,0,0.003264294,0,0.001692935,0.001722861,0
Lachnospira,0,0,0,0,0.003180662,0,0,0,0,0,0,0,0,0.007697637,0.010434212,0.759328469,0,0,0.001746633,0,0,0,0,0,0,0,0,0,0.002824141,0,0.011329244,0.017953614,0.003247755,0.003385871,0.005168582,0.013621195
Lachnospiraceae_FCS020_group,0,0,0,0.232834328,0,0,0,0,0,0,0,0,0,0.035409129,0.001490602,0,0.075935769,0,0,0,0,0.003375527,0,0,0,0,0,0.001739554,0,0,0,0,0,0.001692935,0,0.001702649
Lachnospiraceae_ND3007_group,0,0,0,0,0,0,0,0,0,0,0,0,0.001530386,0.001539527,0,0.001483063,0.022225103,0.001409443,0,0,0.001626783,0,0,0,0,0,0,0,0,0,0,0,0.00649551,0,0,0.003405299
Lachnospiraceae_NK4A136_group,0,0.001370821,0,0.003125293,0,0.003050687,0,0.025448314,0.001877476,0.001573242,0.00152952,0.025674353,0.804982936,0.609652837,0.785547125,3.35617251,15.13714741,0.972515856,0.143223936,0.092826851,0.100860568,0.136708861,0.098331486,0.12705432,0.12895791,0.102942199,1.089879487,0.132206102,0.090372504,0.164438786,0.063120074,0.032642935,0.021110407,0.016929354,0.032734352,0.034052986
Lachnospiraceae_UCG-001,0,0,0,0,0,0,0.084440259,0.001696554,0.003754952,0.001573242,0.003059039,0.003209294,0.067336976,0.007697637,0.008943611,0.309960254,0.58340896,0.00422833,0.0104798,0,0.003253567,0.005063291,0.004682452,0,0.006859463,0.002782222,0.005691277,0.003479108,1.94300884,0.014145272,0,0,0,0,0,0
Lachnospiraceae_UCG-005,0,0,0,0,0,0,0,0,0,0,0,0,0.006121543,0.009237164,0.004471805,0,0.101865057,0,0.001746633,0,0,0.001687764,0.001560817,0.001650056,0.006859463,0.004173332,0.20630878,0.015655986,0.009884493,0.007072636,0,0,0,0,0,0
Lachnospiraceae_UCG-006,0,0,0,0,0,0,0,0,0,0,0.012236158,0,0.052033118,0,0.056642867,0.014830634,0.096308781,0.021141649,0.0157197,0.003640269,0.013014267,0.015189873,0.014047355,0.018150617,0,0,0,0.005218662,0,0,0,0,0,0,0,0.001702649
Lachnospiraceae_UCG-008,0.00150184,0,0.001365355,0.001562646,0,0,0,0,0,0,0.00152952,0,0.506557703,0.003079055,0.013415416,0.002966127,0.074083678,0,0.001746633,0,0,0.001687764,0,0,0.004115678,0.001391111,5.590256534,0.001739554,0.00141207,0,0.009710781,0,0,0,0.003445721,0
Lactobacillus,0.009011039,3.706699201,0.008192133,0.571928618,0.007951654,0.009152062,0.050339385,0.003393109,0.005632428,0.003146485,0.003059039,0.036906882,4.428936535,2.8804557,2.981203512,1.477131162,3.696775508,3.271317829,0.18164987,0.156531552,0.128515886,0.183966245,0.112378842,0.247508415,0.367667234,0.105724421,0.219114153,0.16177852,0.098844926,0.137916401,0.072830854,0.024482201,0.029229795,0.028779901,0.039625795,0.04937683
Lactococcus,0,0,0,0,0,0,0,0,0,0,0,0,0,0.004618582,0,0,0,0.002818887,0,0,0.001626783,0,0.049946152,0.001650056,0.002743785,0.001391111,0.001422819,0.005218662,0.004236211,0,0,0,0,0,0,0
Leeia,0,0,0,0,0,0,0,0,0,0,0,0,0,0,0,0,0,0,0,0,0,0,0,0,0,0,0,0,0,0,0,0,0,0,0.065468704,0
Legionella,0,0,0,0,0,0,0.045467832,0.028841423,0.020652235,0,0.177424289,0.009627882,0,0,0,0,0,0,0.054145634,0.018201343,0,0,0.001560817,0.008250281,0,0,0,0,0,0,0,0.00489644,0.00649551,0.071103286,0.087865893,0.143022543
Lentibacter,0,0,0,0,0,0,0,0,0,0,0,0,0.02907733,0.032330075,0.032793239,0,0.031485563,0,0,0,0,0,0,0,0.005487571,0.038951102,0.004268458,0.00869777,0.028241408,0.044203975,0,0,0,0,0,0
Limnobacter,0,0,0.181592278,0,0,0,0.04384398,0.22903483,0,0,0.00152952,0.004813941,0,0,0.001490602,0,0,0,0.097811468,0.016381209,0.131769452,0,0,0,0,0,0,0,0,0,0.084160098,0,0,0.005078806,0.013782885,0.010215896
Loktanella,0,0,0,0,0,0,0,0,0,0,0,0,0.01836463,0.020013856,0.014906018,0,0.016668827,0,0,0,0,0,0,0,0.043900565,0.015302219,0.024187926,0.038270188,0.021181056,0.021217908,0,0,0,0,0,0
Luedemannella,0,0,0,0,0,0,0,0.044110412,0,0,0.004588559,0,0,0,0,0,0,0,0,0,0,0.001687764,0,0,0,0,0,0,0,0,0.019421561,0.001632147,0.011367142,0.010157612,0.05340868,0.027242389
Lutispora,0,0,0,0,0,0,0,0,0,0,0,0,0,0,0,0,0,0,0,0,0,0,0,0,0,0,0,0,0,0,0.111673977,0.044067963,0.073074487,0.167600603,0.015505746,0.005107948
Lysinibacillus,0,0,0,0,0,0,0.004871553,0.016965543,0.011264856,0,0.016824717,0,0,0,0,0,0,0,0.0261995,0.009100672,0.006507133,0.008438819,0,0.026400898,0,0,0,0,0,0,0.008092317,0.00489644,0.008119387,0.010157612,0.034457213,0.008513247
Magnetospirillum,0,0,0,0,0,0,0,0,0,0,0,0,0.001530386,0,0,0.001483063,0.001852092,0,0.001746633,0,0,0,0,0,0,0,0,0,0,0,1.979380776,1.263281594,0.349133661,0.235318018,0.172286064,0.129401348
marine_metagenome,0,0,0,0,0,0,0,0,0,0,0,0,0,0,0,0,0,0,0,0,0,0,0,0,0,0,0,0,0,0,0,0,0,0.035551643,0.015505746,0
Marmoricola,0,0.009595745,0.001365355,0,0,0,0.095807216,0.010179326,0.030039615,0.140018564,0.033649434,0.136395,0.001530386,0,0.002981204,0.002966127,0,0.001409443,0.104798002,0.08008591,0.065071334,0.13164557,0.078040862,0.079202693,0,0,0.002845638,0,0,0.001768159,0.038843122,0.11588242,0.024358162,0.067717415,0.315283497,0.141319894
Marvinbryantia,0,0,0,0,0,0,0,0,0,0,0,0,0.001530386,0,0,0,0.142611079,0,0,0,0,0,0,0,0,0,0,0,0,0,0.032369269,0,0,0,0,0
Massilia,0.088608545,0,0.076459906,0.001562646,0.001590331,0,0.006495405,0.003393109,0,0,0.067298868,0.009627882,0,0.003079055,0,0,0.001852092,0,0,0.001820134,0.00488035,0,0,0.001650056,0,0.001391111,0,0,0,0,0.001618463,0.00489644,0.001623877,0.006771742,0.003445721,0.003405299
Mesorhizobium,0.00150184,0.004112462,0,0.001562646,0,0.003050687,0.756714624,0.61584921,0.615812102,0.681213914,0.810645457,0.540766059,0,0,0,0.002966127,0,0,0.232302237,0.262099343,0.592149143,0.153586498,0.145156004,0.217807405,0.001371893,0,0,0.003479108,0,0.005304477,0.252480295,0.151789649,0.302041214,0.675481217,0.859707458,0.798542532
Methylobacillus,0,0,0,0,0,0,0,0,0,0,0,0,0,0,0,0,0,0,0,0,0,0,0,0,0,0,0,0.001739554,0,0,0.024276951,0,0.001623877,0.001692935,0.006891443,0.008513247
Methylobacterium,0.012014718,0.004112462,0,0,0,0.004576031,0,0,0.003754952,0.018878908,0.007647599,0.003209294,0.071928133,0.001539527,0.004471805,0.904668684,0.00926046,1.247357294,0.003493267,0.001820134,0,0.001687764,0.015608172,0.016500561,3.465400867,0.187799958,0.001422819,0.107852347,0.618486825,3.278166773,0.001618463,0.001632147,0.001623877,0.001692935,0.005168582,0
Methylocaldum,0,0,0,0,0,0,0,0,0,0,0,0,0,0,0,0,0,0,0,0,0,0,0,0,0,0,0,0,0,0,0.012947707,0.008160734,0.004871632,0.033858708,0.058577262,0.023837091
Methylophilus,0,0,0.001365355,0.001562646,0,0.001525344,0.04384398,0.006786217,0.007509904,0.001573242,0.016824717,0.003209294,0,1.194673235,2.304470315,0.038559649,0.001852092,0.001409443,0.043665834,0.045503358,0.39205479,0.001687764,0.014047355,0.019800673,0.006859463,0.079293316,2.398873127,0.003479108,0.482928069,2.52846736,0.001618463,0,0.001623877,0,0,0.003405299
Methylorosula,0,0,0,0,0,0,0.008119256,0.010179326,0.005632428,0,0.009177118,0,0,0,0,0,0,0,0.012226434,0.030942284,0.027655317,0.025316456,0.020290624,0.021450729,0,0,0,0.001739554,0,0,0.132714001,0.127307447,0.092561017,0.1100408,0.182623228,0.171967582
Methyloversatilis,0.018022077,0.009595745,0.010922844,0.059380567,0.011132316,0.004576031,0.016238511,0.028841423,0.018774759,0.015732423,0.016824717,0.011232529,0.036729259,0.360249403,0.667789587,0,0,0.053558844,0.0104798,0.007280537,0,0,0.018729807,0.001650056,0.002743785,0,1.964913279,0.003479108,0.0381259,0.090176109,0.001618463,0.001632147,0.003247755,0,0.001722861,0.003405299
Microbacter,0,0,0,0,0,0,0,0,0,0,0,0,0,0,0,0,0,0,0,0,0,0,0,0,0,0,0,0,0,0,0,0,0.01299102,0.121891347,0,0
Microbispora,0,0,0,0,0,0,0,0.001696554,0,0.003146485,0,0,0,0,0,0,0,0,0.006986533,0.001820134,0,0.025316456,0.001560817,0,0,0,0,0,0,0,0.014566171,0.019585761,0.009743265,0.011850548,0.132660269,0.07491657
Micrococcus,0,0,0,0,0,0,0,0.001696554,0,0,0,0,0,0,0.001490602,0,0,0,0,0,0,0,0,0,0.002743785,0,0.371355804,0,0,0,0,0,0,0,0,0
Mizugakiibacter,0.010512878,0.004112462,0.005461422,0.003125293,0.004770992,0.006101374,16.85232698,16.51086643,17.96181214,14.38730079,15.60874885,15.59075081,0,0.006158109,0.001490602,0.020762888,0,0.011275546,3.650463731,6.013723813,3.941696084,6.629535865,7.203171581,6.380766946,0.001371893,0.001391111,0.001422819,0.001739554,0,0.003536318,0.831890203,1.571757332,1.029538332,1.792818568,0.732215771,1.164612136
Mobilitalea,0,0,0,0.025002344,0,0,0,0,0,0,0,0.001604647,0,0,0,0,0,0.001409443,0,0,0.001626783,0,0,0.001650056,0,0,0,0,0,0,0,0.003264294,0,0,0.013782885,0
Moraxella,0.018022077,7.273574689,0.068267774,0.734443854,0.011132316,7.320123858,0.003247702,0.001696554,0.001877476,0.02045215,0.1162435,0,0.007651929,0.004618582,0,1.707005992,0.014816736,0.00422833,0.057638901,0.001820134,0.001626783,0.003375527,0.001560817,0,0.598145201,0.001391111,0,0.005218662,5.967409416,0.694886484,0,0,0,0,0,0
Morganella,0,0,0,0,0,0,0,0.008482771,0,0,0,0,0.503496932,0,0.001490602,0,0.007408368,0,0,0,0,0,0,0,0,0,0,0.001739554,0,0,0.148898636,0.151789649,0.12341469,0.025394031,0.044794377,0.044268882
Mucilaginibacter,0,0.858133765,0,0,0,0,0.001623851,0,0,0,0.081064546,0,0.001530386,0,0,0.005932254,0.003704184,0,1.208670288,0.70257185,0.741813213,2.940084388,2.672119122,1.437198865,0,0,0.001422819,0.001739554,0,0,0.43860359,1.677846872,0.870398337,0.341972947,0.118877384,0.948375673
Mucispirillum,0,0.008224924,0,0,0,0,0,0,0,0,0,0.008023235,0.009182315,0.009237164,0.017887221,0.00889838,0.455614617,0.012684989,0.012226434,0.010920806,0.0097607,0.008438819,0.007804086,0.009900337,0.008231356,0.002782222,0.007114096,0.010437324,0.012708633,0.012377113,0,0,0,0.003385871,0.001722861,0
Mycobacterium,0.00150184,0.005483283,0.002730711,0.068756446,0.004770992,0.070165805,0.732356858,1.045077448,0.743480465,0.698519579,0.6821658,0.983648646,0,0,0,0.001483063,0.001852092,0,0.129250869,0.194754373,0.250524638,0.195780591,0.237244221,0.226057686,0,0,0.001422819,0,0,0,0.043698513,0.104457393,0.102304282,0.069410351,0.237754768,0.166859634
Nakamurella,0,0,0,0,0,0,0.017862362,0.022055206,0.069466609,0.026745119,0.007647599,0.008023235,0,0,0,0,0,0,0.017466334,0.021841612,0.030908884,0,0.015608172,0.014850505,0,0,0,0,0,0,0.05664622,0.063653724,0.04546857,0.145592443,0.039625795,0.020431792
Nautella,0.00150184,0,0,0,0,0,0,0,0,0,0,0,0.019895016,0.015395274,0.016396619,0,0.020373011,0,0,0,0,0,0,0,0.017834605,0.013911108,0.011382553,0.022614202,0.009884493,0.021217908,0,0,0,0,0,0
Neisseria,0,0,0,0,0,0,0,0,0,0,0,0,0,0.001539527,0.047699256,0,0,0,0,0,0.058564201,0,0,0,0,0,0,0,0,0,0.043698513,0.047332256,0.035725305,0.020315225,0.022397188,0.035755636
Nesterenkonia,0.090110385,0.738872363,0.035499242,1.190736632,0.683842239,0.173889169,0.001623851,0.001696554,0,0.012585938,0,0.008023235,0,0,1.165650573,0.002966127,0.00926046,0.002818887,0,0,0,0.001687764,0,0,0.002743785,0.001391111,1.811248808,0.546219949,0,0,0,0,0,0,0,0
Nevskia,0.028534955,0,0,0.153139357,0,0.001525344,0.037348576,0.039020749,0.322925858,0.039331057,0.108595901,0.044930118,0,0,0,0,0,0,2.069760537,0.968311461,0.836166648,1.078481013,1.06447736,0.848128836,0,0,0,0,0,0.001768159,0.022658488,0.360704435,0.178626524,0.096497317,0.034457213,0.132806647
Niastella,0,0,0,0,0,0,0,0,0,0,0.00152952,0,0,0,0,0,0,0,0,0.001820134,0,0,0,0,0,0,0,0,0,0,0.025895415,0.044067963,0.009743265,0.010157612,0.098203056,0.054484778
Nitratireductor,0,0,0.001365355,0,0,0,0.037348576,0.010179326,0.018774759,0.007866211,0.00152952,0.003209294,0,0,0,0,0,0,0.0209596,0.081906045,0.069951685,0.047257384,0.029655528,0.041251403,0,0,0,0,0.00141207,0,0.025895415,0.235029134,0.177002647,0.272562596,0.075805868,0.202615269
Nitrobacter,0.00150184,0,0.279897871,0.001562646,1.14980916,0.001525344,0,0,0,0.014159181,0,0,0.004591157,0,0.074530088,0,0,0,0,0,0,0,0.004682452,0,0.100148164,0.001391111,0.095328885,0,0.052246604,0.003536318,0,0,0,0,0,0
Nitrosococcus,0,0,0,0,0,0,0.032477023,0.016965543,0.005632428,0.001573242,0.035178954,0.004813941,0,0,0,0,0,0,0,0.001820134,0,0,0,0,0,0,0,0,0,0,0,0,0,0,0,0
Nitrosomonas,0,0,0,0,0,0,0,0,0,0,0,0,0,0,0,0,0,0,0,0,0,0,0,0,0,0,0,0,0,0,0.046935439,0.003264294,0,0,0.049962958,0.040863584
Nitrospira,0.00150184,0,0,0,0,0,0,0.003393109,0.001877476,0,0,0,0,0,0,0.00444919,0,0,0.029692767,0.003640269,0,0,0,0,0.001371893,0,0,0,0,0.005304477,0.053409293,0.003264294,0.003247755,0.005078806,0.003445721,0.005107948
Nocardia,0,0,0,0,0,0,0.167256666,0.030537977,0.028162139,0.022025392,0.078005506,0.253534235,0,0.001539527,0.001490602,0.001483063,0.001852092,0,0,0.003640269,0.008133917,0.015189873,0,0.023100785,0,2.876817138,0,0,0.00141207,0.003536318,0.00485539,0.011425027,0.009743265,0.016929354,0.196406113,0.011918545
Nocardioides,0.00150184,0.058945291,4.661323576,0,0.001590331,0.001525344,0.550485531,0.32743498,0.307906051,0.188789075,0.256959315,0.271185353,0.003060772,2.270802864,0.001490602,0.001483063,0,0,0.054145634,0.085546313,0.022774967,0.05907173,0.040581248,0.052801795,0,0.002782222,0,0,0.004236211,0,0.05664622,0.104457393,0.042220815,0.174372344,0.149888875,0.182183477
Nonomuraea,0,0,0,0,0,0,0.024357767,0.001696554,0,0,0,0,0,0,0,0,0,0,0.001746633,0,0,0,0,0.004950168,0,0,0,0,0,0,0,0,0,0,0.003445721,0.005107948
Novosphingobium,0.00300368,0,0.009557488,0.023439697,0.001590331,0,0.001623851,0.061075955,0.076976513,0.001573242,0.016824717,0,0,0.004618582,0.005962407,0.001483063,0,0,0.001746633,0.003640269,0.029282101,0,0,0.001650056,0,0.063991097,0.001422819,0.003479108,0.00141207,0.010608954,0.271901856,0.05059655,0.266315909,0.142206572,0.835587409,0.55165838
NS3a_marine_group,0,0,0,0,0,0,0,0,0,0,0,0,0.050502732,0.063120622,0.046208654,0,0.062971126,0,0,0,0,0,0,0,0.111123306,0.036168881,0.076832235,0.106112793,0.049422463,0.061885565,0,0,0,0,0,0
Oceanobacillus,0,0,0,0.082820264,0,0,0,0,0,0,0,0,0,0,0,0,0,0,0,0,0,0,0,0,0,0,0,0,0,0,0,0,0,0,0,0
Ochrobactrum,0,0,0.001365355,0,0,0,0.006495405,0,0.026284663,0.026745119,0.010706638,0.020860412,0,0,0,0.001483063,0,0.001409443,0,0.001820134,0.001626783,0.001687764,0.001560817,0,0,0,0,0.001739554,0.00141207,0,0.00485539,0,0.003247755,0.016929354,0.05340868,0.034052986
Odoribacter,0.00300368,0.004112462,0,0,0.001590331,0.001525344,0,0,0,0.048770511,0,0,0.177524754,0.294049727,0.793000134,0.136441834,0.096308781,0.149400987,0.0209596,0.005460403,0.003253567,0.016877637,0.01716899,0.018150617,0,0.001391111,0.001422819,0.001739554,0,0.007072636,0.038843122,0,0.004871632,0.010157612,0.013782885,0.011918545
Oligoflexus,0,0,0,0,0,0,0,0,0,0,0,0,0,0,0,0,0,0,0,0,0,0.001687764,0,0,0,0,0,0,0,0,0.014566171,0,0.009743265,0.001692935,0.022397188,0.054484778
Olsenella,0,0,0,0,0,0,0,0,0,0,0,0,0.022955787,0.009237164,0.017887221,2.476715904,0,0,0.001746633,0,0,0.001687764,0,0,0,0,0,0,0,0.001768159,0,0,0,0,0,0
Oscillibacter,0,0,0,0,0,0,0,0.013572434,0,0,0,0,0.390248382,0.015395274,0.011924814,0.002966127,0.763061878,0.007047216,0.012226434,0.01274094,0,0.001687764,0.004682452,0.003300112,0.002743785,0.005564443,0.007114096,0.005218662,0.005648282,0.005304477,0,0,0,0,0,0.001702649
Oscillospira,0,0,0,0,0,0,0,0,0,0,0,0,0,0.061581095,0,0,0.242624044,0,0,0,0,0,0,0,0,0,0,0.001739554,0.00141207,0,0,0,0,0,0,0
Ottowia,0,0,0,0,0,0,0.162385113,0.184924419,0.217787207,0.15732423,0.033649434,0.255138882,0,0,0,0,0,0,0.003493267,0.009100672,0.045549934,0.021940928,0.01716899,0,0,0,0,0,0,0,0,0.008160734,0,0,0,0.005107948
Oxobacter,0,0,0,0,0,0,0,0,0,0,0,0,0,0,0,0,0,0,0,0,0.008133917,0,0,0,0,0,0,0,0,0,0.105200123,0.083239485,0.118543057,0.069410351,0.003445721,0.005107948
Pandoraea,0.024029436,0.001370821,2.641962835,0.001562646,0,0.001525344,0.353999545,0.395297151,0.555732873,0.446800812,0.234016519,0.243906353,0.007651929,0.007697637,0.008943611,0,0.007408368,0,0.398232407,0.058244298,0.087846302,0.035443038,0.037459614,0.090753086,0,26.05828754,0,0,0.008472422,0.012377113,0.016184634,0.091400219,0.415712639,0.030472837,0.089588753,0.131103998
Pantoea,0,0,0.001365355,0,0.001590331,0,0.001623851,0,0,0.289476582,0.033649434,0.006418588,0.044381188,0.001539527,0.093907911,0.013347571,0.005556276,0.022551092,0.001746633,0.010920806,0.035789234,0.035443038,0.026533893,0.033001122,0.008231356,0.01669333,0,0.01739554,0.039537971,0.005304477,0.001618463,0.001632147,0,0.001692935,0.031011491,0.008513247
Parabacteroides,29.3654727,23.35741408,13.77916741,9.639966247,30.28466921,21.08787504,0.025981618,0.38681438,0.140810694,0.353979516,0.527684307,0.200580882,0.797331007,0.135478408,0.0849643,0.014830634,0.257440779,0.14235377,0.022706234,0.021841612,0.011387484,0.015189873,0.010925721,0.011550393,0.017834605,0,0.008536915,0.019135094,0.008472422,0.008840795,0.224966417,0.062021577,0.029229795,0.064331544,0.086143032,0.088537765
Paracocccus,0,0,0,0.076569678,0,0,0,0,0,0,0,0,0,0,0.002981204,0,0.001852092,0,0,0,0,0,0,0,0,0,0.001422819,0,0,0,0,0,0,0,0,0
Parafilimonas,0,0,0,0,0,0,0,0,0,0,0,0,0,0,0,0,0.003704184,0,0.022706234,0.016381209,0.029282101,0.133333333,0.120182928,0.402613689,0,0,0,0,0,0,1.76412514,3.184318334,0.71288222,2.502158493,3.926399394,2.467138868
Paraprevotella,0,0,0,0,0,0,0,0,0,0,0,0,0.003060772,0,0,0.347036839,0.325968181,0.135306554,0.001746633,0,0,0,0.001560817,0,0,0,0,0,0,0,0,0,0,0,0,0
Parasutterella,0.00150184,0.001370821,0.001365355,5.047348189,0.003180662,3.610488262,0,0.008482771,0,0.001573242,0,0,0.157629738,0.086213532,0.007453009,0.016313698,0.111125516,0.00422833,0.013973067,0.005460403,0.003253567,0.010126582,0.006243269,0.011550393,0.006859463,0.012519997,0.007114096,0.001739554,0.005648282,0.003536318,0.00485539,0.026114348,0.00649551,0.013543483,0.024120049,0.008513247
Parvibaculum,0,0,0,0,0,0,0,0,0,0,0,0,0,0,0.001490602,0.010381444,0,0,1.000820918,1.02655576,0.61004376,2.732489451,2.829761663,1.900864629,0,0,0,0.003479108,0,0,0.055027757,0.230132694,0.215975707,0.314885981,0.491015282,0.35244841
Parvimonas,0,0,0,0,0,0,0,0,0,0,0,0,0,0,0,0,0,0,0.008733167,0.001820134,0,0,0,0,0,0,0,0,0,0,0.097107806,0.00489644,0.003247755,0.003385871,0.012060024,0.003405299
Pasteurella,0,0,0,0,0,0,0,0,0,0,0,0,0,0,0.061114672,0,0.005556276,0,0,0,0,0,0,0,0,0,0,0,0,0,0.016184634,0,0,0,0,0
Paucimonas,0,0,0.083286684,0,0,0,0,0,0,0.001573242,0,0,0,0,0,0,0,0,0.029692767,0.010920806,0.011387484,0,0.003121634,0.003300112,0,0,0,0,0,0,0.142424782,0.303579298,0.060083467,0.177758215,0.199851834,0.333719267
Pedobacter_sp._BS03,0,0,0,0,0,0,0,0,0,0,0,0,0,0,0,0,0,0,0,0,0,0,0,0,0,0,0,0,0,0,0.00485539,0.013057174,0.011367142,0.062638609,0.008614303,0.005107948
Pedosphaera,0,0,0,0,0,0,0,0,0.013142331,0,0,0,0,0,0,0,0,0,0.0052399,0.001820134,0,0.021940928,0.001560817,0.011550393,0,0,0,0,0,0,0,0.009792881,0.001623877,0,0,0
Pelagibacterium,0,0,0,0,0,0,0,0,0,0,0,0,0,0,0,0,0,0.026779422,0,0,0,0,0,0,0,0,0,0,0,0.001768159,0,0,0,0,0,0
Pelobacter,0,0,0,0,0,0,0,0,0,0,0,0,0,0,0,0,0,0,0,0,0.022774967,0,0,0,0,0,0,0,0,0,0.033987732,0.001632147,0.048716325,0.059252738,0.005168582,0
Pelomonas,0.692348126,9.076203923,0.811021149,0.262524612,0.213104326,4.739242514,0.012990809,0.028841423,0.827966881,0.012585938,0.071887427,0.17972047,0.662657056,1.813563236,3.899414194,5.155128433,0.035189747,4.238195913,0.124010969,0.040042955,0.068324901,0.055696203,0.020290624,0.042901459,0.43763376,6.949989567,13.87817822,0.607104338,3.898726313,1.004314308,0.033987732,0.014689321,0.066578977,0.011850548,0.186068949,0.042566233
Peptoclostridium,0,0,0,0,0,0,0,0,0,0,0,0,0.013773472,0.001539527,0,0,0,0,0,0.001820134,0.001626783,0,0,0,0,0,0,0.003479108,0,0,0.032369269,0.014689321,0.001623877,0.003385871,0,0.020431792
Peptostreptococcus,0,0,0,0,0,0,0,0,0,0,0,0,0.004591157,0.004618582,0.001490602,0,0.005556276,0,0.001746633,0,0.001626783,0.001687764,0.001560817,0.001650056,0,0.005564443,0.001422819,0,0,0.003536318,0.071212391,0.017953614,0.00649551,0.005078806,0.001722861,0.017026493
Perlucidibaca,0,0,0,0,0,0,0,0,0,0,0,0,0,0.634285274,0,0,0,0,0,0,0,0,0,0,0,0,0.036993299,0,0,0.001768159,0,0,0,0,0,0
Phaselicystis,0,0,0,0,0,0,0,0,0,0,0,0,0,0,0.104342123,0,0,0,0,0,0,0,0,0,0,0,0,0,0,0,0,0,0.001623877,0,0,0
Phenylobacterium,0,0,0,0.001562646,0,0,0,0.005089663,0.011264856,0.003146485,0.029060875,0.043325471,0,0.826726195,0,0,0,0,0.246275304,0.192934239,0.201721137,0.140084388,0.248169942,0.229357798,0.001371893,0,0,0,0,0,0.161846343,0.223604106,0.264692032,0.225160406,0.589218338,0.515902745
Photobacterium,0.007509199,0.004112462,0.009557488,0.001562646,0.001590331,0.003050687,0.009743107,0,0,0.009439454,0.004588559,0.003209294,0,1.93980448,0,0,0.001852092,0,0,0,0.003253567,0.005063291,0.004682452,0,0.004115678,0,0.004268458,18.79066207,0.00141207,0,0,0,0,0,0,0
Pigmentiphaga,0,0,0,0,0,0,0,0,0,0,0,0,0,0,0,0,0,0,0,0,0,0,0,0,0,0,0,0,0,0,0.00485539,0.001632147,0.011367142,0.008464677,0.013782885,0.022134441
Planifilum,0,0,0,0,0,0,0.024357767,0.037324195,0.015019807,0.001573242,0.013765678,0.033697588,0.001530386,0,0,0,0.001852092,0,0.029692767,0.005460403,0.027655317,0.025316456,0.024973076,0.023100785,0.001371893,0,0.001422819,0,0,0,0.021040025,0.008160734,0.008119387,0.011850548,0.029288631,0.015323844
Pleomorphomonas,0,0,0,0,0,0,0,0,0,0,0,0,0,0.001539527,0,0,0.001852092,0,0,0,0,0,0.001560817,0.001650056,0,0,0,0,0,0,0.205544856,0.013057174,0.198113054,0.040630449,0.043071516,0.023837091
Polaribacter,0,0,0,0,0,0,0,0,0,0,0,0,0.007651929,0.007697637,0.001490602,0,0,0,0,0,0,0,0,0,0,0.002782222,0.001422819,0.005218662,0.00141207,0.012377113,0,0,0,0,0,0
Porphyromonas,0,0,0,0,0,0,0,0,0,0,0,0,0.015303858,0.015395274,0.017887221,0.048941093,0.00926046,0.018322763,0.048905734,0.029122149,0.017894617,0.035443038,0.037459614,0.049501683,0.021950283,0.013911108,0.018496649,0.01739554,0.009884493,0.021217908,0.079304708,0.008160734,0.008119387,0.013543483,0.036180073,0.011918545
Prevotella,0,0,0,0,0,0,0,0,0,0,0,0,0.038259645,0.055422985,0.064095876,0.017796761,0.046302298,0.042283298,0.0157197,0.085546313,0.071578468,0.016877637,0.01716899,0.013200449,0.049388136,0.041733324,0.032724841,0.040009742,0.048010393,0.065421883,0.021040025,0.006528587,0.001623877,0.003385871,0.013782885,0.005107948
Prevotella_1,0,0,0,0,4.957061069,0,0,0.001696554,0,0,0,0,0.003060772,0.001539527,0,0,0.003704184,0,0,0,0,0.001687764,0,0,0.253800143,0.002782222,0,0.001739554,0.00141207,0.001768159,0,0,0,0,0,0
Prevotella_2,0,0,0,0,0,0,0,0,0,0,0,0,0.007651929,0.006158109,0.001490602,0.043008839,0.001852092,0,0,0,0,0,0,0,0,0,0,0,0,0.001768159,0.045316976,0.001632147,0.001623877,0.010157612,0.013782885,0.006810597
Prevotella_6,0.00150184,0,0,0,0,0,0,0,0,0,0,0,0.01836463,0.015395274,0.010434212,0.017796761,0.011112552,0.007047216,0.022706234,0.020021478,0.013014267,0.021940928,0.020290624,0.018150617,0.016462712,0.006955554,0.025610745,0.027832864,0.008472422,0.014145272,0,0,0,0,0,0
Prevotella_7,0,0,0,0,0,0,0,0,0,0,0,0,0,0,0,0,0,0,0,0,0,0,0,0,0,0,0,0,0,0,0.066357001,0.016321468,0.01299102,0.008464677,0.022397188,0.027242389
Prevotella_9,2.339866336,0.020562311,0.008192133,0.012501172,11.86386768,0.02135481,0.027605469,0.006786217,0.003754952,0.149458018,0.078005506,0.237487765,0.257104816,0.126241244,0.192287627,0.155721659,0.118533884,0.026779422,0.097811468,0.045503358,0.043923151,0.089451477,0.070236776,0.064352188,0.098776272,0.553662099,0.072563778,0.140903872,2.747888955,0.160902468,0.017803098,0.029378642,0.00649551,0.010157612,0.031011491,0.02553974
Prevotellaceae_Ga6A1_group,0,0,0,0,0,0,0,0,0,0,0,0,0.001530386,0.001539527,0.002981204,0.001483063,0.151871539,0,0.0052399,0.003640269,0,0,0.006243269,0.003300112,0.006859463,0.002782222,0.002845638,0.001739554,0.00141207,0.005304477,0.019421561,0.001632147,0.001623877,0,0.022397188,0
Prevotellaceae_NK3B31_group,0,0,0,0,0,0,0,0,0,0,0,0,0.151508195,0.063120622,0.408424881,0.18686599,3.235604615,0.059196617,0.0052399,0.001820134,0.008133917,0.006751055,0.001560817,0.008250281,0.035669209,0.058426654,0.311597399,0.045228403,0.057894885,0.076030837,0.00485539,0,0,0,0,0
Prevotellaceae_UCG-001,0,0,0,0,0,0,0,0.003393109,0,0,0,0,1.045253508,0.734354553,0.761697497,0.774159103,2.300298187,0.090204369,0.012226434,0.020021478,0.0097607,0.006751055,0.009364903,0.024750842,0.004115678,0.006955554,0.364241709,0.003479108,0.007060352,0.010608954,0,0,0,0,0,0
Prevotellaceae_UCG-003,0,0,0,0,0,0,0,0,0,0,0,0,0,0,0,0,0,0,0,0,0,0,0,0,0.005487571,0,0.011382553,0.012176878,0,0.001768159,0,0,0,0,0,0
Proteus,0,0,0,0,0,0,0,0,0,0,0,0,0.413204169,0,0.07602069,0.007415317,0.005556276,0.001409443,0.001746633,0.001820134,0.003253567,0.001687764,0.003121634,0.041251403,0,0.001391111,0,0,0,0.001768159,0.032369269,0.075078751,0.022734285,0.032165772,0.051685819,0.02553974
Pseudolabrys,0,0,0,0,0,0,0,0,0,0,0,0,0,0,0,0,0,0,0,0,0,0,0,0,0,0,0,0,0,0,0.008092317,0.001632147,0.001623877,0.008464677,0.029288631,0.022134441
Pseudomonas,0,0.001370821,0,2.364284152,0,0.001525344,0.009743107,0.003393109,0.001877476,0.003146485,0.003059039,0.033697588,0.027546945,0.024632438,0.026830832,2.87862609,0.027781379,0.015503876,0.167676803,0.018201343,0.035789234,0.035443038,0.056189421,0.013200449,12.74488284,0.01669333,0.009959734,0.175694952,38.07365359,1.45696301,0.404615858,0.11588242,0.474172228,0.966666102,1.049222128,0.640196145
Pseudonocardia,0,0,0,0,0,0.001525344,0.022733916,0.005089663,0.007509904,0.004719727,0.00152952,0.017651118,0,0,0,0,0,0,0.017466334,0.009100672,0.003253567,0.060759494,0.001560817,0.003300112,0,0,0,0,0,0,0.032369269,0.034275082,0.01299102,0.013543483,0.034457213,0.020431792
Pseudorhodoferax,0,0,0,0.003125293,0,0,0,0,0,0,0,0,0,0,0,0,0,0,0,0,0,0,0,0,0,0,0,0,0,0,0.114910904,0,0.001623877,0.013543483,0.174008924,0.040863584
Pseudoxanthomonas,0,0,0,0,0,0,0,0,0,0,0,0.001604647,0.004591157,0.001539527,0,0.66441241,0,0,0.0052399,0.001820134,0.001626783,0.005063291,0,0.001650056,0.030181639,0.002782222,0.001422819,0,0.196277782,0.601174058,0,0,0,0,0,0
Psychrobacter,0,0,0,0,0,0,0,0.066165618,0,0,0,0,0,0,0,0,0,0,0,0,0,0,0,0,0,0,0,0,0,0,0,0,0,0,0,0
Pusillimonas,0.00150184,0,0.002730711,0,0,0,1.277970836,1.482788457,1.441901508,1.167345783,0.989599266,1.375182529,0,0,0,0,0,0,0.183396503,0.141970477,0.086219518,0.16371308,0.163885811,0.257408752,0,0,0,0,0,0,0.003236927,0.022850055,0.016238775,0.02200816,0.010337164,0.006810597
Ralstonia,0.555680709,0.020562311,16.01425431,0.100009376,0.015903308,0.111350082,3.734857588,0.90765655,3.539042112,1.330962982,1.714591618,0.499045235,0.001530386,0.001539527,0.004471805,0.010381444,0.001852092,0.005637773,7.517509999,4.217251233,5.034894503,0.948523207,1.112862695,2.356280114,0.005487571,0.125199972,0,0.233100233,0.002824141,9.542754084,0.142424782,0.285625683,1.495591173,0.883712269,1.850352325,2.089150719
Ramlibacter,0,0.004112462,0,0.001562646,0,0,0,0,0,0,0.00152952,0,0.001530386,0,0,0.001483063,0,0.001409443,0.0052399,0.003640269,0.071578468,0.003375527,0.006243269,0.003300112,0,0.001391111,0,0,0.00141207,0,0.540566786,0.252982748,0.120166935,0.462171359,0.360077873,1.009671048
Reyranella,0.00150184,0,0,0,0,0,0.095807216,0.040717303,0.028162139,0.06135645,0.17130621,0.247115647,0.003060772,0.80055423,0.184834618,0.002966127,0.003704184,0.225510923,0.080345135,0.249358403,0.494542142,0.63628692,0.616522811,0.608870702,0.299072601,0.004173332,3.989584964,11.64109522,0.135558756,7.046113587,0.276757247,0.096296659,0.08444163,0.206538116,0.558206847,0.354151059
Rhizobium,0.889089134,0.773142881,0.173400145,3.308122636,0.014312977,0.036608246,0.063330194,0.013572434,0.033794567,0.022025392,0.195778526,0.004813941,0.001530386,0.006158109,0.007453009,4.317197603,0.011112552,0.00845666,0.447138141,0.185653701,0.357892339,0.246413502,0.240365856,0.282159593,9.142292707,0.006955554,0.005691277,0.00869777,9.016069361,3.051842422,0.246006441,0.058757283,0.339390396,0.292877821,0.466895233,0.383096098
Rhizomicrobium,0.006007359,0.009595745,0.002730711,0.040628809,0.004770992,0.016778779,10.1669319,8.442054188,9.370482324,9.626669603,9.992352401,10.42699658,0.217314785,1.545685475,0.004471805,0.554665718,0.007408368,0.088794926,7.339353396,9.743179047,7.597078297,8.151898734,6.998704522,7.80971553,0.002743785,0,0.001422819,0.005218662,0.00141207,0.003536318,4.185346432,4.299074573,3.499456001,4.198479744,4.362283135,3.374650957
Rhodanobacter,0.00150184,0.001370821,0.001365355,0.001562646,0,0.019829467,0.740476113,0.400386814,0.309783527,0.396457058,0.435913123,0.418812882,0,0,0,0.002966127,0.003704184,0.00422833,0.17117007,0.132869806,0.448992208,0.116455696,0.179493983,0.181506171,0,0.001391111,0,0,0,0,1.812679043,1.553803718,1.066887514,1.796204439,4.935995727,2.450112375
Rhodobacter,0,0,0,0,0,0,0,0,0,0,0,0,0.001530386,0,0,0,0.001852092,0,0.324873806,0.174732895,1.091571635,0.030379747,0.053067786,0.653422216,0.001371893,0,0,0.001739554,0,0,1.959959215,3.296936461,3.251002744,1.643840255,4.18655135,10.83906559
Rhodococcus,0,0,0,0.003125293,0.0206743,0.012202749,0,0,0.001877476,0,0.003059039,0.34339447,0.107127007,0,0,0.001483063,0,0,0,0,0,0,0,0,0,0.001391111,0.001422819,0,0,0,0,0,0,0,0,0
Rhodomicrobium,0,0,0,0,0,0,0,0,0,0.001573242,0,0,0,0,0,0,0,0,0,0,0.001626783,0,0,0,0,0.001391111,0,0,0,0,0.009710781,0.001632147,0.003247755,0.013543483,0.020674328,0.008513247
Rhodopseudomonas,0.00150184,0,0,0.001562646,0,0,0,0.01187588,0,0.001573242,0.00152952,0,0.039790031,0.711261643,0.014906018,0.096399122,0,0.001409443,0.003493267,0.107387925,0.056937418,0.084388186,0,0.001650056,0.042528673,0.001391111,0,0.036530634,0,0.068958201,0.030750805,0.006528587,0.016238775,0.015236418,0.068914426,0.061295376
Rhodovastum,0,0,0,0,0,0,0,0,0,0,0,0,0,0,0,0,0,0,0.001746633,0.010920806,0.001626783,0.033755274,0.003121634,0.004950168,0,0,0,0,0,0,0.009710781,0.00489644,0,0.001692935,0.006891443,0.001702649
Rickettsia,0,0.903370848,0.001365355,0.05781792,0,0.001525344,0,0,0,0,0,0,0,0,0,0.045974966,0.001852092,0,0,0,0,0,0,0,0,0,0,0,0,0,0,0,0,0,0,0
Rikenella,0,0,0,0,0,0,0,0,0,0,0,0,0.475949987,0.001539527,0.083473698,0.011864507,0,0.001409443,0.008733167,0.005460403,0.001626783,0.003375527,0.006243269,0.008250281,0,0,0,0,0,0,0,0,0,0,0,0
Rikenellaceae_RC9_gut_group,0,0,0,0,0,0,0,0,0,0,0,0,0.66112667,0.919097837,0.541088437,0.557631844,3.724556887,2.639887245,0.017466334,0.005460403,0.006507133,0.018565401,0.007804086,0.052801795,0.001371893,0.002782222,0.001422819,0.006958216,0.004236211,0.005304477,0.001618463,0.001632147,0.003247755,0,0,0.003405299
Roseateles,0,0,0,0,0,0,0,0,0,0,0,0,0,0,0,0,0,0,0,0,0.165931903,0.005063291,0,0.001650056,0,0,0,0,0,0,0,0.013057174,0.003247755,0.003385871,0.008614303,0.001702649
Roseburia,0.00150184,0.001370821,0.001365355,0,0.001590331,0,0,0,0.001877476,0.001573242,0,0.635440235,0.379535681,0.180124702,0.056642867,1.588360918,0.820476728,0.005637773,0.022706234,0.009100672,0.008133917,0.021940928,0.006243269,0.006600224,0.023322175,0.01669333,0.078255055,0.022614202,0.03671383,0.031826862,0.077686245,0.073446604,0.03897306,0.042323385,0.086143032,0.085132466
Roseomonas,0,0,0,0,0,0,0,0,0,0,0,0,0.038259645,0,0,0,0,0,0,0,0,0.001687764,0,0,0,0,0,0,0,0,0.00485539,0,0.001623877,0.008464677,0.049962958,0.006810597
Rubrobacter,0,0,0,0,0,0,0,0,0,0,0,0,0,0,0,0,0,0,0,0,0,0,0,0,0,0,0,0,0,0,0.05664622,0.009792881,0.009743265,0.003385871,0.015505746,0.006810597
Ruminiclostridium,0,0,0,1.025096103,0,0.001525344,0,0,0,0,0,0,0.001530386,0,0.004471805,0.001483063,0.135202711,0.001409443,0.001746633,0.001820134,0,0,0.001560817,0.001650056,0,0.001391111,0,0.001739554,0.002824141,0.001768159,0.203926392,0.179536144,0.134781832,0.057559803,0.032734352,0.044268882
Ruminiclostridium_1,0,0,0,0,0,0,0,0,0,0,0,0.001604647,0,0.001539527,0,0,0,0,0,0.001820134,0.035789234,0.005063291,0.003121634,0,0,0,0,0,0,0,0.940327253,0.799751914,1.940533606,0.926035653,0.046517237,0.206020568
Ruminiclostridium_5,0.597732222,0.008224924,0.002730711,0.309404007,2.541348601,0.001525344,0,0.055986292,0.001877476,0,0,0,0.013773472,0.292510199,0.029812035,0.658480157,0.30559517,0.047921071,0.0052399,0.003640269,0,0.003375527,0.007804086,0.006600224,0.001371893,0.004173332,0.512214903,0.003479108,0.007060352,0.001768159,0.014566171,0.088135925,0.082817752,0.071103286,0.005168582,0.006810597
Ruminiclostridium_6,0,0,0,0.003125293,0.003180662,6.972345521,0,0.003393109,0,0.001573242,0,0,0.010712701,0.001539527,0.019377823,0.00889838,0.359305836,0.012684989,0.006986533,0.007280537,0.003253567,0.003375527,0.001560817,0.004950168,0.012347034,0.004173332,0.011382553,0.012176878,0.008472422,0.008840795,0,0,0,0,0,0
Ruminiclostridium_9,0.00150184,0.002741641,0,0.001562646,0,0,0,0.03562764,0,0,0,0,1.845645287,0.806712339,0.159494388,0.588776176,1.209416035,1.866102889,0.0261995,0.020021478,0.016267834,0.025316456,0.035898797,0.031351066,0.019206497,0.023648884,0.008536915,0.022614202,0.032477619,0.042435816,0.076067781,0.024482201,0.014614897,0.023701095,0.018951467,0.008513247
Ruminococcaceae_NK4A214_group,0,0,0,0,0.001590331,0,0,0,0,0,0,0,0.003060772,0.006158109,0.096889114,0.129026517,0.266701239,0,0,0.001820134,0.00488035,0.006751055,0.003121634,0.004950168,0.005487571,0.002782222,0.002845638,0.006958216,0.002824141,0.005304477,0.001618463,0,0.001623877,0,0.001722861,0.001702649
Ruminococcaceae_UCG-002,0,0,0,0,0,0.003050687,0,0,0,0.179349622,0,0,0.185176683,0.001539527,0.002981204,0.001483063,0.001852092,0,0.001746633,0,0.003253567,0.001687764,0.004682452,0.004950168,0.001371893,0.001391111,0,0,0.008472422,0.008840795,0.092252416,0.013057174,0.00649551,0.016929354,0.006891443,0.023837091
Ruminococcaceae_UCG-003,0,0,0,0,0,0,0,0,0,0,0,0.001604647,0.151508195,0.003079055,0.001490602,0.00444919,0.333376549,0.002818887,0.006986533,0.009100672,0.003253567,0,0.003121634,0.006600224,0.002743785,0.002782222,0.01707383,0.006958216,0.00141207,0.001768159,0,0,0,0,0,0
Ruminococcaceae_UCG-005,0.115641661,0.012337386,0.001365355,0.001562646,0,0,0,0.003393109,0,0,0.00152952,0.001604647,0.010712701,0.172427065,0.751263285,0.022245951,0.005556276,0.001409443,0,0,0.001626783,0.003375527,0,0.003300112,0.001371893,0.004173332,0,0,0,0,0.001618463,0,0.003247755,0.001692935,0.001722861,0
Ruminococcaceae_UCG-008,0,0,0,0,0,0,0,0,0,0,0,0,0.101005463,0,0,0,0.011112552,0.00422833,0,0,0,0.010126582,0,0,0,0,0,0,0,0,0,0,0,0,0,0
Ruminococcaceae_UCG-009,0,0,0,0.001562646,0.001590331,0.001525344,0,0.001696554,0,0,0.00152952,0,0.231088257,0.213994304,0.002981204,0.53390283,0.064823218,0,0.003493267,0,0,0.001687764,0.001560817,0.003300112,0.001371893,0.001391111,0,0.003479108,0.002824141,0.001768159,0,0,0,0,0,0
Ruminococcaceae_UCG-010,0,0,0,0,0,0.001525344,0,0,0,0,0,0,0.250983273,0.003079055,0.004471805,0.002966127,0.116681792,0,0.006986533,0.005460403,0.001626783,0.003375527,0.001560817,0.003300112,0.005487571,0.001391111,12.03989585,0.006958216,0,0,0,0,0.001623877,0,0,0
Ruminococcaceae_UCG-013,0,0.028787235,0,0,0,0,0,0,0,0,0,0.019255765,0.036729259,0.004618582,0.008943611,0.001483063,0.231511492,0.080338266,0.003493267,0,0,0,0.001560817,0,0.009603249,0.001391111,0.022765107,0.003479108,0.00141207,0.008840795,0.016184634,0.039171522,0.01299102,0.02200816,0.008614303,0.013621195
Ruminococcaceae_UCG-014,0.238792521,0.01919149,0,1.229802794,0.006361323,2.70290883,0.003247702,0.008482771,0.001877476,0.004719727,0.004588559,0,2.750103301,1.059194827,0.432274509,0.95509284,0.790843257,3.071176885,0.090824935,0.021841612,0.081339168,0.060759494,0.054628604,0.064352188,0.019206497,0.01808444,0.438228306,0.027832864,0.024005196,0.031826862,0.05179083,0,0.082817752,0.062638609,0.02584291,0.011918545
Ruminococcus_1,0,0,0,0.001562646,0,0.012202749,0.001623851,0.013572434,0.007509904,0,0.007647599,0.001604647,0.609093552,0.05234393,0.116266937,0.040042712,1.092734243,0.026779422,0.033186034,0.009100672,0.0097607,0.016877637,0.023412259,0.018150617,0.042528673,0.023648884,9.044861489,0.03479108,0.024005196,0.03536318,0.001618463,0.014689321,0.003247755,0.008464677,0,0.011918545
Ruminococcus_2,0,0,0,0,0,0,0,0,0,0,0,0,1.660468604,0.854437688,0.05068046,0.005932254,0.040746023,0.046511628,0.0052399,0.003640269,0.001626783,0.003375527,0.004682452,0.003300112,0.006859463,0.002782222,0.004268458,0.006958216,0.002824141,0.005304477,0.038843122,0.00489644,0.011367142,0.001692935,0.010337164,0.013621195
Rummeliibacillus,0,0,0,0,0,0,0,0.001696554,0.001877476,0,0.003059039,0,0,0,0.002981204,0.001483063,0,0.001409443,0.001746633,0,0.0195214,0,0.003121634,0.033001122,0,0,0,0.001739554,0,0.001768159,0,0.003264294,0.001623877,0,0.018951467,0.005107948
Salinarimonas,0,0,0,0,0,0,0,0,0,0,0,0,0,0,0,0,0,0,0,0,0,0,0,0,0,0,0,0,0,0,0.00485539,0.014689321,0.014614897,0.011850548,0.024120049,0.02553974
Salinicola,0,0.001370821,0,0.520361284,0,0,0,0,0,0,0,0,0,0,0,0,0,0,0,0,0,0,0,0,0,0,0,0,0,0,0,0,0,0,0,0
Schumannella,0,1.956161154,0,0,0,0,0,0,0,0,0,0,0,0,0,0,0,0,0,0,0,0,0,0,0,0,0,0,0,0.001768159,0,0.001632147,0,0,0,0
Sediminibacterium,0,0,0.001365355,0.017189111,0.001590331,0,0,0,0.015019807,0.001573242,0.006118079,0,0,0.164729428,0.092417309,0.041525776,0,0.00845666,0.155450369,0.043683224,0.084592735,0.006751055,0.018729807,0.176556003,1.436371618,0.498017667,0.939060655,0.064363497,0,0.003536318,0.067975464,0.071814458,0.047092447,0.152364184,0.124045966,0.04937683
Segetibacter,0,0,0,0,0,0,0,0,0,0,0,0,0,0,0,0,0,0,0,0,0,0,0,0,0,0,0,0,0,0,0.307508052,0.05549299,0.056835712,0.050788061,0.301500612,0.895593544
Sideroxydans,0,0,0,0,0,0,0,0,0,0,0,0,0,0,0,0,0,0,0,0,0,0,0,0,0,0,0,0,0,0,0.040461586,0,0.405969374,0.076182092,0.008614303,0.032350337
Skermanella,0,0,0,0,0,0,0,0,0,0,0,0,0,0,0,0,0,0,0.043665834,0.047323492,0.001626783,0.113080169,0.145156004,0.23265791,0,0,0,0,0,0,0,0.141996768,0.050340202,0.015236418,0,0.005107948
Slackia,0,0,0,0,0,0,0,0,0,0,0,0,0.202010927,0,0,0,0,0,0,0,0,0,0,0,0,0,0,0,0,0,0,0,0,0,0,0
Sorangium,0,0,0,0,0,0,0.004871553,0,0,0,0.00152952,0,0,0,0,0.001483063,0,0,0.132744136,0.203855045,0.073205251,0.258227848,0.257534845,0.252458584,0,0,0,0.001739554,0,0.001768159,0.025895415,0.008160734,0,0.006771742,0.020674328,0.028945038
Sphingobium,0,0,0,0.264087258,0.001590331,0,0,0,0.003754952,0,0,0,0.004591157,0.003079055,0,0.502758498,0.005556276,0.007047216,0.034932667,0,0,0,0.003121634,0.003300112,2.380233771,0.005564443,0.001422819,0.003479108,8.093987404,0.01768159,0.16508327,0.044067963,0.029229795,0.067717415,0.156780318,0.221344412
Sphingomonas,1.820229781,0.493495456,0.016384266,0.021877051,0.019083969,5.001601611,0.212724497,0.083131161,0.045059422,0.051916996,0.105536861,0.048139412,0.016834244,0.006158109,0.004471805,0.013347571,0.003704184,0.001409443,1.107365553,0.515098014,0.322103106,0.664978903,0.646178339,0.894330407,0,0.001391111,0,0.003479108,0,1.479949077,0.347969638,0.158318236,0.154268362,0.304728369,0.589218338,0.458012668
Sphingopyxis,0,0.001370821,0,0,0.001590331,0,0.501769998,0.498786964,0.42806451,0.239132829,0.383909452,0.399557117,0,0.001539527,0.005962407,0.002966127,0,0,0.480324175,0.298502029,0.284687088,0.165400844,0.307480997,0.207907069,0,0.002782222,0,0,0,0,0.44831437,0.107721686,0.206232442,0.663630669,0.565098289,0.413743785
Spirochaeta_2,0,0,0,0,0,0,0,0,0,0,0,0,0.01836463,0,0,0,0,0,0.071611968,0.025481881,0.122008752,0.006751055,0.009364903,0,0,0,0,0,0,0,0.11814783,0.158318236,0.152644485,0.126970154,0.180900367,0.161751686
Sporobacter,0,0,0,0,0,0,0,0,0,0,0.004588559,0,0,0,0,0,0,0,0.001746633,0,0.060190984,0,0,0,0,0,0,0,0,0,0.10358166,0.05549299,0.05196408,0.077875028,0.070637286,0.020431792
Sporocytophaga,0,0,0,0,0,0,0.02922932,0.01187588,0.028162139,0.006292969,0.105536861,0.001604647,0,0,0,0,0,0,0.034932667,0.089186582,0.082965951,0.065822785,0.074919228,0.062702132,0,0,0,0,0,0,0.001618463,0,0.001623877,0.003385871,0.001722861,0
Staphylococcus,0,0.031528876,0,0.017189111,0,0,0,0,0,0,0,0,0.062745818,0.001539527,1.665002161,0.068220917,0.007408368,0.00422833,0.0052399,0.003640269,0,0.006751055,0.006243269,0.001650056,0.002743785,0.001391111,0.065449682,0.097415023,0.331836539,1.98387439,0.116529367,0.022850055,0.009743265,0.013543483,0.036180073,0.020431792
Stenotrophomonas,0,0,0,0,0.001590331,0.012202749,0.224091455,0,0.206522351,0,0.067298868,0.075418412,0.003060772,0.001539527,0,0,0.003704184,0.005637773,0.003493267,0,0.001626783,0.003375527,0.003121634,0.001650056,0,0.002782222,0.004268458,0.003479108,0.00141207,0.001768159,0.012947707,0,0.001623877,0.08803264,0.010337164,0.008513247
Steroidobacter,0,0,0,0,0,0,0.001623851,0,0.001877476,0,0.00152952,0,0,0,0,0.002966127,0.003704184,0,0.309154105,0.356746328,0.22286932,0.479324895,0.365231235,0.491716718,0,0,0,0,0,0,0.250861832,0.042435816,0.050340202,0.049095126,0.015505746,0.028945038
Streptococcus,0,0,0,0,0,0,0,0,0,0,0,0.078627706,0.091823149,0,0.080492495,0.143857151,0.003704184,0.001409443,0.001746633,0.001820134,0.001626783,0,0,0.001650056,0,0,0.002845638,0,0.002824141,0.001768159,0.372246589,0.137100328,0.10392816,0.123584283,0.158503179,0.17707553
Streptomyces,0.00150184,0,0,0,0.001590331,0,0.285797798,0.076344943,0.144565646,0.129005868,0.128479657,0.062581235,0.003060772,0,0.002981204,0.001483063,0,0,0.027946134,0.030942284,0.099233785,0.030379747,0.07335841,0.03795129,0,4.892536691,0,0.003479108,0.00141207,0.001768159,0.06150161,0.096296659,0.086065507,0.121891347,0.511689609,0.108969557
Subdoligranulum,0.00150184,0,0.001365355,0,0,0.001525344,0,0,0,0,0,0,0.06580659,0,0.201231237,0,0.00926046,0.042283298,0,0,0,0,0,0,0,0,0,0,0,0.001768159,0,0,0,0,0,0.010215896
Succinivibrionaceae_UCG-002,0,0,0,0,0,0,0,0,0,0,0,0,0,0,0,2.423325621,0,0,0.003493267,0,0,0.001687764,0.001560817,0,0,0,0,0,0,0,0,0,0,0,0,0
Sulfitobacter,0,0,0,0,0,0,0,0,0,0,0,0,0.004591157,0.009237164,0.007453009,0,0.005556276,0,0,0,0,0,0,0,0.026065961,0.001391111,0.027033564,0.062623943,0.005648282,0.019449749,0,0,0,0,0,0
Sulfuricurvum,0,0,0,0,0,0,0,0,0,0,0,0.001604647,0,0,0,0,0,0,0,0,0,0,0,0,0,0,0,0,0,0,9.338533996,4.192985033,0.003247755,0,0,0
Sutterella,0,0,0,0,0,0,0,0,0.073221561,0,0,0,0.246392115,0.08775306,0.013415416,0.001483063,0.027781379,1.045806906,0.001746633,0,0,0,0.001560817,0,0,0,0,0,0.00141207,0,0.003236927,0,0.001623877,0.003385871,0,0.001702649
Symbiobacterium,0,0,0,0,0,0,0.01461466,0.001696554,0.005632428,0.001573242,0.013765678,0.068999823,0,0,0,0,0.001852092,0.001409443,0.0209596,0.001820134,0,0,0.006243269,0.003300112,0,0,0,0,0,0,0.014566171,0.008160734,0.003247755,0.015236418,0.086143032,0.023837091
Syntrophobacter,0,0,0,0,0,0,0,0,0,0,0,0,0,0,0,0,0,0,0,0,0,0,0,0,0,0,0,0,0,0,0.093870879,0,0.004871632,0.006771742,0.072360147,0.008513247
Tahibacter,0,0,0,0,0,0,0,0,0,0,0,0,0,0,0,0,0,0,0,0,0,0,0,0,0,0,0,0,0,0,0.033987732,0.013057174,0.003247755,0.016929354,0.046517237,0.07491657
Taibaiella,0,0,0,0,0,0,0.292293203,0.318952208,0.148320598,0.412189481,0.243193637,0.304882941,0,0,0,0.001483063,0,0,0.012226434,0.016381209,0.006507133,0.008438819,0.01716899,0.039601346,0,0,0,0,0,0.001768159,0.100344733,0.099560953,0.07794612,0.558668676,0.170563203,0.332016618
Tannerella,0,0,0,0,0,0,0,0,0,0,0,0,0.081110448,0,0,0,0,0,0,0,0,0,0,0,0,0,0,0,0,0,0,0,0,0,0,0
Tateyamaria,0,0,0,0,0,0,0,0,0,0,0,0,0.012243086,0.02309291,0.005962407,0,0.012964644,0,0,0,0,0,0,0,0.024694068,0.012519997,0.008536915,0.029572418,0.018356915,0.019449749,0,0,0,0,0,0
Telmatobacter,0.00150184,0,0,0,0,0.003050687,0.485531486,0.395297151,0.422432082,0.445227569,0.602630774,0.526324235,0.396369925,0.006158109,0,0.014830634,0,0.002818887,2.296822874,2.0785934,2.589839111,2.96371308,2.811031856,2.225925681,0,0.004173332,0,0.005218662,0,0,2.574975318,2.875842596,2.719994804,0.97851665,2.937477387,1.631138051
Telmatospirillum,0,0,0,0,0,0,0,0.003393109,0.1013837,0.033038088,0.00152952,0.075418412,0.254044045,0.010776692,0,0.001483063,0.001852092,0.001409443,0.281207972,0.274840283,0.808511331,0.259915612,0.287190373,0.09735331,0,0,0,0,0,0,0.132714001,0.709983842,0.436823046,0.365674042,0.036180073,0.163454335
Tepidimonas,0,0.282389066,0,0,0,0,0,0,0.037549518,0,0,0.001604647,0,0,0,0,0,0,0,0,0,0,0,0,0,0,0,0,0,0,0,0,0,0,0,0
Terriglobus,0,0,0,0,0,0,0.021110065,0.003393109,0.035672043,0.077088872,0,0,0,0,0,0,0,0,0.022706234,0.010920806,0.003253567,0.005063291,0.01716899,0.003300112,0,0,0,0,0,0,0.001618463,0.019585761,0.004871632,0.008464677,0.008614303,0.001702649
Terrimonas,0,0.481158069,3.287775972,3.840985092,0.001590331,0.001525344,0,0,0,0,0,0,0,0,0,0,0,0,0,0,0,0,0,0,0,0,0,0,0,0,0.137569392,0.008160734,0.030853672,0.038937514,0.40487225,0.217939113
Thalassospira,0,0,0,0,0,0,0,0,0,0,0.007647599,0,0,0,0,0,0,0,0,0,0,0,0,0,0,0,0,0,0,0,0.027513878,0.003264294,0.003247755,0.003385871,0.001722861,0.005107948
Thermoactinomyces,0,0,0,0,0,0,0.011366958,0.015268989,0.033794567,0.039331057,0,0.003209294,0,0,0,0,0,0,0.012226434,0.005460403,0.003253567,0,0,0.008250281,0,0,0,0,0,0,0,0,0.001623877,0.010157612,0.005168582,0
Thermoanaerobacterium,0,0,0,0,0,0,0.006495405,0.008482771,0.067589133,0.028318361,0.052003671,0.008023235,0,0,0,0,0,0,0.003493267,0.005460403,0.006507133,0.018565401,0.001560817,0.006600224,0,0.228142172,0,0,0,0,0,0.016321468,0.00649551,0.005078806,0,0.001702649
Thermobacillus,0,0,0,0,0,0,0,0,0,0,0,0,0,0,0,0,0,0,0.001746633,0,0.001626783,0.003375527,0.018729807,0.001650056,0,0,0,0,0,0,0,0.003264294,0,0.003385871,0.008614303,0.003405299
Thermobispora,0,0,0,0,0,0,0,0,0,0,0.00152952,0,0,0,0,0,0,0,0,0,0,0,0,0,0,0,0,0,0,0,0.008092317,0.008160734,0.001623877,0.006771742,0.043071516,0.02553974
Thermomonas,0,0,0,0,0,0,0,0,0.076976513,0,0,0.006418588,0,0,0,0.001483063,0,0,0,0,0,0,0,0,0,0,0,0,0,0,0.857785618,0.128939594,1.232523018,2.24652525,0.260151956,0.143022543
Thermopolyspora,0,0,0,0,0,0,0,0,0.00938738,0,0,0,0,0,0,0,0,0,0,0,0,0,0,0,0,0,0,0,0,0,0.016184634,0.00489644,0.004871632,0.006771742,0.049962958,0.027242389
Thioalkalispira,0,0,0,0,0,0,0,0,0,0,0,0,0,0,0,0,0,0,0.001746633,0,0,0,0,0.004950168,0,0,0,0,0,0,0.466117468,0.006528587,0.03897306,0.162521797,0.201574695,0.107266907
Thiobacillus,0,0.001370821,0,0.003125293,0.006361323,0.004576031,0,0,0,0.001573242,0,0,0,0,0,0.001483063,0,0,0,0,0,0,0.001560817,0,0,0,0,0,0,0,1.701005066,0.150157502,1.125347104,0.275948467,0.48756956,0.761084247
Thiomonas,0,0,0,0,0,0,0.090935663,0.054289738,0.287253816,0.158897472,0.030590395,0.37067347,0,0,0,0,0,0,0.062878801,0.098287254,0.162678336,0.047257384,0.084284131,0.102303478,0,0,0,0,0,0,0,0.639801531,0.271187542,0.067717415,0.008614303,0.103861609
Tistrella,0,0,0,0,0,0,0,0,0,0,0,0,0,0,0,0,0,0,0,0,0,0,0,0,0,0,0,0,0,0,0.003236927,0.045700109,0.00649551,0.118505477,0.005168582,0.02553974
Treponema,0,0,0,0,0,0,0,0,0,0,0,0,0,0,0,0,0,0,0,0,0,0,0,0,0,0,0,0,0,0,0.025895415,0.011425027,0.004871632,0.032165772,0.010337164,0.154941088
Treponema_2,0,0,0,0,0,0,0,0,0,0,0,0,0.006121543,0.073897314,0.544069641,0.001483063,0.001852092,0,0,0.003640269,0,0,0.003121634,0.006600224,0.006859463,0.004173332,0.005691277,0,0.00141207,0,0,0,0,0,0,0
Turicibacter,0,0,0,0,0,0,0,0,0.00938738,0.003146485,0,0.001604647,0.012243086,0.006158109,0.007453009,0,0.029633471,0,0,0,0,0.003375527,0,0,0.002743785,0.001391111,0.829503578,0.001739554,0.00141207,0,0,0,0,0,0,0
Tyzzerella,0,0,0,0,0,0,0,0.001696554,0,0,0,0,0.200480541,0.001539527,0.181853414,0.002966127,0.037041839,0.001409443,0,0.005460403,0.001626783,0.003375527,0,0.009900337,0.002743785,0.001391111,0.002845638,0.006958216,0.00141207,0.003536318,0.001618463,0,0,0,0.001722861,0
Tyzzerella_4,0,0,0,0,0,0,0,0,0,0,0,0,0,0.001539527,0,0.00444919,0.011112552,0.001409443,0.001746633,0,0.001626783,0.005063291,0.003121634,0.001650056,0.004115678,0,0,0,0.00141207,0,0.032369269,0.029378642,0.021110407,0.032165772,0.017228606,0.047674181
Uliginosibacterium,0,0,0,0,0,0,0,0,0,0,0,0,0,0,0,0,0,0,0,0,0,0,0,0,0,0,0,0,0,0,0.012947707,0.053860843,0,0,0.034457213,0.011918545
Unassigned,7.829090636,11.37918272,9.486489808,9.694658874,9.785305344,12.21647676,24.95534409,22.15190947,22.93336838,22.53354939,25.98654023,25.23467963,43.13545445,31.7188823,45.06387229,33.21765439,42.7740633,44.4496124,35.73262536,38.36115105,35.33536139,43.31983122,43.59830807,43.47402812,51.09202656,17.91611602,13.77004397,41.39268692,1.461492841,0.595869581,27.50740447,36.94200983,41.95937059,38.54983155,27.40726703,33.66648505
Ureibacillus,0.007509199,0,0,0,0,0,0.038972427,0.040717303,0.037549518,0.023598634,0.019883757,0.025674353,0,0,0,0.001483063,0.016668827,0,0.013973067,0.003640269,0.071578468,0.023628692,0.007804086,0.013200449,0,0,0,0,0,0,0.045316976,0.048964403,0.01948653,0.042323385,0.18779181,0.056187428
Variibacter,0,0,0.001365355,0.001562646,0,0.001525344,0.701503686,0.500483518,0.525693258,0.366565455,0.596512695,0.516696353,0,0.012316219,0.017887221,0.011864507,0,0.001409443,0.525736643,1.29593564,1.460851458,1.2,1.122227598,1.902514685,0,0,0.002845638,0,0,0,1.136161328,0.788326886,0.703138955,1.801283245,2.439570663,1.724783764
Vogesella,0,0,0,0,0,0,0.001623851,0,0,0.001573242,0,0,0,0,0,0,0,0,0.041919201,0.023661746,0.087846302,0.133333333,0.129547831,0.013200449,0,0,0,0,0,0,0.011329244,0.065285871,0.034101427,0.047402191,0.036180073,0.095348362
Vulgatibacter,0,0,0,0,0,0,0,0,0,0,0,0,0,0,0,0,0,0,0,0,0,0,0,0,0,0,0,0,0,0,0.019421561,0.001632147,0.003247755,0.005078806,0.017228606,0.044268882
Weissella,0,0,0,0,0,0,0,0,0,0,0,0,0,0.001539527,0.002981204,0,0.005556276,0.00422833,0,0,0,0,0,0,0,0.026431105,0,0.036530634,1.245446073,0.001768159,0,0,0,0,0,0
Wolbachia,0,0,0,0,0.001590331,0,0,0.045806966,0,0,0.00152952,0.592114764,0,0,0,0,0,0,0,0,0,0,0,0,0,0,0,0,0,0,0,0,0,0,0,0
Woodsholea,0,0,0,0,0,0,0,0,0,0,0,0,0,0,0,0,0,0,0,0,0,0,0,0,0,0,0,0,0,0,0,0,0.004871632,0,0.036180073,0.013621195
Xanthomonas,0.025531276,0,0,0.02656499,0,0,0.004871553,0,0.045059422,0.06135645,0.00152952,0.001604647,0.003060772,0,0,0.001483063,0,0,0.0052399,0.003640269,0.001626783,0,0,0,0.001371893,0,0,0,0,0.001768159,0.11814783,0.150157502,0.394602231,0.369059913,0.046517237,0.040863584
Zoogloea,0.006007359,0,0,0,0.001590331,0.003050687,0.001623851,0.001696554,0,0.003146485,0.00152952,0.003209294,0.012243086,1.194673235,1.30725774,0.071187044,0.003704184,0.201550388,0,0.023661746,0.00488035,0,0,0.009900337,0.004115678,0.002782222,0.288832292,0.090456807,0.217458838,2.226112172,0.00485539,0.001632147,0.03247755,0.005078806,0,0
