OTUID,DS1_L_1,DS1_L_2,DS1_L_3,DS1_L_4,DS1_L_5,DS1_L_6,DS2_L_1,DS2_L_2,DS2_L_3,DS2_L_4,DS2_L_5,DS2_L_6,DS3_L_1,DS3_L_2,DS3_L_3,DS3_L_4,DS3_L_5,DS3_L_6
OTU_4,14745,14448,10090,3938,19038,11939,157,25,6,8,40,4,10,0,4,4,4,3
OTU_12,5,3,3,1,2,3,0,1,1,9,0,3,0,1,1,0,0,1
OTU_6,5,8,1013,231,5,22,0,0,1,1,0,1,1,0,0,0,0,0
OTU_3,461,6621,594,168,134,3107,433,1178,2616,3476,19,3007,319,4996,9754,349,2761,568
OTU_1,370,15,11729,64,9,72,1,1,3,7,1,4,4,1,0,1,2,5397
OTU_2,0,0,0,0,0,0,10,13,6,1473,7,8,9271,7,0,10,26953,722
OTU_24,1419,234,1256,1284,3922,407,511,253,1026,2750,9,506,1250,1549,6165,13406,2555,1299
OTU_10,1,0,0,0,0,0,26,1,0,5,4,2,0,1,1,0,0,0
OTU_44,2,0,1,0,1,0,0,1,1,13,1,4,0,1,0,4,0,0
OTU_9,1,1,1,0,2,1,0,0,1,2,0,1,0,0,0,1,1,0
OTU_8,2,2,1,0,1,1,2470,2238,3051,2451,78,1444,18235,6,9,4,7,14
OTU_830,2,0,1,1,1,1,0,3,0,5,0,5,1,0,0,1,0,1
OTU_7,38,413,6485,2839,6051,41,380,191,356,244,21,600,1677,1974,1514,5,765,6
OTU_311,0,0,1,0,1,0,2,0,886,12,0,1,0,1,2,1,1,2
OTU_19,0,0,0,0,0,0,0,0,0,0,20,0,8,1,9,23536,0,0
OTU_11,0,7,0,0,0,0,0,0,0,7,0,1,1,0,1,1,0,0
OTU_35,0,0,0,21,3,7,36,1,0,3,2,0,1,0,0,0,0,1
OTU_18,0,0,0,0,0,0,2921,950,661,724,34,390,16153,3,4,5,3,7
OTU_15,2,0,1934,1,0,1,5,5,6,0,4,0,0,18732,0,0,6,7
OTU_16,592,563,2,1618,5,24,1,3,5,2911,6,6,6664,5,4,4,6385,1726
OTU_13,0,0,0,0,0,2,1,0,0,3,2,0,0,0,1,2,0,0
OTU_54,2,2888,8,8,7165,5474,429,116,18,3,16,2612,9,4,9,15,3,8
OTU_31,2,3,1,3,0,3,100,0,2,5,0,0,0,0,1,0,0,0
OTU_62,97,4610,5950,3403,103,4,313,28,32,49,26,17,9,16,4,13,30,43
OTU_60,12,5306,50,470,7,4799,5,3,0,1151,8,3,436,1,0,3,4226,393
OTU_14,0,0,1,0,0,0,4,6,3,1,3,0,17,3,0,1,10,16810
OTU_17,0,0,0,0,0,0,1,0,0,0,1,0,1,0,0,1,0,0
OTU_26,3474,2954,2576,3809,9,11,242,81,156,87,40,66,76,53,50,76,46,50
OTU_20,1,0,0,0,0,1,0,0,0,2,0,1,0,1,1,0,0,0
OTU_25,2,6,1,93,3,2,20,11,80,119,11,7,851,7,5,4,13656,146
OTU_212,1,0,0,0,0,2,259,4,0,4,0,2,0,3,0,3,0,0
OTU_22,1,0,0,0,0,0,2,519,124,0,2,160,218,3,2804,6691,96,3984
OTU_23,0,0,0,0,0,0,6,2,4,3,1,0,7,1,0,0,6,14040
OTU_33,0,1,0,0,0,0,5,11,43,7,1060,3,4,12125,6,7,7,3
OTU_1515,1224,116,4310,1758,9,6,616,128,93,23,5,30,7,5,1,32,10,6
OTU_27,4808,2591,2,2231,4,1886,2,55,4,0,0,94,0,0,1,2,0,1
OTU_28,4,3326,0,0,0,0,231,145,1036,57,832,622,5,1,5602,8,0,0
OTU_36,9409,6,10,14,6,2199,44,2,1,2,12,0,0,1,2,0,0,0
OTU_82,0,2,0,3,0,0,0,0,1,4,0,1,0,0,1,1,1,1
OTU_45,4,6275,4,2,3,4831,1,2,0,0,0,17,0,0,0,1,2,0
OTU_29,0,0,0,0,0,0,0,0,1,3,0,2,1,0,0,0,0,2
OTU_40,5,3,7,1,1,2,0,0,0,0,0,0,3,0,3,10802,0,0
OTU_38,0,0,0,0,0,0,4,2,3,0,3,0,0,10683,0,0,5,4
OTU_34,0,0,0,0,0,0,1671,2408,898,1480,1209,2635,4,3,138,6,9,2
OTU_39,0,0,0,0,0,0,4,0,1,2,3,1,2,0,0,0,0,2
OTU_1603,2,2,0,0,0,0,0,0,0,5,0,61,0,0,0,0,0,1
OTU_55,5,855,5,95,7,2,1,1,0,1,21,1,0,1,0,0,0,0
OTU_41,0,0,0,0,0,0,2,3,3,0,2,0,0,10135,0,0,1,2
OTU_46,4,5747,7,4111,0,0,23,0,4,2,2,5,0,2,1,1,3,3
OTU_80,0,1,0,0,0,0,2607,2500,1923,262,1009,1282,7,7,9,2,5,3
OTU_151,5,250,7,1590,7364,9,138,4,4,0,3,0,2,3,0,0,4,2
OTU_83,1558,12,4,8,7458,14,114,35,19,60,15,1,5,11,1,5,15,16
OTU_52,4,2703,6,5,0,3,760,926,735,316,1263,2150,223,30,28,42,26,38
OTU_30,0,1,0,0,0,0,0,0,0,3,0,0,9652,0,2,4,0,2
OTU_73,4622,4,4,4190,2,2,56,164,42,142,95,21,2,0,1,1,0,2
OTU_49,0,0,0,0,0,0,153,1,19,1,3,2,1,0,0,2,0,1
OTU_37,1,6,3102,5430,2,3,3,1,2,1,1,23,2,3,2,2,1,5
OTU_47,0,0,0,0,0,0,0,0,0,0,2,0,0,0,0,0,0,0
OTU_106,5,6,1632,16,6,12,1384,1241,572,1346,46,1910,13,3,12,14,3,3
OTU_86,0,0,1,1,0,1,0,0,12,5,0,1,0,0,2,0,0,0
OTU_56,5591,2,2,3,5,2545,15,186,16,14,11,9,12,9,30,7,9,13
OTU_43,0,0,0,0,0,0,0,0,0,0,0,0,0,0,0,0,0,0
OTU_42,0,0,0,169,0,0,3,2,0,339,3,5,1735,4,1,2,5732,10
OTU_53,2,3,1,0,0,0,0,0,0,1,0,1,1,0,0,0,0,0
OTU_72,4484,0,0,1,1,2919,25,0,0,3,2,0,0,0,9,0,1,1
OTU_152,0,0,0,0,0,0,2,0,0,4,1,0,0,0,0,0,0,0
OTU_57,0,0,0,0,1,0,0,0,1,0,0,0,0,0,1,1,0,0
OTU_64,0,0,0,0,0,0,0,0,0,0,0,1,0,0,0,0,0,0
OTU_104,1,2780,0,1,3078,1,262,178,640,217,9,47,0,0,0,0,0,1
OTU_131,0,0,0,0,0,0,0,1,0,2,0,1,0,0,0,2,0,0
OTU_450,0,0,0,0,0,0,43,4,0,2,0,2,0,0,0,0,0,0
OTU_67,0,0,56,0,0,0,0,0,17,1,1,0,1,0,2,1,1,0
OTU_90,0,0,0,0,0,0,0,0,1,7,0,0,0,0,0,2,0,0
OTU_70,0,0,0,0,0,0,0,0,1,0,0,0,1,0,7002,1,0,0
OTU_89,0,0,0,0,0,0,1344,753,3941,484,32,131,0,4,2,0,0,3
OTU_69,0,0,0,1,0,0,0,2,0,3,0,0,0,0,0,0,1,0
OTU_114,5,11,5519,342,2,10,20,3,6,69,0,13,9,11,5,3,7,11
OTU_185,0,0,0,0,0,0,1214,1118,2669,387,92,1134,0,2,2,0,3,2
OTU_51,6440,3,2,0,1,0,0,1,0,2,0,2,0,0,0,0,0,0
OTU_134,4,2,2,18,2,0,0,0,0,0,0,0,0,3,0,0,0,0
OTU_66,0,0,0,0,0,0,309,36,231,1,236,5215,2,0,1,3,0,182
OTU_139,0,0,0,0,1,0,0,0,0,3,1,0,1,1,0,3,0,0
OTU_58,0,0,1,1,0,1,0,776,1546,26,1,1,5,57,1686,2,342,1430
OTU_50,0,0,0,0,0,0,3,0,1,1,1,0,0,0,0,0,0,0
OTU_109,0,0,0,0,0,0,0,1,0,2,1,0,1,0,0,1,0,0
OTU_48,0,0,0,0,0,0,0,0,0,2,0,0,0,0,0,0,0,0
OTU_119,0,0,0,0,0,0,380,114,2811,205,680,1590,3,2,2,4,3,2
OTU_120,375,0,1,0,0,0,0,0,0,2,0,2,0,0,0,1,0,0
OTU_501,0,0,0,1,0,0,3,915,1,3,0,0,0,0,0,0,1,0
OTU_59,0,0,0,0,0,0,1086,2123,814,1285,288,94,0,2,0,0,1,3
OTU_116,1,1,1,3230,2,2367,2,54,5,2,55,2,3,9,4,0,2,1
OTU_63,0,0,0,0,0,0,1142,1073,1328,243,48,1680,2,4,3,1,2,3
OTU_118,1,0,0,0,0,0,556,792,578,579,1314,1544,7,3,2,6,4,7
OTU_75,0,0,0,36,1,0,0,2,0,3,0,2,0,0,0,0,0,0
OTU_94,0,0,0,0,0,0,4,5335,2,0,1,0,0,1,0,0,1,0
OTU_1469,0,0,0,0,1,1,0,0,0,1,2,1,0,0,0,0,0,0
OTU_196,1,0,2,0,0,0,0,0,0,0,0,0,0,0,0,0,0,0
OTU_275,1,0,0,0,0,0,0,0,0,2,0,0,0,0,0,0,0,0
OTU_65,0,0,0,0,0,0,0,1,0,1,0,0,1,0,0,0,0,0
OTU_153,1,3,0,1,0,2,0,0,0,2,0,0,1,0,0,2,0,3
OTU_88,1184,10,1,2,11,3275,0,1,2,0,1,1,0,0,0,2,0,0
OTU_61,0,0,0,0,0,0,0,0,1,0,2,0,4,0,5088,1,0,0
OTU_136,1,2,5053,0,0,0,0,0,0,0,0,0,0,0,0,0,0,0
OTU_85,0,0,0,0,0,0,289,0,0,1,3,0,0,0,1,0,0,0
OTU_71,0,0,0,0,0,0,9,6,62,14,131,7,15,8,4578,7,5,10
OTU_143,0,0,0,0,0,0,457,933,228,1614,217,1267,4,1,1,1,3,1
OTU_125,0,1,2408,2458,1,1,0,0,0,0,0,0,0,0,0,0,0,0
OTU_211,0,0,0,0,0,0,0,1,0,1,0,1,0,0,0,0,0,1
OTU_146,0,0,0,1,0,1,0,1,0,3,0,0,0,0,0,0,0,0
OTU_78,0,0,0,0,0,0,0,0,0,0,0,0,0,1,0,0,0,0
OTU_352,0,0,0,0,0,0,1117,838,224,1530,315,569,3,3,1,0,1,0
OTU_74,0,0,0,0,0,0,0,0,0,0,0,0,0,0,0,0,0,1
OTU_123,0,0,0,0,0,0,961,721,1075,1501,42,284,0,0,1,0,1,0
OTU_150,1,0,0,1,1,0,0,0,1,1,2,1,0,0,0,0,0,0
OTU_155,0,0,0,2,2,4571,1,0,3,2,15,0,2,1,2,3,0,2
OTU_111,0,0,64,7,2,0,77,0,0,0,0,0,0,0,0,0,0,0
OTU_115,2,1,902,133,1,192,0,0,1,0,0,0,0,0,0,0,69,3
OTU_127,0,1,0,0,0,12,0,0,0,1,1,1,0,0,0,0,0,0
OTU_398,1,2,0,50,3,2093,503,197,283,45,150,750,3,2,3,7,4,5
OTU_110,12,539,6,761,429,114,0,0,782,2,5,2,2,1,1273,314,0,0
OTU_243,3,3,381,1,0,1,0,0,0,0,0,0,0,0,0,0,0,0
OTU_209,102,71,73,759,5,6,840,713,983,424,28,119,2,2,4,2,2,4
OTU_102,0,0,1,0,0,1,1,88,144,2,1,0,2,0,510,0,1,53
OTU_117,0,0,0,1,0,0,0,0,0,0,0,0,0,0,0,0,0,0
OTU_159,2058,1,0,2,0,0,0,846,0,0,1,0,2,2,0,0,0,19
OTU_81,0,0,0,0,0,0,3,0,0,3,5,0,0,0,0,0,0,0
OTU_77,0,0,0,0,0,0,771,9,2538,38,195,319,2,2,4,0,5,2
OTU_269,1,0,0,0,0,0,0,0,0,2,10,0,0,0,0,0,1,0
OTU_97,0,0,0,0,0,0,717,480,126,1783,826,17,1,0,1,1,3,2
OTU_135,0,0,0,0,0,0,7,79,117,23,1053,2573,2,1,7,7,10,4
OTU_107,0,3,0,0,0,0,0,0,1,95,4,885,2524,0,1,1,438,1
OTU_76,0,0,0,0,0,0,0,0,2,2,6,0,3,1,3929,1,1,0
OTU_227,194,1,0,0,866,0,549,2,9,1,0,724,2,1532,1,3,23,1
OTU_165,0,0,0,0,0,0,0,0,0,3,0,0,0,0,0,0,0,0
OTU_137,1,0,31,0,0,0,337,166,2479,128,587,18,8,11,4,2,4,5
OTU_96,1,0,0,0,0,0,2,0,2,1,0,0,0,3517,0,2,1,0
OTU_180,0,0,0,0,0,0,9,10,17,1384,2313,2,7,5,6,12,7,9
OTU_238,1,2,0,1,0,0,1181,19,71,276,601,1324,10,14,4,10,23,21
OTU_280,0,0,0,0,0,0,0,0,0,2,0,0,0,2,0,0,0,0
OTU_124,0,0,0,0,0,0,0,0,0,0,0,0,0,0,0,0,0,0
OTU_186,0,0,0,0,0,0,2,86,0,352,0,0,0,0,0,0,0,0
OTU_190,1,2,1,0,0,0,363,844,291,711,242,1106,2,7,0,2,1,0
OTU_175,0,0,0,0,0,0,0,0,0,0,0,0,0,0,0,0,0,0
OTU_92,4,0,0,0,1,2,8,776,877,48,2,143,3,2,203,52,154,1259
OTU_108,0,0,0,0,0,0,0,0,0,1,0,0,0,0,0,0,0,0
OTU_103,0,0,0,0,0,1,0,0,0,0,0,0,0,0,0,0,0,0
OTU_144,0,0,0,0,0,0,1,4,1,214,4,1,2,0,0,2,0,0
OTU_112,1,4,2,0,2,46,0,0,0,1,0,0,0,0,0,0,0,0
OTU_181,0,0,0,0,0,0,322,457,76,796,3,1730,1,1,0,1,0,3
OTU_101,0,0,0,0,0,0,0,0,2,0,0,0,0,0,3374,2,0,0
OTU_630,0,0,1,0,0,1,0,0,0,1,0,2,0,1,0,0,0,0
OTU_93,2,3335,0,0,0,0,0,0,0,0,0,0,0,0,0,0,0,0
OTU_142,0,0,0,0,0,0,523,784,1219,444,148,109,1,1,3,1,2,3
OTU_216,0,0,0,1,0,0,337,34,0,1,0,1,0,0,0,0,0,0
OTU_174,0,0,1,1,0,0,382,266,443,26,627,1446,0,1,1,0,4,0
OTU_95,0,0,0,0,3117,0,2,0,0,0,2,0,3,2,0,1,1,0
OTU_170,0,0,0,0,0,0,40,0,0,5,0,0,0,0,0,0,0,0
OTU_148,1,1,0,0,0,0,1458,485,366,12,445,57,16,22,91,15,9,14
OTU_332,0,0,0,0,0,0,1,0,0,2,0,0,0,0,0,0,0,0
OTU_319,0,0,0,0,0,0,863,59,162,314,1425,50,2,2,1,2,3,3
OTU_331,0,0,0,0,0,0,21,204,120,17,1583,3,18,7,635,11,9,17
OTU_167,0,2,2,1704,0,1,53,1030,1,0,2,0,1,1,0,0,0,1
OTU_122,0,0,0,2,0,2885,0,0,0,0,0,0,0,0,0,0,0,0
OTU_157,0,0,0,0,0,0,1,2,1,47,0,0,0,0,1,0,445,2304
OTU_126,0,0,0,1,0,2715,0,0,0,0,0,0,1,0,0,0,0,0
OTU_121,0,0,0,0,0,0,0,0,0,0,0,0,0,0,0,0,0,0
OTU_195,0,0,0,0,0,0,0,0,0,0,0,0,0,0,0,0,0,0
OTU_145,0,0,0,0,0,3,0,1,0,4,0,0,0,0,0,0,0,0
OTU_191,0,0,0,0,0,0,0,1,0,2,0,0,0,0,0,1,0,1
OTU_161,0,0,0,2,4,3,0,0,0,1,0,0,0,0,0,0,0,0
OTU_297,0,0,0,4,0,0,0,0,0,0,0,1,0,0,0,0,0,0
OTU_188,0,0,0,0,1,0,560,1122,270,417,27,155,4,0,6,4,0,0
OTU_223,0,0,0,0,0,0,40,1,1117,36,4,2,2,1,4,0,225,1122
OTU_184,0,0,0,0,0,0,0,1,1,1,1,0,0,2068,0,0,1,2
OTU_128,0,0,0,0,0,0,0,0,0,1,0,0,0,0,0,0,0,0
OTU_177,0,0,0,0,0,0,478,245,538,10,97,1125,3,1,1,1,6,0
OTU_141,0,0,0,0,0,0,164,0,1,8,107,2209,1,2,0,2,0,0
OTU_156,0,0,0,0,1,0,106,51,14,1948,266,17,3,5,3,1,2,4
OTU_179,0,0,0,0,0,0,0,0,0,0,0,0,0,0,0,0,0,0
OTU_271,0,0,0,0,0,0,1,2429,0,0,0,0,0,0,0,0,0,1
OTU_256,0,0,0,0,0,0,0,0,0,1,9,0,0,0,0,0,0,0
OTU_287,0,1,0,200,0,0,0,0,0,1,0,0,0,0,0,0,0,0
OTU_138,0,0,0,0,0,0,0,43,0,2,0,0,0,0,0,0,0,0
OTU_132,0,0,0,0,0,0,276,64,238,3,1,1795,0,0,0,0,0,0
OTU_140,12,7,8,38,7,3,24,234,448,0,0,38,2,0,1381,2,27,51
OTU_133,0,0,0,0,0,2345,0,0,0,0,0,0,0,0,0,0,0,0
OTU_178,0,66,0,0,0,0,0,196,0,3,0,1,0,1,0,0,0,0
OTU_169,0,0,0,1676,0,1,0,0,613,0,2,0,0,0,0,0,0,2
OTU_233,0,0,0,0,2,2,288,163,743,645,244,15,9,11,7,8,12,12
OTU_166,0,0,0,1,1,1,586,4,1484,5,8,9,0,0,1,0,0,1
OTU_168,0,0,0,0,0,0,0,55,62,28,0,6,1047,0,660,37,0,1
OTU_192,0,1,1,0,0,0,0,0,0,0,2,1,0,0,0,0,0,0
OTU_236,0,0,0,0,0,0,497,130,348,273,9,952,0,0,0,0,2,1
OTU_392,0,0,0,0,0,0,0,0,0,0,0,0,0,0,0,0,0,0
OTU_232,0,0,0,0,0,0,28,422,27,4,53,1584,2,1,0,0,7,4
OTU_226,0,0,0,0,0,0,0,0,0,0,0,0,0,0,0,0,0,0
OTU_605,0,1,0,0,0,0,1,0,0,0,0,0,0,0,0,0,0,0
OTU_225,0,0,1,6,1,1,15,129,9,250,20,1570,5,9,5,8,1,8
OTU_213,0,0,0,0,0,0,32,478,12,93,1,1486,0,2,0,1,1,1
OTU_176,0,0,0,0,0,1,1,0,0,0,0,0,0,0,1,0,0,1
OTU_162,0,0,0,0,0,0,0,0,0,0,0,0,0,0,2110,2,0,0
OTU_347,0,0,0,0,0,0,0,0,0,2,0,0,0,0,0,0,0,0
OTU_281,0,0,0,0,0,0,0,0,0,2,0,0,0,0,0,0,0,0
OTU_252,0,0,0,0,0,0,73,7,3,302,1645,10,7,5,3,5,1,8
OTU_158,1,1,2010,0,0,0,0,0,0,0,0,0,0,0,0,0,0,0
OTU_183,0,0,0,0,0,0,1,0,0,1,1,0,0,0,0,0,0,0
OTU_149,0,0,0,0,0,2088,0,0,0,0,0,0,0,0,0,0,0,0
OTU_257,0,0,0,0,0,0,47,321,335,1232,29,78,4,3,0,2,0,1
OTU_284,3,0,0,0,0,0,419,394,29,6,1082,3,8,3,6,2,3,6
OTU_512,0,0,1,22,1,0,7,1893,38,0,6,0,2,1,1,24,4,7
OTU_172,0,0,0,0,0,0,0,0,0,0,0,0,0,0,0,1,0,0
OTU_229,0,0,0,0,0,0,0,0,0,0,0,0,0,0,0,0,0,0
OTU_245,0,0,0,0,0,0,0,0,0,0,0,0,0,0,0,0,0,0
OTU_365,1,1,0,1,0,0,0,1,0,0,0,1,0,0,0,0,0,0
OTU_187,0,0,0,0,0,0,245,4,3,364,324,29,923,9,5,4,5,4
OTU_193,0,0,0,0,0,0,0,1,0,0,0,0,0,0,0,0,1885,0
OTU_254,0,0,0,0,0,0,710,437,316,49,129,96,0,0,1,1,2,2
OTU_208,0,0,0,0,0,0,0,0,0,0,0,0,0,0,0,0,0,0
OTU_160,0,0,0,0,0,3,1,1,2,0,1,0,2,0,0,0,0,1853
OTU_290,0,0,0,0,0,0,0,0,0,0,0,0,0,0,0,0,0,0
OTU_182,0,0,0,0,0,0,2,1,0,0,1839,0,1,1,1,4,2,2
OTU_220,0,0,0,0,0,0,44,13,15,184,1036,385,10,6,12,25,9,6
OTU_274,0,0,0,0,0,0,1085,555,34,4,22,33,5,2,3,4,2,3
OTU_204,0,0,0,0,0,0,0,0,0,0,1,1,0,0,1,0,0,0
OTU_1735,0,0,0,0,0,0,0,0,0,1,0,1,0,0,0,0,0,0
OTU_276,0,0,0,0,0,0,0,0,0,1,0,0,0,0,0,1,1,0
OTU_288,1,1,0,0,1,0,60,15,36,955,84,1,14,9,54,12,25,16
OTU_221,0,0,0,0,0,0,174,1,25,1577,3,1,1,0,0,0,0,0
OTU_205,0,0,0,0,0,0,0,0,0,0,0,0,0,0,0,1,0,0
OTU_422,0,0,0,0,0,0,0,0,4,1,0,2,0,0,0,0,0,0
OTU_1826,0,0,0,0,0,0,0,0,0,1,0,0,0,0,0,0,0,0
OTU_206,0,0,0,0,0,0,0,0,0,0,0,0,0,0,0,0,0,0
OTU_199,0,0,0,0,0,0,0,0,0,0,0,0,0,0,0,0,0,0
OTU_203,0,0,0,0,0,0,9,6,3,4,126,1505,1,5,2,1,5,3
OTU_251,0,0,0,0,0,0,15,6,12,1670,0,0,0,0,0,0,0,1
OTU_350,0,0,0,0,0,0,0,0,0,0,0,0,0,0,0,0,0,0
OTU_266,0,0,0,0,0,0,0,0,0,1,2,0,0,0,0,0,0,0
OTU_250,0,0,0,0,0,0,1,1,0,0,1,0,0,1479,0,1,0,11
OTU_259,0,0,0,0,0,0,0,0,0,1634,0,0,0,0,0,0,0,0
OTU_258,0,0,0,0,0,1635,0,0,0,0,0,0,0,0,0,0,0,0
OTU_210,0,0,0,0,0,0,310,360,435,23,177,13,1,5,256,0,4,4
OTU_171,0,0,0,0,1598,1,0,0,0,0,0,31,0,0,0,0,0,0
OTU_222,0,0,0,0,0,0,50,186,30,13,52,11,3,3,1230,4,8,5
OTU_367,0,0,0,0,0,0,0,0,0,2,2,0,0,0,0,0,0,0
OTU_201,0,0,0,0,0,0,9,1,1497,2,69,16,0,1,0,0,0,0
OTU_197,0,0,0,0,0,0,306,478,16,486,37,124,9,13,8,13,5,4
OTU_218,0,1,125,499,4,0,0,1,0,0,0,0,0,0,0,0,0,0
OTU_249,0,0,0,0,0,0,0,0,0,0,0,0,0,0,0,0,0,0
OTU_313,0,0,0,0,0,2,0,0,0,0,0,0,0,0,0,0,1,0
OTU_396,0,1,0,0,0,0,0,0,0,0,0,0,1,0,0,0,0,0
OTU_214,0,1,0,1513,0,1,1,0,1,1,0,0,3,1,1,0,3,0
OTU_468,0,0,0,0,0,0,0,6,0,1,0,0,0,0,0,0,0,0
OTU_248,0,0,0,0,0,0,240,81,18,1133,22,16,1,0,1,1,0,0
OTU_194,0,0,0,0,0,0,88,436,316,555,1,135,0,1,0,0,0,0
OTU_198,0,0,0,0,0,0,0,0,0,1507,0,0,1,0,0,0,0,1
OTU_235,0,0,0,0,0,0,222,92,328,26,3,821,0,0,0,0,0,0
OTU_215,0,0,0,0,0,0,0,0,0,1,0,0,0,1,0,0,0,0
OTU_255,0,0,0,0,0,0,0,0,0,0,0,0,0,0,0,0,0,0
OTU_200,0,0,0,0,1,0,1,1475,1,1,0,0,0,2,0,0,2,0
OTU_240,0,0,0,0,0,0,2,13,0,1,0,1,0,0,0,0,0,0
OTU_207,0,0,0,0,0,0,0,1,0,1,42,3,0,1,1400,0,6,2
OTU_298,0,0,0,0,0,0,166,7,0,1,1,1,0,0,0,0,0,0
OTU_410,1,6,522,242,478,18,0,1,0,26,0,0,1,0,0,0,1,0
OTU_247,0,0,0,0,0,0,79,287,569,0,3,519,0,0,0,0,0,0
OTU_314,0,0,0,0,0,0,17,1,0,0,0,0,0,0,0,0,0,0
OTU_230,0,0,0,0,0,0,0,8,1,1240,193,1,0,0,0,0,0,0
OTU_219,0,0,0,2,0,0,3,1431,0,0,0,0,0,1,0,1,2,2
OTU_231,0,0,0,0,0,0,0,0,1,0,0,0,0,0,0,0,0,0
OTU_239,0,1427,0,0,0,0,0,0,0,0,0,0,0,0,0,0,0,1
OTU_717,9,17,654,178,136,2,1,0,22,1,3,0,0,0,0,0,0,0
OTU_581,2,0,7,15,1,0,0,3,4,1,0,0,0,46,1,2,1,6
OTU_246,0,0,0,0,0,0,536,6,76,10,3,776,0,0,0,0,0,0
OTU_343,0,0,0,0,0,0,0,0,0,2,0,0,0,1,0,0,0,0
OTU_224,0,0,0,0,0,0,1,2,2,0,6,2,0,0,0,0,1376,2
OTU_404,0,0,0,0,0,0,0,0,0,1,0,0,0,0,0,0,0,1
OTU_265,0,0,1374,0,0,0,0,0,0,0,0,0,0,0,0,0,0,0
OTU_373,0,1,796,0,0,0,0,0,0,0,0,0,0,0,0,0,0,0
OTU_562,0,0,0,0,0,0,0,0,0,0,0,0,0,0,0,0,0,0
OTU_283,0,171,0,0,0,0,557,109,0,502,3,1,0,1,1,0,0,2
OTU_286,0,0,0,0,0,0,150,398,125,372,170,74,0,1,0,0,1,1
OTU_370,0,0,0,0,0,0,0,1,560,0,7,747,1,1,1,0,2,0
OTU_317,0,0,0,0,0,0,0,0,0,1,0,0,0,0,0,0,0,0
OTU_569,0,0,0,0,1,0,283,270,186,7,489,7,2,0,1,2,2,0
OTU_217,0,2,0,1340,0,1,0,0,0,0,0,0,0,0,0,0,0,0
OTU_261,0,0,0,0,0,0,0,0,0,0,0,0,0,0,0,0,0,0
OTU_241,0,0,0,0,0,0,0,0,0,1,0,0,0,0,0,0,0,0
OTU_270,2,1,1264,0,0,0,0,0,0,0,0,0,0,0,0,0,0,0
OTU_412,0,0,0,0,0,0,0,0,0,0,0,0,0,0,0,0,0,0
OTU_237,0,0,0,0,0,0,0,0,0,0,0,0,0,0,1,1,0,0
OTU_292,0,0,0,0,0,0,0,0,0,0,0,0,0,0,0,0,0,0
OTU_268,0,0,0,363,0,33,0,0,0,0,0,0,0,0,0,0,0,0
OTU_457,0,0,0,0,0,0,643,73,314,0,237,2,1,1,0,0,1,0
OTU_376,0,1,0,0,0,0,0,0,0,0,0,0,0,0,0,0,0,0
OTU_273,0,0,0,0,0,0,0,1260,0,0,1,0,0,0,0,0,1,0
OTU_380,0,0,0,0,0,0,0,0,0,0,0,0,0,0,0,0,0,0
OTU_289,0,0,0,1,0,0,0,537,0,0,0,0,0,0,0,0,0,0
OTU_295,0,0,33,0,0,0,0,0,0,2,0,0,0,0,0,0,0,0
OTU_344,0,0,0,0,0,8,0,0,2,0,12,0,0,0,1231,0,0,2
OTU_335,0,0,1,0,620,0,3,1,2,4,0,0,4,0,3,0,1,1
OTU_263,0,0,0,0,2,0,64,145,14,11,9,866,1,1,3,2,4,0
OTU_267,0,0,0,0,0,0,0,0,0,0,0,0,0,0,0,0,0,0
OTU_253,0,0,0,0,0,0,0,0,1,1,0,0,0,0,0,0,0,0
OTU_272,0,0,0,0,0,0,0,0,0,0,0,0,0,0,0,0,0,0
OTU_282,0,0,0,0,0,0,5,4,4,4,1139,1,1,6,2,2,5,3
OTU_264,0,1127,0,0,0,0,0,1,1,0,0,0,0,0,0,0,0,2
OTU_312,0,0,0,0,0,0,14,5,5,4,1110,4,10,3,7,3,0,1
OTU_446,14,1,1,0,0,0,0,0,0,0,0,0,0,0,0,0,0,0
OTU_234,1,0,205,1,723,1,3,0,50,0,0,0,73,1,67,0,37,2
OTU_425,0,1,0,0,0,0,0,0,0,0,0,0,0,0,0,0,0,0
OTU_497,0,0,1,0,1,0,0,0,0,0,0,0,0,0,0,0,0,0
OTU_467,0,0,0,0,0,0,0,0,0,0,0,0,0,0,0,0,0,0
OTU_306,0,0,0,0,0,0,0,0,0,0,0,0,0,0,0,0,0,0
OTU_304,0,1,0,1115,1,0,0,1,1,1,0,0,1,2,0,2,0,1
OTU_402,0,0,0,0,0,0,0,0,0,0,0,0,0,0,0,0,0,0
OTU_385,0,0,0,0,0,0,0,0,0,0,0,0,0,0,0,1,0,0
OTU_324,0,0,0,0,0,0,99,249,40,202,7,525,0,0,0,0,0,0
OTU_642,0,1,0,1,0,0,58,1,65,266,650,3,3,2,2,2,0,2
OTU_505,0,0,0,0,0,0,0,0,0,0,0,0,0,0,0,0,0,0
OTU_300,0,0,0,1012,0,0,0,0,0,0,1,0,0,0,0,1,0,0
OTU_360,0,0,0,0,0,0,156,36,12,14,117,635,0,0,0,0,0,0
OTU_278,0,0,0,0,0,0,360,219,141,145,3,199,0,0,0,0,0,0
OTU_745,0,0,0,0,0,0,41,11,31,187,393,331,4,8,4,6,3,4
OTU_355,0,0,0,0,0,0,53,45,99,32,47,12,56,374,46,64,35,53
OTU_551,0,0,0,0,0,0,0,0,0,0,0,0,0,1,0,0,0,0
OTU_291,0,0,0,0,0,0,0,0,0,0,0,0,0,0,0,0,0,0
OTU_303,0,0,0,0,0,0,11,4,38,7,955,3,4,4,3,7,4,2
OTU_561,1,364,2,0,1,0,6,2,4,1,5,0,2,4,0,3,4,5
OTU_244,0,0,0,0,0,0,0,118,943,0,1,2,0,0,0,0,0,0
OTU_386,0,0,0,0,0,0,0,0,0,0,1057,0,2,0,0,2,0,2
OTU_301,0,0,0,0,0,0,106,5,1,29,46,851,2,2,2,1,1,0
OTU_302,0,0,0,0,0,0,0,0,0,0,0,0,0,0,0,0,0,0
OTU_277,0,0,0,0,0,0,0,0,0,0,0,0,0,0,0,1,1,0
OTU_294,1,0,0,0,0,0,0,0,0,0,0,0,0,0,0,0,0,0
OTU_879,0,0,0,0,0,0,7,3,11,467,7,3,16,4,6,91,7,102
OTU_348,27,20,3,11,1,1,0,1,1,4,1,0,0,1,0,0,0,837
OTU_307,0,0,157,0,0,0,0,0,0,0,0,0,0,1,0,1,0,0
OTU_499,0,0,0,0,0,0,0,0,0,0,0,0,0,0,0,1,0,0
OTU_318,0,0,0,1,0,1,1,0,5,25,1,0,18,0,780,0,0,2
OTU_454,0,0,0,0,0,0,68,1,1,2,884,0,1,1,2,3,0,1
OTU_395,0,0,0,0,0,0,3,1,0,448,0,0,22,2,1,0,139,340
OTU_500,0,0,0,0,0,0,0,0,0,0,0,0,0,0,0,0,0,0
OTU_299,0,0,0,0,0,0,0,0,0,0,0,0,0,0,0,0,0,0
OTU_325,0,11,0,706,1,2,34,1,0,1,38,0,1,0,119,1,1,1
OTU_1399,0,0,0,0,1,0,0,0,0,0,0,0,0,0,0,0,0,1
OTU_296,0,0,0,0,0,0,0,7,0,1,0,0,0,0,0,0,0,0
OTU_436,478,1,0,16,0,0,0,0,0,0,0,0,2,17,0,0,0,416
OTU_320,0,0,0,0,0,0,0,1,2,0,3,3,0,19,0,21,882,1
OTU_433,0,0,0,0,0,0,0,0,0,105,0,0,0,0,0,2,0,0
OTU_434,1,0,0,1,0,0,26,462,10,65,0,1,31,1,0,21,0,39
OTU_424,0,0,0,0,0,0,0,0,0,2,1,0,0,0,0,0,0,0
OTU_321,0,0,0,0,0,1,0,0,0,1,0,0,0,0,0,0,0,0
OTU_431,0,0,0,0,0,0,0,0,0,0,0,0,0,0,0,0,0,0
OTU_514,0,0,0,0,0,0,0,0,0,0,0,0,0,0,0,0,0,0
OTU_308,0,0,0,0,0,0,103,34,9,0,14,742,0,0,0,0,1,0
OTU_316,0,0,0,0,0,0,4,0,0,0,1,0,0,0,0,0,0,0
OTU_305,0,0,0,0,0,0,0,0,0,0,0,0,0,0,0,0,0,0
OTU_451,0,0,0,0,0,1,4,16,424,38,369,1,5,2,5,2,1,4
OTU_293,0,2,1,854,1,3,0,0,0,0,0,0,0,0,0,0,0,0
OTU_328,0,0,0,0,0,0,0,0,0,0,0,0,0,0,0,0,0,0
OTU_345,0,0,0,0,0,0,0,0,0,0,0,0,0,0,0,0,0,0
OTU_342,0,0,0,0,0,0,0,0,0,0,0,0,0,0,0,0,0,0
OTU_351,0,0,0,0,0,0,0,0,0,0,0,0,0,0,0,0,0,0
OTU_337,0,0,0,0,0,0,2,0,1,0,69,776,0,0,0,0,2,0
OTU_515,0,0,0,0,0,0,1,0,157,0,0,0,0,0,0,0,0,0
OTU_391,0,0,0,0,0,0,0,0,0,0,0,0,0,0,0,0,0,0
OTU_414,0,0,0,0,0,0,0,0,0,3,0,0,0,0,0,0,0,0
OTU_357,0,1,0,830,1,0,1,2,1,0,1,15,0,0,0,1,0,0
OTU_368,0,0,0,0,0,0,0,0,0,0,0,0,0,0,0,0,0,0
OTU_493,0,0,0,0,0,0,232,115,402,29,14,55,0,0,4,0,0,0
OTU_426,0,0,0,0,0,0,0,0,0,0,0,0,0,1,0,0,0,0
OTU_527,1,0,1,0,0,0,404,65,5,8,301,1,8,1,2,1,6,5
OTU_330,0,0,0,0,0,0,0,1,1,1,0,0,2,0,813,0,0,0
OTU_447,0,0,0,0,0,0,0,0,0,0,0,0,0,0,0,0,0,0
OTU_366,0,0,0,1,0,0,0,0,0,0,0,0,0,0,0,0,0,0
OTU_383,666,0,0,0,0,0,0,0,0,0,0,0,0,0,0,0,1,0
OTU_309,0,0,0,0,0,0,0,0,0,0,0,0,0,0,0,0,0,0
OTU_336,0,0,0,0,0,0,86,482,28,1,212,1,0,0,0,0,1,0
OTU_1018,0,0,0,1,0,0,142,12,451,6,106,55,1,5,2,3,4,1
OTU_374,0,0,61,0,0,0,0,0,0,0,0,0,0,0,0,0,0,0
OTU_334,0,0,0,0,0,0,0,0,0,0,0,0,0,0,0,0,0,0
OTU_622,0,0,0,0,0,0,0,0,0,0,0,0,0,0,0,0,0,0
OTU_845,0,0,0,33,0,133,585,7,15,1,38,0,1,0,0,0,0,0
OTU_389,0,0,1,0,0,0,0,0,0,0,0,0,0,0,0,0,1,0
OTU_353,0,0,0,0,0,0,129,116,56,499,2,6,0,0,0,0,0,0
OTU_641,0,0,0,0,0,0,0,0,0,0,1,0,0,0,0,0,0,0
OTU_323,0,0,7,0,0,1,0,0,0,0,0,0,0,0,0,0,0,0
OTU_416,10,52,56,89,221,246,86,2,9,2,0,0,0,0,0,0,0,0
OTU_532,0,0,0,0,0,0,6,101,52,6,557,4,8,4,4,1,6,5
OTU_469,4,0,0,93,3,6,63,3,6,259,32,56,3,5,2,0,0,6
OTU_341,0,0,0,0,0,1,0,0,0,0,0,1,0,0,0,0,0,0
OTU_439,0,0,0,0,0,0,100,1,12,473,68,97,1,0,0,0,4,0
OTU_432,0,0,0,786,1,0,0,0,0,0,0,0,0,0,0,0,0,0
OTU_631,0,0,0,0,0,0,0,0,0,0,0,0,0,0,0,0,0,0
OTU_502,0,0,0,0,0,0,25,505,36,121,52,0,4,3,2,3,0,3
OTU_437,0,1,0,738,0,1,0,0,1,24,0,0,0,0,0,0,4,0
OTU_619,0,0,0,0,0,0,0,0,0,0,0,1,0,0,0,0,0,0
OTU_333,0,0,0,0,0,0,0,0,0,0,0,0,0,0,0,0,0,0
OTU_1234,1,1,1,1,0,1,5,69,2,0,15,291,2,0,3,0,2,2
OTU_326,0,0,0,0,0,0,0,0,0,0,0,0,0,0,0,0,0,0
OTU_483,0,0,0,0,0,0,4,7,4,1,243,0,6,6,473,2,5,5
OTU_460,1,0,0,0,0,0,72,1,0,4,0,686,0,0,0,0,0,0
OTU_377,0,0,0,0,0,0,0,0,0,0,0,0,0,0,0,0,0,0
OTU_441,0,0,0,0,0,0,113,32,464,11,113,0,1,0,1,0,1,0
OTU_508,0,0,0,0,0,0,0,0,0,0,0,0,0,0,0,0,0,0
OTU_371,0,0,0,0,0,0,0,0,0,0,551,0,0,0,200,1,1,0
OTU_387,0,0,0,0,0,0,0,0,0,0,0,0,0,0,0,0,1,0
OTU_349,0,0,0,0,0,0,0,0,0,1,0,0,0,0,0,0,0,0
OTU_399,0,0,0,0,0,0,82,0,0,656,0,0,0,0,0,0,0,0
OTU_338,0,0,0,0,0,0,2,1,3,1,0,7,4,0,673,5,1,16
OTU_419,0,0,0,0,0,0,0,0,0,1,0,0,0,0,0,1,0,1
OTU_375,0,0,0,0,0,0,0,2,696,1,29,0,0,1,0,0,1,0
OTU_322,0,659,1,37,0,1,0,0,0,31,1,0,0,0,0,0,0,0
OTU_679,0,0,1,0,0,0,0,0,0,37,0,0,0,0,0,0,0,0
OTU_327,0,0,0,0,1,0,0,0,0,0,0,0,0,0,0,0,0,0
OTU_621,0,0,0,0,0,0,0,0,0,2,0,0,0,0,0,0,0,1
OTU_430,0,0,0,0,0,0,0,0,1,0,0,5,0,0,1,0,0,0
OTU_643,0,0,0,0,0,0,80,0,0,0,0,0,0,0,0,0,0,0
OTU_440,0,0,0,0,0,0,0,0,586,124,2,1,0,0,1,0,1,1
OTU_413,17,0,0,17,0,0,2,0,0,1,0,0,0,0,0,0,0,0
OTU_612,0,0,0,0,0,1,0,0,0,0,1,0,0,0,0,0,0,0
OTU_381,0,0,0,0,0,0,6,0,68,512,119,0,0,0,0,1,0,2
OTU_831,0,0,0,0,0,0,0,0,0,0,0,0,0,0,0,0,0,0
OTU_452,0,0,0,0,0,0,27,91,63,5,23,446,0,1,0,3,1,0
OTU_979,0,0,0,0,0,0,0,0,0,0,0,0,0,0,0,0,0,0
OTU_546,0,0,0,0,0,0,0,0,0,0,0,0,0,0,0,0,0,0
OTU_1195,0,0,0,0,0,0,0,0,0,1,0,0,0,0,0,0,0,1
OTU_358,0,0,0,0,0,0,0,0,0,0,0,0,0,0,0,0,0,0
OTU_346,0,0,0,694,0,0,0,0,0,0,0,0,0,0,0,0,0,0
OTU_363,0,0,0,0,0,0,1,0,0,0,2,0,0,0,0,0,0,0
OTU_543,0,0,0,0,0,0,12,8,2,10,186,382,14,10,7,4,9,5
OTU_379,0,0,0,0,0,0,0,0,0,0,0,0,0,0,0,0,0,0
OTU_403,0,0,0,0,0,0,0,0,0,0,0,0,0,0,0,0,0,0
OTU_369,0,0,0,0,0,0,0,1,0,0,0,0,0,690,0,0,0,0
OTU_408,0,0,0,0,0,0,542,0,0,4,119,2,1,0,0,0,0,0
OTU_761,0,0,0,0,0,0,0,0,0,0,0,0,0,0,0,0,0,0
OTU_614,0,0,0,12,0,1,133,321,1,4,92,22,3,0,0,1,2,7
OTU_362,0,0,0,0,0,0,0,0,0,0,19,0,0,0,656,0,0,0
OTU_601,0,0,0,0,0,0,0,0,0,0,0,0,0,0,0,0,0,0
OTU_582,0,0,0,0,0,0,0,0,0,0,0,0,0,0,0,0,0,0
OTU_1781,0,0,0,0,0,0,0,0,0,1,0,0,0,0,0,0,0,0
OTU_841,0,0,0,0,0,0,229,46,111,8,148,59,2,0,1,1,0,0
OTU_736,0,0,0,0,0,0,329,0,1,0,4,0,0,0,0,1,0,0
OTU_364,0,0,0,0,0,0,0,0,0,660,0,0,0,0,0,0,0,0
OTU_339,0,0,0,656,0,1,1,0,0,0,0,0,0,1,0,0,0,0
OTU_394,3,1,1,1,0,0,7,112,500,15,3,1,1,3,0,0,0,0
OTU_1358,0,0,0,0,0,0,17,263,128,18,158,5,2,1,0,2,2,0
OTU_529,0,0,0,0,0,0,2,1,4,3,608,1,2,3,2,6,0,6
OTU_354,0,0,0,0,0,0,0,0,0,0,0,0,0,0,0,0,0,0
OTU_407,0,0,0,0,0,0,76,31,456,39,1,15,0,0,1,0,0,0
OTU_400,0,0,0,0,0,0,0,0,0,0,0,0,0,0,0,0,0,0
OTU_530,0,0,0,0,0,0,0,0,0,0,14,1,0,0,0,0,0,0
OTU_484,0,0,0,0,1,1,18,4,0,592,1,0,0,0,0,0,0,0
OTU_405,0,0,0,0,0,0,0,0,0,0,0,0,0,0,0,0,0,0
OTU_580,0,0,0,0,0,0,0,0,0,0,0,0,0,0,1,0,0,0
OTU_675,0,0,0,0,0,0,60,0,53,0,0,1,0,0,1,0,2,1
OTU_418,0,0,0,0,0,0,8,4,5,0,16,0,2,1,583,1,1,0
OTU_378,0,0,0,0,0,0,0,1,2,1,1,0,1,1,0,0,1,1
OTU_593,0,3,0,1,0,0,1,0,0,1,0,1,0,0,0,0,1,0
OTU_409,0,0,0,0,0,0,229,28,190,114,23,3,2,1,1,0,0,0
OTU_481,0,0,0,0,0,0,235,316,72,0,0,1,0,0,0,0,0,1
OTU_445,0,0,0,0,0,0,245,7,82,196,2,83,0,0,0,0,0,0
OTU_528,0,0,0,0,0,0,2,1,3,9,236,6,9,1,304,4,8,11
OTU_557,0,0,0,0,0,0,0,0,0,0,0,0,0,0,0,0,0,0
OTU_691,0,0,0,0,0,0,0,0,0,0,0,0,0,0,0,0,0,0
OTU_1101,0,0,0,0,0,0,0,0,1,0,0,0,1,0,0,0,0,0
OTU_563,0,0,0,0,0,0,512,1,55,4,23,1,1,0,0,0,0,1
OTU_465,0,0,0,0,0,0,184,89,165,33,7,45,1,0,0,0,0,0
OTU_555,0,0,0,0,0,0,0,0,0,0,0,0,0,0,0,0,0,0
OTU_435,0,395,0,0,0,0,0,0,0,1,0,0,0,0,0,0,0,0
OTU_840,0,0,0,0,0,0,8,23,5,3,0,11,0,0,0,1,0,0
OTU_397,0,0,0,0,0,0,0,0,0,0,0,0,0,0,0,0,0,0
OTU_876,0,0,0,0,0,0,0,0,0,0,0,0,0,0,0,1,0,0
OTU_428,0,0,0,0,0,0,0,0,0,0,0,0,0,0,0,0,0,0
OTU_382,0,0,0,0,0,0,0,0,0,0,0,584,0,0,0,0,0,0
OTU_624,0,0,0,0,0,0,0,0,0,0,0,0,0,0,0,0,0,0
OTU_506,0,0,0,0,0,0,0,0,0,1,0,0,0,0,0,0,0,0
OTU_390,0,0,0,0,2,0,0,5,7,512,0,0,0,0,0,0,2,0
OTU_1853,0,0,0,0,0,0,0,0,0,0,0,0,0,0,0,0,0,0
OTU_415,1,0,0,0,0,0,0,0,0,0,0,0,0,0,0,0,0,0
OTU_427,0,0,0,0,0,0,0,0,0,0,0,0,0,0,0,0,0,0
OTU_477,0,0,0,0,0,0,411,0,2,9,110,1,0,2,0,1,0,2
OTU_665,0,0,0,0,0,0,0,0,0,0,0,0,0,0,0,1,0,0
OTU_421,0,0,0,0,0,0,138,0,40,0,0,369,0,0,0,0,0,0
OTU_674,0,0,0,0,0,0,0,0,0,0,0,0,0,0,0,0,0,0
OTU_603,0,0,0,0,0,0,125,34,0,58,11,10,0,0,0,297,0,0
OTU_420,0,0,0,0,0,1,1,4,1,480,0,0,0,1,0,0,1,0
OTU_401,8,0,0,0,0,0,0,0,0,515,0,0,0,1,0,0,0,0
OTU_590,0,0,0,0,0,0,0,0,0,0,0,0,0,0,0,0,0,0
OTU_461,0,0,0,0,0,0,0,0,0,0,0,0,0,0,0,1,0,0
OTU_618,0,0,0,0,0,0,0,0,0,0,0,0,0,0,0,0,0,0
OTU_556,0,0,0,0,0,0,0,0,0,0,0,0,0,0,0,0,0,0
OTU_459,0,0,0,0,0,0,14,193,267,10,19,2,1,1,1,0,0,0
OTU_488,0,0,0,0,0,0,151,1,0,360,11,0,0,0,0,2,2,0
OTU_485,0,0,0,0,0,0,0,0,0,1,0,0,0,0,0,0,0,0
OTU_587,0,0,0,0,0,0,110,10,7,2,356,4,2,4,4,3,3,3
OTU_888,0,0,0,0,0,0,0,1,0,0,0,0,0,0,1,0,0,0
OTU_535,0,0,0,0,0,2,43,2,6,4,395,0,3,3,2,2,1,5
OTU_423,0,0,0,0,0,0,0,0,0,0,0,0,0,0,0,0,0,0
OTU_417,0,0,0,0,0,0,0,0,0,0,0,0,0,0,0,0,0,0
OTU_760,0,0,0,0,0,1,0,0,0,1,0,0,0,0,0,0,0,0
OTU_429,0,0,0,0,0,0,0,2,464,0,35,5,0,2,0,1,1,2
OTU_541,0,0,0,0,0,0,0,0,0,0,0,0,0,0,0,0,0,0
OTU_606,0,0,0,0,0,0,269,0,134,8,30,0,6,3,5,3,3,3
OTU_489,0,0,0,0,0,1,6,1,1,1,488,1,2,1,0,0,2,0
OTU_576,0,0,0,0,0,0,270,0,51,5,3,1,0,1,0,0,0,1
OTU_858,0,0,1,0,1,0,29,1,63,9,3,16,6,12,0,10,28,3
OTU_462,0,0,0,0,0,0,493,0,0,0,5,0,0,0,0,0,1,0
OTU_411,0,0,0,0,0,0,50,0,419,3,0,24,0,1,0,0,0,0
OTU_492,0,0,0,0,0,0,154,10,148,146,9,3,2,1,0,0,0,1
OTU_915,0,0,0,0,0,0,0,0,0,0,0,0,0,0,0,0,0,0
OTU_449,0,0,0,0,0,0,0,0,0,488,0,0,0,0,0,0,0,0
OTU_552,0,0,0,0,0,0,0,0,0,0,0,0,1,0,0,1,0,0
OTU_458,0,0,0,0,0,0,0,0,0,0,0,0,1,0,0,1,0,0
OTU_479,0,0,0,0,0,0,64,10,227,122,19,41,0,1,0,0,1,0
OTU_456,0,0,0,0,0,0,34,16,4,235,184,0,0,1,1,1,0,2
OTU_570,0,0,0,0,0,0,0,0,0,0,0,0,0,0,0,0,0,0
OTU_516,0,0,0,0,0,0,348,31,0,1,86,2,1,1,1,0,0,1
OTU_545,0,0,0,0,0,0,0,0,0,0,0,0,0,0,0,0,0,0
OTU_602,0,0,0,0,3,0,4,308,29,0,89,0,0,4,1,5,3,2
OTU_475,0,0,1,0,0,0,0,0,0,1,0,0,0,1,0,0,0,0
OTU_755,0,0,0,0,0,0,122,0,128,5,40,153,1,0,0,1,1,0
OTU_594,0,0,0,0,0,0,0,0,0,0,0,0,0,0,0,0,0,0
OTU_442,0,0,0,0,0,0,2,0,5,0,23,0,1,0,439,1,0,0
OTU_699,16,0,0,0,0,0,0,0,0,94,0,0,0,0,0,0,1,0
OTU_503,0,0,0,0,0,0,0,0,0,0,0,0,0,0,0,0,0,0
OTU_1276,0,0,0,0,0,0,0,0,0,0,0,0,0,0,0,0,0,0
OTU_573,0,0,0,59,0,105,1,0,150,92,4,27,0,0,2,1,0,0
OTU_464,0,0,0,0,0,0,0,0,0,0,7,0,0,0,0,0,0,0
OTU_615,0,0,0,1,0,0,11,0,1,11,199,208,1,0,0,1,0,0
OTU_443,0,0,0,0,0,0,0,0,0,0,0,0,0,0,0,1,0,0
OTU_438,0,0,0,0,0,0,0,0,0,0,0,0,0,0,0,0,0,0
OTU_821,0,0,0,0,0,0,115,15,3,40,70,160,6,3,3,2,6,3
OTU_476,0,0,0,0,0,0,0,0,0,0,0,0,0,0,0,0,0,0
OTU_1218,0,0,0,0,0,0,0,0,0,0,0,0,0,0,0,0,0,0
OTU_613,159,0,0,0,0,0,84,3,17,108,24,6,0,1,16,3,0,1
OTU_526,0,0,0,0,0,0,6,8,264,33,83,4,3,5,2,7,8,6
OTU_846,0,7,1,0,0,0,1,0,2,1,0,1,0,0,2,0,0,1
OTU_444,0,0,0,0,0,0,1,0,0,438,12,0,0,0,0,0,0,0
OTU_652,0,0,0,0,0,0,0,0,0,0,0,0,0,0,0,0,0,0
OTU_482,0,0,0,0,0,0,443,0,1,0,3,0,0,0,0,0,0,0
OTU_662,0,0,0,0,0,0,32,3,218,5,158,2,1,3,3,1,4,1
OTU_486,0,0,0,0,0,0,0,0,0,0,0,0,0,0,0,0,0,0
OTU_629,0,0,0,0,0,0,319,6,3,5,78,2,3,6,6,2,2,3
OTU_521,0,0,133,0,0,0,0,0,1,0,0,0,0,0,0,0,0,0
OTU_560,0,0,0,0,0,0,0,0,0,0,0,0,0,0,0,0,0,0
OTU_653,0,0,0,0,0,0,0,0,0,0,0,0,0,0,0,0,0,0
OTU_742,0,0,98,0,0,0,0,0,0,0,0,0,0,0,0,0,0,0
OTU_1351,0,0,0,0,0,0,0,0,0,0,0,0,0,0,0,0,0,0
OTU_406,0,0,0,0,0,0,1,0,419,0,18,0,0,0,0,0,0,0
OTU_472,0,0,0,0,0,0,0,412,0,0,0,0,0,0,26,0,0,1
OTU_549,0,0,0,0,0,0,0,0,0,0,0,0,0,0,0,0,0,0
OTU_813,0,0,0,0,0,0,0,0,0,0,0,0,0,0,0,0,0,0
OTU_524,0,0,0,0,0,0,0,0,0,0,0,0,0,0,0,0,0,0
OTU_540,0,0,0,0,0,0,0,0,0,0,0,0,0,0,0,0,0,0
OTU_466,0,0,0,0,0,0,0,0,0,0,5,424,0,0,0,0,0,0
OTU_790,0,0,0,0,0,0,33,41,31,0,34,0,81,26,54,61,35,35
OTU_490,0,0,0,0,0,0,0,0,0,0,0,0,0,0,0,0,0,0
OTU_828,0,0,0,0,0,0,1,15,0,96,0,0,0,0,0,0,1,20
OTU_463,0,0,0,0,0,0,0,0,0,0,0,0,0,0,0,0,0,0
OTU_520,0,0,0,0,0,0,0,0,0,0,0,0,0,0,0,0,0,0
OTU_531,0,0,0,0,0,0,12,0,0,0,0,0,0,0,0,0,0,0
OTU_1140,0,0,0,0,0,0,0,0,0,0,0,0,0,0,0,0,0,0
OTU_598,2,0,0,1,3,0,121,139,16,1,8,10,2,1,0,1,1,2
OTU_756,0,0,0,0,0,0,0,0,0,0,0,0,0,0,0,0,0,0
OTU_525,0,0,0,0,1,0,0,0,0,0,0,0,0,0,0,0,0,0
OTU_487,0,0,0,357,2,0,36,0,0,0,1,0,1,0,0,0,0,0
OTU_697,0,0,0,0,0,0,0,0,0,0,0,0,0,0,0,0,0,0
OTU_591,0,0,0,0,2,1,100,183,0,89,6,1,0,1,4,0,0,0
OTU_519,0,0,0,0,0,0,0,0,0,0,0,0,0,0,0,0,0,0
OTU_634,0,0,0,0,0,0,0,0,0,0,0,0,0,0,0,0,0,0
OTU_534,0,0,0,0,0,1,0,0,0,0,0,0,0,0,0,0,0,0
OTU_553,2,6,2,0,0,0,0,0,0,0,6,0,0,0,357,0,0,0
OTU_647,0,0,0,0,0,0,258,0,0,2,1,130,0,0,0,0,0,1
OTU_650,0,0,0,0,0,0,117,10,272,0,0,0,0,0,0,0,0,0
OTU_474,0,0,0,0,0,0,0,0,0,0,0,0,0,0,0,0,0,1
OTU_757,0,0,0,0,1,0,0,0,0,0,0,0,0,0,0,0,0,0
OTU_470,0,0,0,0,0,0,311,1,56,8,0,1,0,0,0,0,0,0
OTU_471,0,396,1,0,0,0,0,0,0,0,0,0,0,0,0,0,0,0
OTU_783,5,0,0,0,0,0,0,0,0,1,9,0,0,0,0,0,0,0
OTU_448,395,0,0,0,0,0,0,0,0,0,0,0,0,0,0,0,0,0
OTU_498,0,0,0,0,0,0,4,4,365,1,1,0,5,3,4,0,0,0
OTU_604,0,0,0,0,0,0,0,1,180,0,0,0,0,0,8,104,0,19
OTU_637,0,0,0,0,0,0,3,222,3,4,147,1,2,0,1,0,2,1
OTU_583,0,0,0,0,0,0,0,0,0,1,0,0,0,0,0,0,0,0
OTU_678,0,0,0,0,0,0,7,6,11,1,89,2,7,1,234,3,7,2
OTU_748,1,0,0,0,0,0,1,0,136,151,0,0,5,0,10,4,1,1
OTU_1169,0,0,0,0,0,0,0,7,0,1,0,0,0,0,0,0,0,0
OTU_659,0,0,1,0,0,0,73,45,0,106,2,3,1,2,1,0,1,0
OTU_522,0,0,1,11,1,0,0,1,0,0,0,0,0,358,0,0,0,1
OTU_611,0,0,0,0,0,0,0,0,0,0,0,0,0,0,0,0,0,0
OTU_844,0,0,0,0,0,0,0,0,0,0,0,0,0,0,0,0,0,0
OTU_518,3,0,1,240,0,98,2,15,4,0,1,0,0,0,0,0,1,3
OTU_694,0,0,0,0,0,0,0,0,0,0,0,0,0,0,0,0,0,0
OTU_504,0,0,0,0,0,0,0,0,0,0,0,0,0,0,0,0,0,0
OTU_718,0,0,0,0,0,0,81,132,2,17,93,32,3,2,1,0,2,1
OTU_494,0,0,0,0,0,0,0,0,0,1,4,0,0,0,0,0,0,0
OTU_687,0,0,0,0,0,0,0,0,0,0,0,0,0,0,0,0,0,0
OTU_1200,0,0,0,0,0,0,0,0,0,3,0,0,0,0,0,0,0,0
OTU_509,0,0,0,0,1,0,94,22,91,144,2,5,0,0,0,0,0,0
OTU_571,0,0,0,0,0,0,0,0,0,0,0,0,0,0,0,0,0,0
OTU_537,0,0,0,0,0,0,341,6,12,0,3,3,0,0,0,0,1,0
OTU_547,0,0,0,0,0,0,0,0,0,0,0,0,0,0,0,0,0,0
OTU_620,0,0,0,0,0,0,210,8,14,2,7,105,0,0,0,0,0,1
OTU_894,0,0,0,0,0,0,0,0,0,0,0,0,0,0,0,0,0,0
OTU_735,0,0,0,0,0,0,5,13,14,10,53,2,3,3,3,8,7,3
OTU_729,0,0,0,0,0,0,0,0,0,0,0,0,0,0,0,0,0,0
OTU_772,0,0,0,0,0,0,12,49,1,1,166,120,1,0,0,1,0,0
OTU_495,0,0,0,0,0,0,0,0,0,2,0,0,0,0,0,0,0,0
OTU_860,0,0,0,0,0,0,69,24,6,48,171,1,0,0,1,1,1,1
OTU_814,0,0,0,0,0,0,0,0,0,0,0,0,0,0,0,0,0,0
OTU_645,0,1,0,0,1,1,7,0,0,0,1,0,0,0,0,0,0,0
OTU_523,0,0,0,0,0,0,0,0,0,0,0,0,0,0,0,0,0,0
OTU_725,1,0,1,1,0,0,331,2,7,0,2,0,0,0,0,0,0,0
OTU_784,0,0,8,0,0,0,0,0,0,0,0,0,0,0,0,0,0,0
OTU_1283,0,0,0,0,0,0,161,21,82,26,33,12,0,0,0,1,0,2
OTU_711,0,0,0,0,0,0,0,0,0,0,0,0,0,0,0,0,0,0
OTU_473,0,350,0,0,0,0,0,0,0,0,0,0,0,0,0,0,0,0
OTU_722,0,0,0,0,0,0,0,0,0,0,0,0,0,0,0,0,0,0
OTU_700,0,1,0,0,0,0,49,0,0,0,0,0,0,0,0,0,0,0
OTU_510,0,0,0,0,0,0,0,0,0,0,0,0,1,0,0,0,0,0
OTU_554,0,0,0,0,0,0,0,0,0,0,0,0,0,0,0,0,0,0
OTU_912,0,0,0,0,0,0,0,0,0,0,0,0,0,0,0,0,0,0
OTU_661,0,0,0,0,0,0,0,1,0,206,104,0,2,1,2,1,0,4
OTU_1068,0,0,0,0,0,0,0,0,0,1,0,0,0,0,0,0,0,0
OTU_1094,0,0,0,0,0,0,0,0,0,2,0,0,0,0,0,0,0,0
OTU_626,0,1,0,0,0,0,267,1,1,0,53,3,1,0,0,0,0,1
OTU_491,0,0,0,0,0,0,2,0,0,234,0,96,0,0,0,0,0,0
OTU_496,0,1,0,333,0,0,0,0,0,0,0,0,0,0,0,0,0,0
OTU_708,5,0,0,0,0,0,51,0,36,152,33,3,0,0,2,0,0,0
OTU_1028,0,0,0,0,0,0,0,0,0,0,0,0,0,0,0,0,0,0
OTU_610,0,0,0,0,0,0,0,0,0,0,0,0,0,0,0,0,0,0
OTU_716,0,0,0,0,0,0,0,0,0,0,0,0,0,0,0,0,0,0
OTU_565,0,0,0,0,0,0,0,0,0,0,0,0,0,0,0,0,0,0
OTU_539,0,0,0,0,0,0,0,0,0,0,0,0,0,0,0,0,0,0
OTU_822,0,0,0,0,0,0,99,2,1,3,180,2,2,2,12,4,1,1
OTU_558,0,0,0,0,0,0,0,0,0,0,0,0,0,0,0,0,0,0
OTU_564,0,0,0,0,0,0,0,1,0,0,1,0,0,0,0,0,0,0
OTU_589,0,0,0,1,0,0,261,0,4,5,23,1,0,3,6,2,4,1
OTU_638,0,0,0,0,0,0,0,0,0,0,0,0,0,0,0,0,0,0
OTU_837,0,0,0,2,0,0,0,0,0,1,308,0,0,0,0,0,0,1
OTU_550,0,0,0,0,0,0,244,1,20,0,6,45,0,0,0,0,1,0
OTU_632,115,2,0,159,0,37,0,0,0,0,0,2,0,0,0,0,0,0
OTU_646,0,0,0,0,0,0,231,8,4,30,22,0,2,0,0,3,2,0
OTU_536,0,0,0,0,0,0,0,0,0,0,0,0,0,0,0,0,0,0
OTU_586,0,0,0,0,0,0,0,0,0,0,0,0,0,0,0,0,0,0
OTU_544,291,0,0,0,0,1,0,0,0,0,0,0,0,0,1,0,0,0
OTU_596,0,0,0,0,0,0,0,0,32,0,0,0,0,0,0,59,221,0
OTU_640,0,0,0,2,0,0,2,3,0,285,7,1,0,1,0,0,1,0
OTU_842,0,0,0,0,0,0,3,0,87,10,167,4,1,0,2,0,1,5
OTU_1114,0,177,0,0,0,0,0,0,0,0,0,0,0,0,0,0,0,0
OTU_765,0,0,0,0,0,0,0,0,0,0,0,0,0,164,0,0,0,0
OTU_928,0,0,0,0,0,1,1,0,0,0,2,4,0,2,3,2,1,1
OTU_627,0,0,0,0,0,0,34,251,19,0,0,0,0,0,0,0,0,0
OTU_701,0,0,0,0,0,0,0,0,0,0,0,0,0,0,0,0,0,0
OTU_595,0,0,0,0,0,0,131,1,122,2,20,1,2,1,2,4,1,2
OTU_902,0,0,0,0,0,0,0,0,1,0,0,0,0,0,0,0,0,0
OTU_607,0,0,0,0,0,0,0,0,0,1,0,0,0,0,0,0,0,0
OTU_617,0,1,1,0,1,2,1,248,0,0,0,0,0,0,0,0,0,0
OTU_567,0,0,0,0,0,0,0,0,0,0,0,0,0,0,0,0,0,0
OTU_871,0,1,0,0,0,0,0,2,0,0,293,0,0,0,0,1,0,1
OTU_584,0,0,0,0,0,0,0,0,0,296,0,0,0,0,0,0,0,0
OTU_682,0,0,0,1,0,0,9,3,16,169,25,3,0,6,4,0,0,3
OTU_710,0,0,0,0,0,0,0,0,0,0,0,0,0,0,0,0,0,0
OTU_608,0,0,0,0,0,0,0,0,0,0,0,0,0,0,0,0,0,0
OTU_958,0,0,0,0,0,0,0,0,0,0,0,0,0,0,0,0,0,0
OTU_683,0,0,0,0,0,0,0,0,0,0,0,0,0,0,0,0,0,0
OTU_751,0,0,0,0,0,0,0,0,0,0,0,0,0,0,0,0,0,0
OTU_1078,0,0,0,0,0,0,0,0,0,0,0,0,0,0,0,0,0,0
OTU_677,0,0,0,0,0,0,0,0,0,0,0,0,0,0,0,0,0,0
OTU_834,0,0,0,0,0,0,0,0,0,0,0,0,0,0,0,0,0,0
OTU_657,1,0,0,3,0,0,1,282,1,0,0,0,0,0,0,0,0,0
OTU_688,0,0,0,0,0,0,0,0,0,0,0,0,0,0,1,0,0,0
OTU_941,0,0,0,0,0,0,0,0,1,97,2,0,0,0,1,0,0,0
OTU_559,0,0,0,1,0,0,0,0,0,0,0,0,0,0,0,0,0,0
OTU_655,0,0,0,0,0,0,146,0,82,52,1,0,0,0,0,0,0,0
OTU_780,0,0,0,0,0,0,0,0,0,1,0,0,0,0,0,0,0,0
OTU_635,0,0,0,0,0,0,0,0,0,0,0,0,0,0,0,0,0,0
OTU_1110,0,0,0,0,0,0,20,82,0,9,135,3,0,0,1,0,1,0
OTU_720,0,0,0,0,0,0,0,0,0,0,0,0,0,0,0,0,0,0
OTU_695,0,153,0,0,0,0,0,1,0,1,0,0,0,0,0,0,0,0
OTU_715,0,0,0,0,0,0,2,193,5,1,43,22,3,2,1,0,0,1
OTU_863,0,0,0,0,0,0,0,0,0,0,0,0,0,0,0,0,0,0
OTU_1512,0,0,0,0,0,0,2,203,0,0,0,0,2,0,1,0,0,2
OTU_1520,0,0,0,0,0,0,66,4,3,5,140,9,6,2,4,2,4,2
OTU_568,0,0,0,255,0,0,0,0,20,4,0,0,0,0,0,0,0,0
OTU_727,0,0,0,0,0,2,86,11,1,0,7,170,0,0,0,1,0,0
OTU_752,0,1,0,25,0,0,120,0,40,3,47,3,2,1,0,4,2,3
OTU_769,0,0,0,0,0,0,0,0,0,0,0,0,0,0,0,0,0,0
OTU_1256,0,0,0,0,0,0,0,0,0,1,1,0,0,0,0,0,0,0
OTU_957,0,0,0,0,0,0,0,0,0,0,276,0,0,0,0,1,0,0
OTU_1006,0,0,0,0,0,0,38,2,1,9,186,3,2,0,4,3,3,0
OTU_686,0,0,0,0,0,0,0,0,0,0,0,0,0,0,0,0,0,0
OTU_669,1,0,0,272,0,0,0,0,0,0,0,0,0,0,0,0,0,0
OTU_868,0,0,0,0,0,0,0,0,0,0,0,0,0,0,0,0,0,0
OTU_1242,0,0,0,0,0,0,0,0,0,0,0,0,0,0,0,0,0,0
OTU_1467,0,23,0,11,0,0,1,0,0,10,0,1,0,0,42,56,10,0
OTU_574,0,0,0,0,0,0,0,0,0,0,0,0,0,0,0,0,0,0
OTU_609,0,0,0,0,0,0,41,0,0,0,0,227,0,0,0,0,0,0
OTU_664,0,0,0,0,0,0,0,0,0,0,0,0,0,0,0,0,0,0
OTU_799,0,0,0,0,0,0,0,0,0,0,0,0,0,0,0,0,0,0
OTU_538,0,0,0,0,0,0,0,0,1,0,0,0,2,0,261,0,0,0
OTU_656,0,1,0,0,1,0,0,1,4,0,0,0,0,0,0,0,0,0
OTU_778,0,0,0,0,0,0,26,25,35,0,35,0,18,28,15,18,31,33
OTU_588,0,0,0,0,0,0,11,3,0,249,0,0,0,0,0,0,0,0
OTU_625,0,0,0,0,0,0,0,0,0,0,0,0,0,0,0,0,0,0
OTU_663,0,0,0,0,0,0,0,0,0,0,0,0,0,0,0,0,0,0
OTU_1001,0,0,0,0,0,0,0,0,0,0,0,0,0,0,0,0,0,0
OTU_1117,0,0,4,0,0,0,0,0,0,0,0,0,0,0,0,17,0,0
OTU_667,0,0,0,0,0,2,119,0,1,1,0,0,0,1,0,0,0,1
OTU_988,0,0,0,1,0,0,0,0,0,0,0,0,0,0,0,0,0,0
OTU_1412,0,0,0,0,0,0,0,0,0,0,0,0,0,0,0,0,0,0
OTU_636,1,3,0,0,1,1,0,66,106,19,23,4,0,0,0,0,0,1
OTU_953,1,0,0,0,0,0,0,0,0,0,0,0,0,0,0,0,0,0
OTU_633,0,0,0,0,0,0,0,0,0,0,0,0,0,0,0,0,0,0
OTU_1120,0,0,0,0,1,0,0,0,0,0,0,0,0,0,0,0,0,0
OTU_660,0,0,0,0,0,0,0,0,0,1,0,0,0,0,0,0,0,0
OTU_1087,0,0,0,0,0,0,5,12,1,6,178,0,3,2,0,6,4,2
OTU_690,0,0,0,0,0,0,0,0,0,0,0,0,0,0,0,0,0,0
OTU_802,0,0,0,0,0,0,65,0,0,0,0,0,0,1,0,0,0,0
OTU_908,6,2,3,5,5,5,1,2,1,65,2,1,1,1,4,0,2,1
OTU_597,245,0,0,0,0,0,0,0,0,0,0,0,0,0,0,0,0,0
OTU_1057,0,0,0,0,0,0,0,0,0,0,240,1,0,0,4,0,1,0
OTU_850,0,0,0,0,0,0,0,0,0,0,245,0,0,0,0,0,0,0
OTU_947,0,0,0,0,0,0,0,0,0,0,0,0,0,0,0,0,0,0
OTU_774,0,0,0,0,0,0,4,6,3,0,55,0,5,3,145,9,7,4
OTU_1586,0,0,0,0,0,0,0,1,0,0,0,0,0,0,0,0,0,0
OTU_616,0,0,0,0,0,0,0,0,0,0,0,0,0,0,0,0,0,0
OTU_1037,0,0,0,0,0,0,0,0,0,1,0,0,0,0,0,0,0,0
OTU_681,0,0,0,0,0,0,0,25,0,1,203,10,0,0,0,1,0,2
OTU_744,0,0,0,0,0,0,0,0,0,0,0,0,0,0,0,0,0,0
OTU_600,0,0,0,0,0,0,0,0,0,238,0,0,0,0,0,0,0,1
OTU_818,0,0,0,0,1,1,0,0,0,0,0,0,0,89,0,133,0,0
OTU_884,0,0,0,0,0,0,0,0,0,0,0,0,0,0,0,0,0,0
OTU_919,0,0,0,0,0,0,17,6,0,46,143,0,1,1,0,2,0,0
OTU_973,0,0,0,0,0,0,0,0,0,0,0,0,0,0,0,0,0,0
OTU_1106,0,1,0,0,0,0,0,0,0,0,0,0,0,0,0,0,0,0
OTU_1147,0,0,0,0,0,0,0,0,0,0,0,0,0,0,0,0,0,0
OTU_654,0,0,0,0,0,0,234,0,0,0,1,0,0,1,0,0,0,0
OTU_672,0,0,0,0,0,0,0,0,0,0,0,0,0,0,0,0,0,0
OTU_898,0,0,0,0,0,0,0,0,0,0,0,0,0,0,0,0,0,0
OTU_775,0,0,0,0,0,0,0,0,0,0,0,0,0,0,0,0,0,0
OTU_740,0,0,0,0,0,0,0,0,0,0,0,0,0,0,0,0,0,0
OTU_867,0,231,0,0,0,0,0,0,0,0,0,0,0,0,0,0,0,0
OTU_639,0,0,0,0,0,0,0,0,0,0,0,0,0,0,0,0,0,0
OTU_680,0,0,0,0,0,0,223,0,1,0,1,0,0,1,0,0,0,0
OTU_721,0,0,0,0,0,0,0,0,0,0,0,0,0,0,0,0,0,0
OTU_852,0,0,0,0,0,0,0,0,0,0,0,0,0,0,0,0,0,0
OTU_1178,0,0,0,0,0,0,0,0,0,0,224,0,0,0,1,1,0,1
OTU_628,0,206,0,0,0,0,0,0,0,0,0,0,0,0,0,0,0,0
OTU_865,0,0,0,0,0,0,0,0,0,0,0,0,0,0,0,0,0,0
OTU_684,0,0,0,0,0,0,0,0,0,2,0,0,0,0,0,0,0,0
OTU_1004,1,0,0,0,0,0,46,124,4,0,0,0,0,0,0,0,0,0
OTU_671,0,0,0,0,0,0,0,0,0,0,0,0,0,0,0,0,0,0
OTU_739,0,0,0,1,0,0,30,1,1,0,174,0,0,1,4,1,0,2
OTU_719,0,0,0,0,0,0,0,0,0,0,0,0,0,0,0,0,0,0
OTU_781,0,0,0,0,0,0,8,11,0,5,25,0,0,0,166,1,3,0
OTU_1274,0,0,0,0,0,0,0,0,0,0,0,0,0,0,0,0,0,0
OTU_903,0,0,0,0,0,0,0,0,0,0,0,0,0,0,0,0,0,0
OTU_1022,0,0,0,0,0,0,0,0,0,0,0,0,0,0,0,0,0,0
OTU_724,0,0,0,149,0,0,0,23,1,0,41,0,0,0,0,1,0,0
OTU_713,0,0,0,0,0,0,0,0,0,1,0,0,0,0,0,0,0,0
OTU_890,0,0,0,0,0,0,1,0,0,0,1,0,1,0,1,0,0,0
OTU_1084,0,0,0,0,1,0,67,25,52,5,32,1,1,0,1,2,1,0
OTU_709,0,0,0,0,0,0,2,196,0,0,4,14,0,0,1,0,0,0
OTU_904,0,0,0,0,0,0,0,0,0,0,0,0,0,0,0,0,0,0
OTU_1010,0,0,0,0,0,0,0,0,0,0,0,0,0,0,0,0,0,0
OTU_1015,0,0,0,0,0,0,0,0,0,0,0,0,0,0,0,0,0,0
OTU_1063,2,0,0,1,1,0,15,17,20,7,3,8,7,12,8,12,13,12
OTU_670,0,0,0,0,0,0,134,47,4,0,1,2,0,0,2,1,0,1
OTU_948,0,0,0,0,0,0,0,0,0,0,0,0,0,0,0,0,0,0
OTU_649,0,0,0,0,0,0,194,14,5,0,0,0,0,1,0,0,0,0
OTU_714,0,0,0,0,0,0,145,0,1,0,56,1,0,0,1,0,1,0
OTU_1013,0,0,0,0,0,0,0,0,0,0,0,0,0,0,0,0,0,0
OTU_666,0,0,0,0,0,0,56,0,81,1,46,0,2,0,0,0,0,0
OTU_770,0,0,0,0,0,0,4,6,8,25,3,17,8,4,9,11,3,8
OTU_873,0,0,0,0,0,0,0,0,0,0,0,0,0,0,0,0,0,0
OTU_764,0,0,0,0,0,0,0,0,0,0,0,0,0,0,0,0,0,0
OTU_777,0,0,0,0,0,0,41,23,0,1,27,0,0,0,0,0,1,0
OTU_910,0,0,0,0,0,0,202,0,8,0,0,0,0,0,0,0,0,0
OTU_730,0,0,0,0,0,0,0,0,0,0,0,0,0,0,0,0,0,0
OTU_786,0,0,0,0,0,0,34,0,38,10,52,15,0,0,0,3,0,0
OTU_804,0,0,0,2,0,0,0,0,0,0,0,0,0,0,0,0,0,0
OTU_827,0,0,0,0,0,0,0,0,0,1,0,0,0,0,0,0,0,1
OTU_1011,0,0,0,0,0,0,0,0,0,0,0,0,0,0,0,0,0,0
OTU_1421,0,0,0,0,0,0,0,0,0,0,0,0,0,0,0,0,0,0
OTU_726,0,0,0,0,0,0,186,7,0,0,0,0,0,0,0,0,0,0
OTU_753,0,0,3,0,4,1,1,142,11,2,0,1,0,0,2,0,0,0
OTU_972,0,0,0,0,0,0,0,0,0,0,0,0,0,0,0,0,0,0
OTU_1108,0,0,0,0,0,0,0,0,0,1,0,0,0,0,0,0,0,0
OTU_891,0,0,0,0,0,0,7,4,3,1,138,4,0,0,0,2,1,2
OTU_693,0,0,0,0,0,0,0,0,0,1,0,0,0,0,0,0,0,0
OTU_839,0,0,0,0,0,0,3,0,3,2,157,9,4,1,3,3,4,3
OTU_949,0,0,0,0,0,0,0,0,0,0,0,0,0,0,0,0,0,0
OTU_872,0,1,0,0,0,0,0,0,0,1,0,0,0,0,0,0,0,0
OTU_952,0,0,0,0,0,0,0,0,0,0,0,0,0,0,0,0,0,0
OTU_1186,0,0,14,0,0,0,0,0,0,0,5,0,0,0,0,0,0,0
OTU_743,0,0,0,0,1,0,0,0,0,0,0,0,0,0,0,0,0,0
OTU_826,90,0,0,15,0,0,1,3,4,0,1,1,1,2,4,1,3,0
OTU_833,0,0,0,0,0,0,3,4,8,8,92,2,8,5,28,10,3,4
OTU_658,0,0,0,198,0,0,0,0,0,0,0,0,0,0,0,0,0,0
OTU_689,0,0,0,0,0,0,0,0,0,0,0,0,0,0,0,0,0,0
OTU_692,0,0,0,0,0,0,0,0,0,0,0,0,0,0,0,0,0,0
OTU_737,0,0,0,0,0,0,0,0,1,1,191,0,1,0,0,0,0,2
OTU_746,0,0,0,0,0,0,181,14,0,0,0,0,0,0,0,0,1,0
OTU_1044,59,0,56,1,1,0,0,2,0,0,1,0,0,1,0,0,0,0
OTU_1378,0,0,0,0,0,0,0,0,0,0,0,0,0,0,0,0,0,0
OTU_970,0,0,0,0,0,0,71,0,1,0,119,0,2,1,0,0,0,0
OTU_733,0,0,0,0,0,0,0,0,0,0,0,0,0,0,0,0,0,0
OTU_1021,0,0,0,0,0,0,0,0,0,0,0,0,0,0,0,0,0,0
OTU_1267,0,0,0,0,0,0,0,1,32,0,0,0,0,0,0,0,0,0
OTU_763,0,0,0,0,0,1,0,1,0,1,0,0,0,0,0,0,0,0
OTU_1236,0,0,0,0,0,0,88,0,1,0,19,0,0,0,1,0,0,1
OTU_1452,133,12,0,28,0,0,0,0,0,0,0,0,0,0,0,0,0,17
OTU_806,0,0,0,0,1,0,0,0,0,0,0,0,0,0,0,0,0,0
OTU_811,0,0,0,0,0,0,0,0,0,0,0,0,0,0,0,0,0,0
OTU_706,0,0,0,0,0,0,0,189,0,0,0,0,0,0,0,0,0,0
OTU_829,7,5,2,0,3,0,0,1,2,0,0,0,0,0,0,1,0,0
OTU_707,0,0,188,0,0,0,0,0,0,0,0,0,0,0,0,0,0,0
OTU_1759,0,0,0,0,0,0,43,2,0,1,87,0,2,1,1,0,0,0
OTU_747,0,0,0,0,0,0,0,160,10,1,6,1,0,0,0,0,0,0
OTU_882,0,0,0,0,0,0,1,1,4,117,3,0,1,1,3,1,2,1
OTU_985,1,0,0,0,0,0,12,10,7,12,6,5,12,5,18,16,6,8
OTU_723,0,0,0,0,0,0,0,0,0,0,0,0,0,0,0,0,0,0
OTU_911,0,0,0,0,0,0,0,0,1,0,0,0,0,0,0,0,0,0
OTU_936,0,0,0,0,0,0,0,0,0,0,0,0,0,0,0,0,1,0
OTU_703,0,0,0,0,0,0,0,1,0,0,0,0,182,0,0,0,0,1
OTU_731,0,0,0,0,1,0,183,0,0,0,0,0,0,0,0,0,0,0
OTU_1244,0,0,0,0,0,0,1,0,1,7,1,1,1,1,1,0,0,0
OTU_823,0,0,0,0,0,0,0,0,0,0,0,0,0,0,0,0,0,0
OTU_848,1,0,0,0,1,0,0,0,0,0,0,0,0,0,2,0,111,2
OTU_793,0,0,0,0,0,0,0,0,0,0,0,0,0,0,0,0,0,0
OTU_1202,61,0,0,0,0,0,3,0,1,86,0,20,0,0,0,1,0,0
OTU_815,0,0,0,0,0,0,1,105,8,0,1,1,1,0,0,0,1,1
OTU_968,0,0,0,0,0,0,0,0,0,0,0,0,0,0,0,0,0,0
OTU_1023,0,0,0,0,0,0,0,0,0,0,0,0,0,0,0,0,0,0
OTU_1083,3,0,0,10,2,1,71,0,51,1,5,0,1,1,0,0,0,0
OTU_795,0,0,0,0,0,0,0,0,0,0,0,0,0,0,0,0,0,0
OTU_805,0,0,0,0,0,0,0,0,0,0,0,0,0,0,0,0,0,0
OTU_889,0,0,0,1,1,1,66,1,2,1,2,91,0,0,0,0,1,0
OTU_1016,0,0,0,0,0,0,0,0,0,0,0,0,0,0,0,0,0,0
OTU_738,0,0,0,0,0,0,0,0,0,0,176,0,0,0,0,0,0,0
OTU_1031,0,0,0,0,0,0,0,0,0,0,0,0,0,0,0,0,0,0
OTU_1449,0,0,0,0,0,0,0,0,0,0,0,0,0,0,0,0,0,0
OTU_1706,0,0,0,0,0,0,0,0,0,0,0,0,0,0,0,0,0,0
OTU_1105,0,1,0,0,0,0,0,0,0,0,0,0,0,0,0,0,0,0
OTU_750,0,0,0,0,0,0,0,0,0,0,0,0,0,0,0,0,0,0
OTU_789,0,0,0,0,0,0,151,0,0,0,23,0,0,0,0,0,0,0
OTU_917,0,0,0,0,0,0,97,2,1,11,37,0,5,2,0,4,1,0
OTU_807,0,0,0,0,0,0,0,0,0,0,0,0,0,0,0,0,0,0
OTU_870,0,1,0,17,0,0,22,0,133,0,0,0,0,0,0,0,0,0
OTU_1627,1,0,0,0,0,0,8,1,20,6,98,3,1,3,3,2,5,1
OTU_880,0,0,0,0,0,1,81,0,0,2,71,1,3,0,1,1,0,1
OTU_886,0,0,0,0,0,0,0,0,0,0,0,0,0,0,0,0,0,0
OTU_946,0,0,0,0,0,0,0,0,0,0,159,0,1,0,0,1,0,0
OTU_1032,0,0,0,0,0,0,43,36,19,0,7,61,0,1,0,0,0,2
OTU_1388,0,0,0,0,0,0,11,8,10,6,9,6,20,7,9,15,9,9
OTU_754,1,0,0,0,0,1,22,0,135,0,5,0,0,0,0,0,0,0
OTU_791,0,0,0,1,1,1,0,138,2,0,24,0,1,1,0,0,0,1
OTU_810,0,0,0,0,0,0,0,0,0,0,0,0,0,0,0,0,0,0
OTU_1054,0,0,0,0,0,0,1,157,9,1,0,0,0,0,0,0,0,0
OTU_732,0,0,0,0,0,0,0,0,0,0,0,0,0,0,0,0,0,0
OTU_762,0,0,0,0,0,0,0,1,1,70,6,78,0,0,1,0,0,1
OTU_854,0,0,0,0,0,0,0,0,0,0,0,0,0,0,0,0,0,0
OTU_955,0,0,0,0,0,0,29,120,0,18,0,0,0,0,0,0,0,0
OTU_853,0,0,0,0,0,0,0,0,0,0,0,0,0,0,0,0,0,0
OTU_975,1,0,0,1,2,1,0,0,0,0,0,0,0,0,0,0,0,0
OTU_1628,0,0,0,0,0,0,8,7,15,5,8,2,10,12,6,10,11,12
OTU_920,0,0,0,0,0,0,0,0,0,0,0,0,0,0,0,0,0,0
OTU_1000,0,0,0,0,0,0,0,0,0,0,0,0,0,0,0,0,0,0
OTU_1074,0,0,0,0,0,0,0,0,0,0,0,0,0,0,0,0,0,0
OTU_1172,0,0,0,0,0,0,19,21,22,0,17,0,4,28,3,5,20,25
OTU_782,0,0,0,0,0,0,0,0,0,0,0,0,0,0,0,0,0,0
OTU_794,0,0,0,0,0,0,0,0,0,0,0,0,0,0,0,0,0,0
OTU_1121,0,0,0,0,0,0,10,22,28,0,13,2,6,16,9,3,17,23
OTU_892,0,0,8,1,0,0,11,0,0,0,0,0,0,0,0,0,0,0
OTU_1284,0,0,0,0,0,0,1,0,11,13,2,5,11,13,4,12,10,22
OTU_869,0,0,0,0,0,0,1,3,2,1,114,0,4,1,16,1,1,2
OTU_766,0,0,0,0,0,0,0,0,0,0,0,0,0,0,0,0,0,0
OTU_785,0,0,0,0,0,0,0,0,0,0,0,0,0,0,0,0,0,0
OTU_849,0,0,0,0,0,0,0,0,141,0,0,0,0,0,0,0,0,0
OTU_895,0,0,0,0,0,0,16,10,1,0,114,0,0,0,0,0,0,1
OTU_773,0,0,0,0,0,0,0,1,0,154,1,0,0,0,0,0,0,1
OTU_1674,0,0,0,0,0,1,12,4,7,10,7,0,0,9,0,1,8,9
OTU_897,0,0,0,0,0,0,0,0,0,0,0,0,0,0,0,0,0,0
OTU_1097,0,0,0,0,0,0,134,0,2,18,3,0,0,0,0,0,0,0
OTU_768,0,0,0,0,0,0,0,0,0,0,0,0,0,0,0,1,0,0
OTU_824,0,0,0,0,0,0,0,0,0,0,0,0,0,0,0,0,0,0
OTU_896,0,0,0,0,0,0,0,0,0,1,0,0,0,0,0,0,0,0
OTU_864,0,0,0,0,0,0,0,0,0,0,0,0,0,0,0,0,0,0
OTU_1293,0,0,0,0,0,0,0,0,0,0,0,0,0,0,0,0,0,0
OTU_803,0,0,0,0,0,0,0,1,150,1,2,0,1,0,0,0,0,0
OTU_878,0,0,0,0,0,0,0,0,0,0,0,0,0,0,0,0,0,0
OTU_1055,0,0,0,0,0,0,0,0,1,3,132,2,0,3,0,2,1,1
OTU_1080,0,0,0,0,0,0,0,0,0,0,0,0,0,0,0,0,0,0
OTU_1369,0,0,0,0,0,0,0,0,0,0,0,0,0,0,0,0,0,0
OTU_1173,0,0,0,0,0,0,12,13,10,0,9,0,32,11,17,22,15,12
OTU_993,0,0,0,0,0,0,90,1,3,2,0,46,0,0,0,0,0,0
OTU_1170,0,0,0,0,0,0,7,8,12,6,9,3,4,9,13,9,16,2
OTU_1212,0,0,0,0,0,0,7,6,8,7,2,1,12,5,8,7,5,7
OTU_808,0,0,0,0,0,0,0,0,0,0,0,0,0,0,0,0,0,0
OTU_899,0,0,0,0,0,0,0,0,0,0,0,0,0,1,0,0,0,0
OTU_938,0,0,0,0,0,0,147,1,0,1,1,0,0,0,0,1,0,0
OTU_1008,0,0,0,0,0,0,0,0,0,0,4,146,0,0,0,0,0,0
OTU_1075,0,0,0,0,0,0,0,0,0,0,0,0,0,0,0,0,0,0
OTU_788,0,0,0,0,0,0,0,0,0,0,0,0,0,0,0,0,0,0
OTU_796,0,0,0,0,0,0,0,0,0,0,0,0,0,0,0,0,0,0
OTU_942,0,0,0,0,0,0,0,0,0,0,0,0,0,0,0,0,0,0
OTU_883,0,0,0,0,0,0,0,0,0,0,0,0,0,0,0,0,0,0
OTU_819,0,0,0,0,0,0,0,0,0,0,0,0,0,0,0,0,0,0
OTU_1166,0,0,0,0,0,0,0,0,0,0,0,0,0,0,0,0,0,0
OTU_1395,0,0,0,0,0,0,3,3,2,5,2,22,8,4,2,2,6,3
OTU_771,0,0,0,0,0,0,147,0,0,0,0,0,0,0,0,0,0,0
OTU_1303,0,0,0,0,0,0,1,12,0,6,74,9,1,0,1,1,0,0
OTU_1370,0,0,0,0,0,0,0,0,0,0,0,0,0,0,0,0,0,0
OTU_901,0,0,0,0,0,0,0,0,0,0,0,0,0,0,0,0,0,0
OTU_926,0,0,0,0,0,0,0,0,0,0,0,0,0,0,0,0,0,0
OTU_943,0,0,1,0,0,0,0,0,0,0,0,0,0,0,0,0,0,0
OTU_1142,0,0,0,0,0,0,1,0,0,0,0,0,0,0,0,0,1,0
OTU_1155,0,0,0,0,0,0,0,0,0,0,0,0,0,0,1,0,0,1
OTU_874,0,0,0,0,0,0,0,0,0,0,0,0,0,0,0,0,0,0
OTU_1014,0,0,0,0,0,0,0,0,0,0,0,0,0,0,0,0,0,0
OTU_1061,0,0,0,0,0,0,0,0,0,0,0,0,0,0,0,0,0,0
OTU_905,0,0,0,0,0,0,4,134,0,1,1,4,0,0,0,0,0,0
OTU_1062,2,0,19,0,21,20,0,0,0,0,0,0,0,0,0,0,0,0
OTU_1251,0,0,0,0,0,0,0,0,0,0,0,0,0,0,0,0,0,0
OTU_787,0,0,0,1,0,0,0,0,0,0,0,0,0,0,0,0,0,0
OTU_1024,0,0,0,0,0,0,0,0,0,0,0,0,0,0,0,0,0,0
OTU_1090,19,0,0,98,0,1,0,0,0,0,0,0,0,0,0,0,0,0
OTU_816,0,0,0,0,1,0,0,1,58,81,0,0,0,0,0,0,0,0
OTU_951,0,0,0,0,0,0,0,0,0,0,0,0,0,0,0,0,0,0
OTU_1606,3,0,1,2,1,2,2,0,0,1,4,2,1,3,1,2,0,0
OTU_1070,0,0,0,0,0,0,1,1,2,1,82,0,5,2,2,1,1,3
OTU_1237,0,0,0,0,0,0,1,0,5,1,40,0,2,3,0,4,0,0
OTU_1403,0,0,0,0,0,0,0,0,0,0,0,0,0,0,0,0,0,0
OTU_1891,0,0,0,0,0,0,0,0,0,1,0,0,0,0,0,0,0,0
OTU_857,0,0,0,0,1,7,1,1,0,0,0,0,0,0,0,0,0,0
OTU_977,0,0,0,0,0,0,0,0,0,0,0,0,0,0,0,0,0,0
OTU_996,0,0,0,0,0,0,0,0,0,0,0,0,0,0,0,0,0,0
OTU_1039,0,0,0,0,0,0,0,0,0,0,0,0,0,0,0,0,0,0
OTU_1149,0,0,0,0,0,0,25,0,8,4,40,3,1,5,4,5,8,6
OTU_1162,0,0,0,0,0,0,0,0,0,0,0,0,0,0,0,0,0,0
OTU_832,0,0,0,0,0,0,0,0,0,0,0,0,0,0,0,0,0,0
OTU_1091,2,1,0,4,4,4,21,21,3,2,36,7,3,1,4,3,2,3
OTU_1214,0,0,0,0,0,0,0,0,1,0,133,0,0,0,0,0,0,0
OTU_749,1,0,0,0,0,0,0,0,0,0,0,0,0,0,0,0,0,0
OTU_862,0,0,0,0,0,0,0,0,0,0,0,0,0,0,0,0,0,0
OTU_924,0,0,0,0,0,0,0,0,0,0,0,0,0,134,0,0,0,0
OTU_925,0,0,1,0,0,0,0,0,0,0,0,0,0,0,0,0,0,0
OTU_1104,0,0,0,0,0,0,0,0,0,0,0,0,0,0,0,0,0,0
OTU_1241,0,0,0,0,0,0,0,0,0,1,1,0,0,1,0,0,0,0
OTU_776,0,0,0,0,0,0,0,0,0,0,0,0,0,0,0,0,0,0
OTU_1005,0,0,0,0,0,0,57,1,2,0,0,0,8,0,7,5,0,1
OTU_1089,0,0,0,0,0,0,0,0,0,0,0,0,0,0,0,0,0,0
OTU_893,0,0,0,0,0,0,0,0,0,0,0,0,0,0,0,0,0,0
OTU_940,0,0,0,0,0,0,0,72,0,0,59,3,0,0,0,0,0,0
OTU_1211,0,0,0,2,0,0,89,2,1,0,2,0,0,0,1,1,3,1
OTU_1307,0,0,0,0,0,0,0,0,4,2,118,1,1,0,1,1,0,2
OTU_1398,0,0,0,0,0,0,0,0,0,0,0,0,0,0,0,0,0,0
OTU_801,0,0,0,0,0,0,133,0,0,0,0,0,0,0,0,0,0,0
OTU_843,0,0,0,0,0,0,0,0,0,0,0,131,0,0,0,0,0,0
OTU_881,0,0,0,0,0,0,0,0,1,17,114,0,0,0,0,0,0,0
OTU_900,0,0,0,0,0,0,0,0,0,0,0,0,0,0,0,0,0,0
OTU_916,0,0,0,0,0,0,0,0,0,0,0,0,0,0,0,0,0,0
OTU_1035,0,0,0,0,0,0,0,0,0,0,0,77,0,0,0,0,0,0
OTU_1131,0,0,0,0,0,0,0,1,0,0,0,0,0,0,0,0,0,0
OTU_1800,0,0,0,0,0,0,0,0,0,0,0,0,0,0,0,0,0,0
OTU_779,0,0,0,0,0,0,132,0,0,0,0,0,0,0,0,0,0,0
OTU_859,0,0,0,0,0,0,96,2,0,0,3,0,2,0,1,1,2,1
OTU_861,0,0,0,0,0,0,4,4,3,18,4,0,21,4,5,10,4,7
OTU_1390,0,0,0,0,0,0,0,1,0,3,6,1,3,0,0,0,1,0
OTU_856,0,0,0,0,0,0,0,0,0,0,0,0,0,0,0,0,0,0
OTU_930,0,0,0,0,0,0,3,1,13,2,4,88,2,0,1,0,1,1
OTU_1199,0,0,0,0,0,0,0,0,0,0,0,0,0,0,0,0,0,0
OTU_944,0,0,1,0,0,0,0,0,0,1,0,1,0,0,0,1,1,0
OTU_959,0,0,0,0,0,0,0,0,0,0,0,0,0,0,0,0,0,0
OTU_1152,0,0,0,0,0,0,0,0,0,1,113,0,1,0,0,0,0,0
OTU_1230,0,0,0,0,0,0,0,0,0,0,0,0,0,0,0,0,0,0
OTU_1494,0,0,0,0,0,0,0,1,0,1,0,0,0,0,0,0,0,0
OTU_1566,0,0,0,0,0,0,0,0,0,0,1,1,0,0,0,0,0,0
OTU_1705,0,0,0,0,0,0,0,0,0,0,0,0,0,0,0,0,0,0
OTU_792,0,0,0,0,0,0,0,123,1,1,2,0,0,0,0,0,0,0
OTU_1204,0,0,0,0,0,0,0,0,0,0,0,0,0,0,0,0,0,0
OTU_1688,0,0,0,0,0,0,0,0,0,0,128,0,0,0,0,0,0,0
OTU_1492,0,0,0,0,0,0,0,0,0,0,0,0,0,0,0,0,0,0
OTU_1737,0,0,0,44,0,0,0,0,0,0,1,0,0,0,1,0,0,0
OTU_1564,0,0,0,0,0,0,0,1,0,1,0,0,1,0,0,0,0,0
OTU_855,0,0,0,0,0,0,0,0,0,0,0,0,0,0,0,0,0,0
OTU_1475,0,0,0,0,0,0,0,0,0,0,0,0,0,0,0,0,0,0
OTU_1517,0,0,0,0,0,0,1,3,2,5,88,2,2,3,1,3,3,1
OTU_809,0,0,0,0,0,0,0,0,0,124,0,0,0,0,0,0,0,0
OTU_887,0,0,0,0,0,0,0,0,0,0,0,0,0,0,0,0,0,0
OTU_964,0,0,0,0,0,0,0,0,0,0,0,0,0,0,0,0,0,0
OTU_966,0,0,0,0,0,0,0,0,0,0,0,0,0,0,0,0,0,0
OTU_1567,0,0,0,0,0,0,13,11,10,0,33,0,4,8,8,4,6,14
OTU_817,0,0,0,0,0,0,0,0,0,0,0,0,0,0,0,0,0,0
OTU_932,0,0,0,0,0,0,0,0,0,0,0,0,0,0,0,0,0,0
OTU_971,0,0,0,0,0,0,0,0,0,0,0,0,0,0,0,0,0,0
OTU_989,0,0,0,0,0,0,0,0,0,0,0,0,0,0,0,0,0,0
OTU_1053,0,0,0,0,0,0,1,1,5,6,93,0,3,1,1,4,1,1
OTU_1086,0,0,0,0,0,0,2,67,0,0,23,2,5,2,1,1,4,4
OTU_1280,0,0,0,0,0,0,0,0,0,0,0,0,0,0,0,0,0,0
OTU_1299,0,0,0,0,0,0,0,0,0,0,0,0,0,0,0,0,0,0
OTU_1315,0,0,0,0,0,0,0,0,0,0,0,0,0,0,0,0,0,0
OTU_1684,0,0,0,0,0,0,3,1,2,6,87,1,2,3,1,0,2,2
OTU_983,0,6,0,0,0,0,6,6,12,6,1,9,6,2,5,6,9,7
OTU_1245,0,2,0,0,0,0,1,0,0,1,0,0,0,1,0,0,0,0
OTU_1246,0,0,0,0,0,0,0,0,0,0,0,0,0,0,0,0,0,0
OTU_851,0,0,0,0,0,0,0,0,0,0,0,0,0,0,0,0,0,0
OTU_914,0,0,0,0,0,0,0,0,0,0,0,0,0,0,0,0,0,0
OTU_933,0,0,0,0,0,0,0,0,0,0,0,0,0,0,0,0,0,0
OTU_1003,0,0,0,0,1,0,20,1,1,1,3,0,2,0,0,4,1,1
OTU_1107,0,0,0,0,0,0,0,0,0,0,0,0,0,0,0,0,0,0
OTU_913,1,1,0,89,1,2,23,1,0,0,0,0,0,0,0,0,0,0
OTU_1065,0,0,0,0,0,0,0,0,0,0,0,0,0,0,0,0,0,0
OTU_1551,0,0,0,0,0,0,0,0,0,1,0,0,0,0,0,0,0,0
OTU_974,0,0,0,0,0,0,0,0,0,0,0,0,0,0,0,0,0,0
OTU_1128,1,0,0,0,0,0,0,0,4,0,18,0,1,0,0,0,76,0
OTU_1420,0,0,0,0,0,0,0,0,0,0,0,0,0,0,0,0,0,0
OTU_1521,0,0,0,0,0,0,1,1,34,0,81,0,1,0,1,0,0,0
OTU_1591,0,0,0,0,1,0,0,1,0,0,1,1,0,1,0,0,0,0
OTU_1629,0,0,0,0,0,0,2,4,3,20,2,4,3,5,4,3,1,4
OTU_967,0,0,0,0,0,0,0,0,0,0,0,0,0,0,0,0,0,0
OTU_1093,0,0,0,0,0,0,0,0,0,0,0,0,0,0,0,0,0,0
OTU_1300,0,0,0,0,0,0,11,2,0,3,74,1,3,0,0,0,0,0
OTU_1604,1,1,0,1,0,0,0,0,0,3,0,0,2,0,0,0,0,0
OTU_1481,0,1,0,0,0,0,0,0,0,0,0,0,0,0,0,0,0,0
OTU_1161,0,0,0,0,0,0,0,0,0,0,0,0,0,0,0,0,0,0
OTU_1243,0,0,0,0,0,0,0,0,0,0,0,0,0,0,0,0,0,0
OTU_1410,0,0,0,0,0,0,0,0,0,0,0,0,0,1,0,0,1,0
OTU_1784,0,0,0,0,0,0,0,0,0,0,0,0,0,0,0,0,0,0
OTU_1575,0,0,0,0,0,0,0,1,0,1,0,0,0,0,0,0,0,0
OTU_1593,0,0,0,0,0,0,0,0,0,0,0,0,0,0,0,0,0,0
OTU_798,0,0,0,0,0,0,1,113,0,0,0,0,0,0,0,0,0,0
OTU_918,0,0,0,0,0,0,2,1,2,14,3,3,7,3,7,5,7,4
OTU_939,0,0,0,0,0,0,101,1,1,1,6,0,0,1,0,0,0,0
OTU_1141,0,0,0,0,0,0,0,0,0,0,0,0,0,0,0,0,0,0
OTU_1570,0,0,0,0,0,0,36,0,2,2,0,1,0,0,0,0,0,1
OTU_820,0,0,0,112,0,0,0,0,0,0,0,0,0,0,0,0,0,0
OTU_931,0,0,0,0,0,0,0,0,0,0,0,0,0,0,0,0,0,0
OTU_1644,0,0,0,0,0,0,0,0,0,0,0,0,0,0,0,0,0,0
OTU_1873,0,0,0,0,0,0,0,0,0,0,0,0,0,0,0,0,0,0
OTU_934,0,0,0,0,0,0,0,0,0,0,0,0,0,0,0,0,0,0
OTU_997,0,0,0,0,0,0,0,0,0,0,0,0,0,0,0,0,0,0
OTU_1026,3,1,1,0,0,0,0,0,0,0,0,0,0,0,0,0,0,0
OTU_1177,0,0,0,0,0,0,2,0,3,4,77,0,8,0,1,4,0,0
OTU_1468,0,0,0,0,0,0,0,0,2,4,91,1,0,1,0,1,2,0
OTU_960,0,0,0,0,0,0,0,0,0,0,0,0,0,0,0,0,0,0
OTU_1007,0,0,0,0,0,0,106,0,0,1,2,0,0,0,0,0,0,0
OTU_1112,0,0,0,0,0,0,16,1,57,1,0,0,0,0,0,0,0,0
OTU_1506,1,0,0,0,0,0,13,10,11,0,11,0,13,10,8,13,7,12
OTU_937,0,0,0,0,0,0,0,0,0,0,0,0,0,0,0,0,0,0
OTU_962,0,0,3,87,17,0,0,0,0,0,0,0,0,0,0,0,0,0
OTU_1069,0,0,0,0,0,0,8,15,4,0,7,0,18,9,6,17,13,11
OTU_961,0,0,0,0,0,0,0,0,0,0,0,0,0,0,0,0,0,0
OTU_1081,0,0,0,0,0,0,0,0,0,0,0,0,0,0,0,0,0,0
OTU_1138,0,0,0,0,2,1,4,0,0,2,62,1,0,2,1,0,2,1
OTU_1292,0,0,0,0,0,0,0,0,0,0,0,0,0,0,0,0,0,0
OTU_1360,0,2,0,1,0,0,3,0,38,1,12,0,1,1,17,2,0,0
OTU_812,0,0,0,79,0,0,1,0,0,0,20,0,0,1,0,0,0,0
OTU_984,0,0,0,0,0,0,91,0,0,0,0,0,0,0,0,0,0,0
OTU_1528,0,0,0,0,0,0,0,0,0,0,0,0,0,0,0,0,0,0
OTU_956,0,0,0,0,0,0,0,0,0,0,105,0,0,0,0,0,1,0
OTU_1060,0,0,0,0,0,0,0,0,0,0,0,0,0,0,0,0,0,0
OTU_1002,0,0,0,0,0,0,0,0,0,0,0,0,0,0,0,0,0,0
OTU_1071,0,0,0,0,0,0,0,0,0,0,0,0,0,0,0,0,0,0
OTU_1129,0,0,0,0,0,0,0,0,0,0,0,0,0,0,0,0,0,0
OTU_1445,0,0,0,0,0,0,0,0,0,0,0,0,0,0,0,0,0,0
OTU_1518,0,0,0,0,0,0,5,1,1,7,39,2,3,1,5,3,2,6
OTU_922,0,0,0,0,0,0,0,0,0,0,0,0,0,0,0,0,0,0
OTU_1043,103,0,0,0,0,0,0,0,0,0,0,0,0,0,0,0,0,0
OTU_1148,0,0,0,0,0,0,0,0,0,0,0,0,0,0,0,0,0,0
OTU_1168,0,0,0,0,0,0,0,0,0,0,0,0,0,0,0,0,0,0
OTU_1288,0,0,0,0,0,0,0,0,0,0,0,0,0,0,0,0,0,0
OTU_1474,0,0,0,0,0,0,0,0,0,0,0,0,0,0,0,0,0,0
OTU_1281,0,0,0,0,0,0,0,0,0,0,0,0,0,0,0,0,0,0
OTU_1433,0,0,0,0,0,0,2,1,1,0,1,0,1,0,0,0,6,4
OTU_1486,0,0,0,0,0,0,0,0,0,1,0,0,1,0,0,1,1,0
OTU_1203,0,1,0,0,0,0,0,0,0,0,0,0,0,0,0,0,0,0
OTU_1217,0,0,0,0,0,0,0,0,1,0,0,0,0,0,0,0,0,0
OTU_1318,0,0,0,0,0,0,3,0,0,0,0,0,0,6,0,0,0,0
OTU_923,0,0,0,0,0,0,0,0,0,0,0,0,0,0,0,0,0,0
OTU_1036,0,0,0,0,0,0,0,0,0,0,0,0,0,0,0,0,0,0
OTU_1046,0,0,0,0,0,0,0,0,0,0,0,0,0,0,0,0,0,0
OTU_1426,0,0,0,0,0,0,0,0,91,0,7,2,0,0,0,0,0,0
OTU_1495,1,0,0,1,0,0,0,0,0,0,0,0,0,0,0,0,0,0
OTU_1707,0,0,1,0,0,0,0,0,0,0,0,0,0,0,0,0,0,0
OTU_1513,0,0,0,0,0,0,2,4,6,4,26,1,1,2,4,3,0,7
OTU_1033,0,0,0,0,0,0,14,11,18,0,8,0,0,14,0,0,15,18
OTU_1160,0,0,0,0,0,0,0,0,0,0,0,0,0,0,0,0,0,0
OTU_1268,0,0,0,0,0,0,1,0,0,0,77,0,0,0,0,0,0,0
OTU_1376,0,0,0,0,0,0,0,0,0,0,0,0,0,0,0,0,0,0
OTU_980,0,0,0,0,0,0,0,0,0,0,0,0,0,0,0,0,0,0
OTU_986,0,0,0,0,0,0,0,2,0,0,92,0,1,0,0,0,1,1
OTU_1048,0,0,0,0,0,0,1,78,2,0,1,0,0,1,0,0,0,1
OTU_1132,0,0,0,0,0,0,0,0,0,0,0,0,0,0,0,0,0,0
OTU_1196,0,0,0,0,0,0,0,0,0,0,0,0,0,0,0,0,0,0
OTU_1206,4,1,1,0,0,0,0,0,0,0,0,0,0,0,0,0,0,0
OTU_1227,19,0,0,0,0,0,0,0,4,0,0,0,0,0,0,1,0,0
OTU_1535,0,0,0,0,0,0,0,0,0,0,0,0,0,0,0,0,0,0
OTU_1782,0,2,1,4,0,0,0,0,0,0,0,0,0,0,0,0,0,0
OTU_978,0,0,0,0,0,0,0,0,0,0,0,0,0,0,0,0,0,0
OTU_1020,0,0,0,0,0,0,5,82,0,0,6,0,0,0,0,0,0,0
OTU_1340,0,0,0,0,0,0,3,3,1,0,3,0,0,4,1,0,0,2
OTU_1576,0,0,0,0,0,0,4,0,0,4,64,0,2,0,1,1,1,4
OTU_1855,0,0,0,0,0,0,0,0,0,0,0,0,0,0,0,0,0,0
OTU_954,0,0,0,0,0,0,0,0,0,0,0,0,0,0,0,0,0,0
OTU_1134,2,1,1,0,1,0,0,0,1,0,0,0,0,0,0,0,0,0
OTU_1179,0,0,0,0,0,1,1,0,1,1,75,0,0,0,0,0,3,0
OTU_1391,0,0,0,0,0,0,7,2,0,6,1,2,6,1,1,14,1,9
OTU_969,0,0,0,0,0,0,0,0,0,0,0,0,0,0,0,0,0,0
OTU_998,0,0,0,0,0,0,0,0,0,0,0,0,0,0,0,0,0,0
OTU_1130,0,0,0,0,0,0,0,0,0,0,0,0,0,0,0,0,0,0
OTU_1334,0,0,0,0,0,0,6,2,3,0,56,0,2,1,3,2,0,2
OTU_1349,0,0,0,0,0,0,0,0,0,0,3,1,0,0,0,0,0,1
OTU_1536,0,0,0,0,0,0,0,0,0,0,0,0,0,0,0,0,0,0
OTU_1710,0,0,0,0,0,0,0,0,0,0,0,0,0,0,0,0,0,0
OTU_1119,0,0,0,0,0,0,0,0,0,0,0,0,0,0,0,0,0,0
OTU_1175,0,0,0,0,0,0,80,0,5,0,2,0,0,0,0,0,0,0
OTU_1438,0,0,0,0,0,0,0,0,0,0,0,0,0,0,0,0,0,0
OTU_1066,0,0,0,0,0,0,0,0,0,0,0,0,0,0,0,0,0,0
OTU_1153,0,0,0,0,0,0,0,0,0,0,0,0,0,0,0,0,0,0
OTU_1157,0,0,0,0,0,0,0,0,0,0,0,0,0,0,0,0,0,0
OTU_1507,0,0,0,0,0,0,5,8,5,1,35,0,5,5,3,7,3,8
OTU_963,0,0,0,0,0,0,0,0,0,0,0,0,0,0,0,0,0,0
OTU_1158,0,0,0,0,0,0,0,0,0,0,0,0,0,0,0,0,0,0
OTU_1181,0,0,0,0,0,0,0,0,0,0,0,0,0,0,0,0,0,0
OTU_1254,0,0,0,0,0,0,0,0,0,0,0,0,0,0,0,0,0,0
OTU_1454,0,0,0,0,0,0,0,0,0,0,0,0,0,0,0,0,0,0
OTU_1050,0,0,0,0,0,0,5,4,4,2,1,11,1,2,1,4,4,2
OTU_1072,0,0,0,0,0,0,0,0,0,0,0,0,0,0,0,0,0,0
OTU_1261,0,0,0,0,0,0,0,0,0,0,0,0,0,0,0,0,0,0
OTU_1524,0,0,0,0,0,0,0,0,0,0,0,0,0,0,0,0,0,0
OTU_1848,0,0,0,0,0,0,0,0,0,0,89,0,0,0,0,0,0,0
OTU_1188,0,0,0,0,0,0,0,0,0,0,0,0,0,0,0,0,0,0
OTU_1353,0,0,0,0,0,0,0,0,0,0,0,0,0,0,0,0,0,0
OTU_1496,0,0,0,0,0,0,0,0,0,0,0,0,0,0,0,0,0,0
OTU_1750,0,0,0,0,0,0,4,2,11,0,33,1,2,3,4,3,3,6
OTU_935,74,8,0,0,0,0,0,0,4,0,0,0,0,0,0,0,0,0
OTU_1034,0,0,0,0,0,0,0,64,0,0,21,0,0,0,0,0,0,0
OTU_1077,0,0,0,0,0,0,0,0,0,0,0,0,0,0,0,0,0,0
OTU_1092,0,0,0,0,0,0,3,3,1,2,45,0,0,1,0,0,0,2
OTU_1116,0,0,0,0,0,0,0,0,0,0,0,0,0,0,0,0,0,0
OTU_1139,0,0,0,0,0,0,0,0,0,0,0,0,0,0,0,0,0,0
OTU_1359,0,0,0,0,0,0,10,11,11,8,5,0,0,5,0,0,3,6
OTU_1498,0,0,0,0,0,0,0,0,0,0,0,0,0,0,0,0,0,0
OTU_994,0,0,0,0,0,0,73,1,0,0,10,1,0,0,0,0,0,0
OTU_1042,0,0,0,0,0,0,0,0,0,0,0,0,0,0,0,0,0,0
OTU_1047,0,0,0,0,0,0,5,0,0,1,0,66,4,0,0,1,4,1
OTU_1146,0,0,0,0,0,0,0,0,0,0,0,0,0,0,0,0,0,0
OTU_1208,0,0,0,0,0,0,57,0,0,0,0,0,0,0,0,0,0,0
OTU_1470,0,0,0,0,0,0,0,0,3,1,73,1,0,0,0,1,2,1
OTU_1483,0,0,0,0,0,0,0,0,0,0,0,0,0,0,0,0,0,0
OTU_1052,0,0,0,0,0,0,4,9,1,4,3,1,10,5,4,8,5,4
OTU_1103,0,0,0,0,0,0,0,0,0,0,0,0,0,0,0,0,0,0
OTU_1125,0,0,0,0,0,0,3,0,48,2,16,0,1,0,1,0,1,1
OTU_1306,0,0,0,0,0,0,0,0,0,0,83,0,0,0,0,1,1,0
OTU_1413,0,0,0,0,0,0,0,0,0,0,0,0,0,0,0,0,0,0
OTU_1798,0,0,0,0,0,0,0,0,0,0,0,0,0,0,0,0,0,0
OTU_981,0,0,0,0,0,0,0,0,0,0,0,0,0,0,0,0,0,0
OTU_1102,0,0,0,0,0,0,0,0,0,0,0,0,0,0,0,0,0,0
OTU_1159,0,0,0,0,0,0,0,0,0,0,0,0,0,0,0,0,0,0
OTU_1258,0,0,0,0,0,0,0,1,0,0,0,0,0,0,0,0,0,0
OTU_1387,0,0,0,0,0,0,4,10,7,0,34,0,3,4,7,5,7,3
OTU_1682,0,0,0,0,0,0,5,3,4,4,11,8,7,4,3,5,4,7
OTU_965,0,0,0,0,0,0,6,5,10,13,6,2,3,5,0,6,1,5
OTU_1184,0,0,0,0,0,0,0,0,0,0,0,0,0,0,0,0,0,0
OTU_1314,0,0,0,0,0,0,0,0,0,0,0,0,0,0,0,0,0,0
OTU_1533,0,0,0,0,0,0,0,0,0,0,0,0,0,0,0,0,0,0
OTU_1613,0,0,0,0,0,0,0,0,0,0,0,0,0,0,0,0,0,0
OTU_1681,0,0,0,0,0,0,0,0,50,1,24,0,0,1,0,1,0,0
OTU_1099,0,0,0,0,0,0,0,0,0,0,82,0,0,0,0,0,0,0
OTU_1297,0,0,0,0,0,0,0,0,0,1,0,0,15,0,0,4,0,2
OTU_1339,0,0,0,0,0,0,0,0,0,0,0,0,0,0,0,0,0,0
OTU_1049,0,0,0,0,0,0,66,0,0,0,6,3,0,0,0,0,0,0
OTU_1215,0,0,0,0,0,0,0,0,0,0,81,0,0,0,0,0,0,0
OTU_1389,0,0,0,0,0,0,6,13,6,1,26,1,4,4,1,3,2,4
OTU_1019,0,0,0,0,0,0,0,74,0,0,0,0,1,0,1,0,1,1
OTU_1194,0,0,0,0,0,0,0,1,0,0,79,0,0,0,0,0,0,0
OTU_1220,0,0,0,0,0,0,0,0,0,0,0,0,0,0,0,0,0,0
OTU_1338,0,0,0,0,0,0,0,0,0,0,0,0,0,0,0,0,0,0
OTU_1368,0,0,0,0,0,0,0,0,0,0,0,0,0,0,0,0,0,0
OTU_991,0,0,0,0,0,0,0,0,0,0,0,0,0,0,0,0,0,0
OTU_1201,0,0,0,0,0,0,0,0,0,0,0,0,0,0,0,0,0,0
OTU_1328,0,0,0,0,0,0,0,0,0,0,0,0,0,0,0,0,0,0
OTU_1543,0,0,0,0,0,0,0,0,0,0,0,0,1,0,0,0,0,1
OTU_1594,0,0,0,0,0,0,0,0,0,0,0,0,0,0,0,0,0,0
OTU_987,0,0,0,0,0,0,0,0,0,0,0,0,0,0,0,0,0,0
OTU_1029,0,0,0,0,0,0,0,0,0,0,0,0,0,0,0,0,0,0
OTU_1027,48,0,20,1,1,0,0,0,0,0,0,0,0,0,0,0,0,0
OTU_1045,0,76,0,0,1,0,0,0,0,0,0,0,0,0,0,0,0,0
OTU_1500,0,0,0,0,0,0,0,0,0,2,44,0,0,1,0,0,2,1
OTU_1310,0,1,0,0,0,0,0,0,0,0,0,0,0,0,0,0,0,0
OTU_1312,0,0,0,0,0,0,0,0,0,0,0,0,0,0,0,0,0,0
OTU_1393,0,0,0,0,0,0,1,0,0,0,57,0,1,0,1,0,0,1
OTU_1100,0,0,0,0,0,0,0,0,0,0,0,0,0,0,0,0,0,0
OTU_1133,0,0,0,0,0,0,0,0,0,0,0,0,0,0,0,0,0,0
OTU_1225,0,1,1,1,0,0,0,0,0,0,0,0,0,0,0,0,0,0
OTU_1440,0,0,0,0,0,0,0,0,0,0,0,0,0,0,0,0,0,0
OTU_1598,0,0,0,0,0,1,0,0,0,0,0,0,0,0,0,0,0,0
OTU_1675,0,0,0,2,0,0,48,1,0,2,9,1,1,0,1,0,0,1
OTU_1686,0,0,0,0,0,0,1,0,0,0,71,0,0,0,0,1,0,0
OTU_1778,1,0,0,0,0,0,0,0,0,3,0,0,1,0,0,0,0,3
OTU_1872,0,0,0,0,0,0,0,0,0,0,0,0,0,0,0,0,0,0
OTU_1041,0,0,0,0,0,0,0,0,3,0,0,0,0,0,0,0,0,0
OTU_1073,0,0,0,0,0,0,0,0,0,0,0,0,0,0,0,0,0,0
OTU_1122,0,0,0,0,0,0,74,0,0,0,0,0,0,0,0,0,0,0
OTU_1136,0,0,0,0,0,0,0,0,0,0,0,0,0,0,0,0,0,0
OTU_1156,0,0,0,0,0,0,0,0,0,0,0,0,0,0,0,0,0,0
OTU_1366,0,0,0,0,0,0,0,0,0,0,0,0,1,1,0,0,1,1
OTU_1344,0,0,0,0,0,0,0,0,0,0,0,0,0,0,0,0,0,0
OTU_1375,0,0,0,0,0,0,0,0,0,0,0,0,0,0,0,0,0,0
OTU_1397,0,0,0,0,0,0,0,0,0,0,0,0,0,0,0,0,0,0
OTU_1416,0,0,0,43,0,1,0,0,0,0,0,0,0,0,0,0,0,0
OTU_1650,0,0,0,1,0,0,0,0,0,0,0,0,0,0,0,0,0,0
OTU_1842,0,0,0,0,0,0,1,42,0,0,14,8,0,0,0,0,0,0
OTU_1095,0,0,0,0,0,0,0,0,0,0,0,0,0,0,0,0,0,0
OTU_1111,0,0,0,0,1,0,68,0,0,0,2,0,0,0,0,1,0,0
OTU_1165,0,0,0,0,0,0,0,0,0,0,0,0,0,0,0,0,0,0
OTU_1265,0,0,0,0,0,0,72,0,0,0,0,0,0,0,0,0,0,0
OTU_1377,0,0,0,0,0,0,0,0,0,0,0,0,0,0,0,0,0,0
OTU_1423,0,3,2,0,2,0,0,1,0,0,0,1,0,0,0,0,1,0
OTU_1642,0,0,0,0,0,0,0,0,0,0,0,0,0,0,0,0,0,0
OTU_1692,0,0,0,8,0,0,1,3,0,5,42,0,1,1,0,2,0,2
OTU_1867,1,0,0,0,0,0,0,0,0,0,0,0,0,0,0,0,0,0
OTU_976,0,0,0,0,71,0,0,0,0,0,0,0,0,0,0,0,0,0
OTU_1113,0,0,0,0,0,0,0,57,0,1,6,0,0,0,0,0,0,0
OTU_1115,0,0,0,0,0,0,0,0,0,0,0,0,0,0,0,0,0,0
OTU_1176,0,0,0,0,0,0,0,0,70,0,0,0,0,0,0,0,0,0
OTU_1488,0,0,0,0,0,0,0,0,0,0,0,0,0,0,0,0,0,0
OTU_1516,0,0,0,0,0,0,0,2,41,1,21,0,0,0,1,0,1,1
OTU_1584,0,0,0,0,0,0,0,0,0,0,0,0,0,0,0,0,0,0
OTU_1051,0,0,0,0,0,0,70,0,0,0,0,0,0,0,0,0,0,0
OTU_1056,0,0,0,0,0,0,0,0,0,0,69,0,0,0,0,0,0,0
OTU_1058,0,0,0,0,0,0,0,0,0,0,0,1,0,0,0,0,0,0
OTU_1222,0,0,0,0,0,0,0,0,0,0,0,0,0,0,0,0,0,0
OTU_1409,0,0,0,0,0,0,0,0,0,0,0,0,0,0,0,0,0,0
OTU_1547,0,0,0,0,0,0,0,0,0,0,0,0,0,0,0,0,0,0
OTU_1711,0,0,0,0,0,0,0,0,0,0,0,0,0,0,0,0,0,0
OTU_1772,0,0,0,0,0,0,0,0,0,0,0,0,0,0,0,0,0,0
OTU_1017,0,0,0,0,0,0,1,0,0,0,0,68,0,0,0,0,0,0
OTU_1213,0,0,0,0,0,0,0,0,0,40,23,0,1,0,0,0,0,1
OTU_1228,0,42,15,0,0,0,0,0,0,0,0,0,0,0,0,0,0,0
OTU_1249,0,0,0,0,0,0,0,0,0,0,0,0,0,0,0,0,0,0
OTU_1408,0,0,0,0,0,0,0,0,0,0,0,0,0,0,0,0,0,0
OTU_1605,0,56,0,0,0,1,0,0,0,0,0,0,0,0,1,0,0,0
OTU_1209,0,0,0,0,0,0,41,0,0,1,0,0,0,0,0,0,0,0
OTU_1210,0,0,0,0,0,0,62,3,3,0,0,0,0,0,0,0,0,0
OTU_1226,0,0,0,0,0,0,1,0,0,0,0,0,0,0,0,0,0,0
OTU_1282,0,0,0,0,0,0,58,8,0,0,1,0,0,0,0,0,0,0
OTU_1345,0,0,0,0,0,0,0,0,0,0,0,0,0,0,0,0,0,0
OTU_1804,0,0,25,0,2,8,1,1,0,5,1,0,0,0,0,0,13,2
OTU_1869,0,0,0,0,0,0,0,0,0,0,0,0,0,0,0,0,0,0
OTU_1098,0,0,0,0,0,0,1,0,1,0,6,0,0,0,58,0,0,0
OTU_1145,0,0,0,0,0,0,0,0,0,0,0,0,0,0,0,0,0,0
OTU_1193,0,0,0,0,0,0,56,0,0,0,5,0,0,0,0,0,0,1
OTU_1221,0,0,0,0,0,0,0,0,0,0,0,0,0,0,0,0,0,0
OTU_1614,0,0,0,0,0,0,0,0,0,0,0,0,0,0,0,0,0,0
OTU_1863,0,0,0,0,0,0,0,0,0,0,0,0,0,0,0,0,0,0
OTU_1864,0,0,0,0,0,0,0,0,0,0,0,0,0,1,0,0,0,0
OTU_1197,0,0,0,0,0,0,0,0,0,0,0,0,0,0,0,0,0,0
OTU_1239,0,0,0,0,0,0,2,2,0,2,42,0,2,1,1,0,1,3
OTU_1302,0,0,0,0,0,1,2,48,0,0,0,0,0,0,0,0,0,0
OTU_1342,0,0,0,0,0,0,0,0,0,0,0,0,0,0,0,0,0,0
OTU_1480,0,0,0,0,0,0,0,0,0,0,0,0,0,0,0,0,0,0
OTU_1634,0,0,0,0,0,0,0,0,0,0,65,0,1,0,0,0,0,0
OTU_1768,0,0,0,0,0,0,0,0,0,1,0,0,0,0,0,0,0,0
OTU_1167,0,0,0,0,0,0,0,0,0,0,0,0,0,0,0,0,0,0
OTU_1223,0,0,0,0,0,0,0,0,0,0,0,0,0,0,0,0,0,0
OTU_1291,0,0,0,0,0,0,0,0,0,0,0,0,0,0,0,0,0,0
OTU_1680,0,0,0,4,2,3,4,5,2,2,0,0,3,0,2,2,2,4
OTU_1743,0,0,0,0,0,0,23,0,2,0,11,2,3,0,0,1,0,3
OTU_1317,0,0,0,0,0,0,0,0,0,0,0,0,0,0,0,0,0,0
OTU_1459,0,0,0,0,0,0,3,3,13,7,3,1,4,4,3,6,1,1
OTU_1504,0,0,0,0,0,0,0,0,1,0,0,0,0,0,0,0,0,4
OTU_1180,0,0,0,0,0,0,0,0,0,0,0,0,0,0,0,61,0,0
OTU_1224,0,0,0,0,0,0,0,0,0,0,0,0,0,0,0,0,0,0
OTU_1266,0,0,0,0,0,0,1,1,8,0,42,0,0,0,0,0,0,1
OTU_1362,0,0,0,0,0,0,0,0,0,3,53,0,0,0,1,0,0,1
OTU_1436,0,0,0,0,0,0,0,0,0,0,0,0,0,0,0,0,0,0
OTU_1465,0,0,0,0,0,0,4,6,3,1,5,0,1,5,0,8,5,3
OTU_1607,1,0,2,50,3,1,2,0,0,0,2,0,0,0,0,0,0,0
OTU_1676,0,0,0,0,0,0,2,3,4,2,17,2,1,3,1,2,0,1
OTU_1187,0,0,0,0,0,0,0,0,0,0,0,0,0,0,0,0,0,0
OTU_1191,0,0,0,0,0,0,11,8,0,3,30,1,1,0,0,0,1,0
OTU_1247,0,0,0,0,0,0,0,0,0,0,0,0,0,0,0,0,0,0
OTU_1271,0,0,0,0,0,0,0,0,0,0,0,0,0,0,0,0,0,0
OTU_1277,0,0,0,0,0,0,0,0,0,0,0,0,0,0,0,0,0,0
OTU_1392,0,0,0,0,0,0,0,0,1,1,57,0,0,0,0,0,0,0
OTU_1456,0,0,0,0,0,0,0,0,2,1,0,1,0,0,0,1,0,1
OTU_1472,0,0,0,0,0,0,0,0,0,0,0,0,0,0,0,0,0,0
OTU_1542,0,0,0,0,0,0,0,0,0,0,0,0,0,0,0,0,0,0
OTU_1632,0,0,0,0,0,0,1,0,0,0,53,1,0,1,0,1,1,0
OTU_1135,0,0,0,0,0,0,0,0,0,0,0,0,0,0,0,0,0,0
OTU_1151,0,0,0,0,0,0,0,59,0,0,0,0,0,0,0,0,1,1
OTU_1231,0,0,0,0,0,1,0,0,0,0,0,0,0,0,0,0,0,0
OTU_1259,0,0,0,0,0,0,0,0,0,0,0,0,0,0,0,0,0,0
OTU_1273,0,0,0,0,0,0,0,0,0,0,0,0,0,0,0,0,0,0
OTU_1275,0,0,0,0,0,0,0,0,0,0,0,0,0,0,0,0,0,0
OTU_1298,0,0,0,0,0,0,0,0,0,0,0,0,0,0,0,0,0,0
OTU_1319,0,0,0,0,0,0,0,0,0,0,0,0,0,0,0,0,0,0
OTU_1327,0,0,0,0,0,0,0,15,0,1,0,0,0,0,0,0,0,0
OTU_1341,0,0,0,0,0,0,0,0,0,0,0,0,0,59,0,0,0,0
OTU_1406,0,0,0,0,0,0,0,0,0,0,0,0,0,0,0,0,0,0
OTU_1565,0,0,0,0,0,0,0,0,0,0,0,0,0,0,0,0,0,0
OTU_1572,0,0,0,0,0,0,1,8,3,1,27,3,1,2,0,5,0,0
OTU_1652,0,0,0,0,0,0,0,0,0,0,0,1,0,0,0,0,0,0
OTU_1691,0,0,0,0,0,0,0,1,2,2,40,1,0,0,1,4,0,3
OTU_1770,0,0,0,1,0,0,0,0,0,0,0,0,0,0,0,0,0,0
OTU_1038,0,0,0,0,0,0,0,0,0,0,0,0,0,0,0,0,0,0
OTU_1198,0,0,0,0,0,0,0,0,0,0,0,0,0,0,0,0,0,0
OTU_1290,0,0,0,0,0,0,0,0,0,0,0,0,0,0,0,0,0,0
OTU_1833,0,0,0,0,1,0,10,2,1,6,10,8,1,1,0,1,0,1
OTU_1865,0,0,0,0,0,0,0,0,0,0,0,0,0,0,0,0,0,0
OTU_1219,0,0,0,0,0,0,0,0,0,0,0,0,0,0,0,0,0,0
OTU_1257,0,0,0,0,0,0,0,0,0,1,0,0,0,0,0,0,0,0
OTU_1321,0,0,0,0,0,0,0,0,0,0,0,0,0,0,0,0,0,0
OTU_1402,0,1,0,0,0,0,0,0,0,0,0,0,0,0,0,0,0,0
OTU_1550,0,0,0,0,0,0,0,0,0,0,0,0,0,0,0,0,0,0
OTU_1279,0,1,1,0,0,1,4,0,2,0,12,31,0,0,1,0,0,0
OTU_1325,0,0,0,0,0,0,0,0,0,0,0,0,0,0,0,0,0,0
OTU_1332,0,0,0,0,0,0,0,0,2,0,0,55,0,0,0,0,0,0
OTU_1354,0,0,0,0,0,0,6,1,0,46,1,0,0,0,0,0,0,0
OTU_1373,0,0,0,0,0,0,0,0,0,0,0,0,0,0,0,0,0,0
OTU_1407,0,0,0,0,0,0,0,0,0,0,0,0,0,0,0,0,0,0
OTU_1526,0,0,0,0,0,0,0,0,0,0,0,0,0,0,0,1,0,0
OTU_1580,0,0,0,0,0,0,0,0,0,0,57,0,0,0,0,0,0,0
OTU_1635,0,0,0,0,0,0,0,1,2,0,43,1,4,1,1,1,1,2
OTU_1840,0,0,0,0,0,0,9,1,0,0,0,0,0,0,0,2,0,0
OTU_1127,0,0,0,0,0,0,0,0,0,0,13,0,0,1,39,1,1,1
OTU_1248,0,0,0,0,0,0,0,0,0,0,0,0,0,0,0,0,0,0
OTU_1305,0,0,0,0,0,0,0,0,0,0,1,0,0,0,0,0,0,0
OTU_1337,0,0,0,0,0,0,0,0,0,0,0,0,0,0,0,0,0,0
OTU_1361,0,0,0,0,0,0,0,0,13,1,42,0,1,0,0,0,0,0
OTU_1624,0,0,0,0,0,0,3,6,3,0,3,0,11,1,7,9,4,10
OTU_1745,0,0,0,0,0,0,2,4,7,2,1,3,3,0,9,2,2,0
OTU_1123,0,0,0,0,0,0,0,56,0,0,0,0,0,0,0,0,0,0
OTU_1137,0,0,0,0,0,0,0,0,0,0,0,0,0,0,0,0,0,0
OTU_1316,0,0,0,0,0,0,0,0,0,0,0,0,0,0,0,0,0,0
OTU_1595,0,0,0,0,0,0,0,0,0,0,0,0,0,0,0,0,0,0
OTU_1641,0,0,0,0,0,0,0,0,0,0,0,0,0,0,0,0,0,0
OTU_1829,0,0,0,0,0,0,25,0,1,0,15,2,0,0,0,0,1,2
OTU_1216,0,0,0,0,0,0,0,0,0,0,0,0,0,0,0,0,0,0
OTU_1643,0,0,0,0,0,0,0,0,0,0,0,0,0,0,0,0,0,0
OTU_1285,0,0,0,0,0,0,2,0,1,0,10,0,0,0,37,0,1,1
OTU_1333,0,0,0,0,0,0,0,0,41,0,3,0,0,0,0,0,0,0
OTU_1430,0,0,0,0,0,0,1,0,0,0,1,15,0,1,0,0,1,0
OTU_1545,0,0,0,0,0,0,0,0,0,0,0,0,0,0,0,0,0,0
OTU_1740,0,0,0,0,0,0,0,0,1,0,0,0,0,0,1,0,1,0
OTU_1792,0,0,0,0,0,0,0,0,0,0,0,0,0,0,0,0,0,0
OTU_1144,0,0,0,49,0,0,0,0,2,0,1,0,0,0,1,0,0,0
OTU_1150,0,0,0,0,0,0,53,0,0,0,0,0,0,0,0,0,0,0
OTU_1313,0,0,0,0,0,0,0,0,0,0,0,0,0,0,0,0,0,0
OTU_1320,0,0,0,0,0,0,0,0,0,0,0,0,0,0,0,0,0,0
OTU_1439,0,0,0,2,0,0,0,0,0,0,0,0,0,0,0,0,0,1
OTU_1525,0,0,0,0,0,0,0,0,0,0,0,0,0,0,0,0,0,0
OTU_1608,0,0,0,53,0,0,0,0,0,0,0,0,0,0,0,0,0,0
OTU_1653,0,0,0,0,0,0,0,0,0,0,0,0,0,0,0,0,0,0
OTU_1837,0,0,1,0,0,0,21,0,0,0,0,30,0,0,0,0,0,1
OTU_1876,0,0,0,0,0,0,0,0,0,0,0,0,0,0,0,0,0,0
OTU_1174,0,0,0,0,0,0,43,0,5,0,1,2,0,0,0,0,0,0
OTU_1272,0,0,0,0,0,0,0,0,0,0,0,0,0,0,0,0,0,0
OTU_1289,0,0,0,0,0,0,0,0,0,0,0,0,0,0,0,0,0,0
OTU_1429,0,0,0,0,0,0,0,0,0,0,49,0,0,0,0,0,0,0
OTU_1503,3,0,0,0,2,0,0,0,0,1,0,0,0,1,0,1,0,0
OTU_1577,0,0,0,0,0,0,0,0,0,30,20,0,0,0,0,0,0,0
OTU_1585,0,0,0,0,0,0,0,0,0,0,0,0,0,0,0,0,0,0
OTU_1708,0,0,0,0,0,0,0,0,0,0,0,0,1,0,0,0,0,0
OTU_1741,0,0,0,0,0,0,22,0,0,0,1,1,0,0,1,1,2,0
OTU_1787,0,0,0,0,0,0,0,0,0,0,0,0,0,0,0,0,0,0
OTU_1233,0,0,0,0,0,0,0,0,0,0,0,0,0,0,0,0,0,0
OTU_1380,0,0,0,0,0,0,0,0,0,0,0,0,0,0,0,0,0,0
OTU_1476,0,0,0,0,0,0,0,0,0,0,0,0,0,0,0,0,0,0
OTU_1511,0,0,0,0,0,0,3,3,8,1,4,4,0,2,2,2,2,1
OTU_1514,0,0,0,0,0,0,0,51,0,0,0,0,0,0,0,0,0,0
OTU_1588,0,0,0,0,0,0,0,0,0,0,0,0,0,0,0,0,0,0
OTU_1751,0,0,0,0,0,0,3,1,7,2,22,0,3,1,3,1,2,0
OTU_1823,0,0,0,0,0,0,0,0,0,0,0,0,0,0,0,0,0,0
OTU_1154,0,0,0,0,0,0,0,0,0,0,0,0,0,0,0,0,0,0
OTU_1190,0,0,0,0,0,0,0,0,0,0,0,0,0,0,0,0,0,0
OTU_1253,0,0,0,50,0,0,0,0,0,0,0,0,0,0,0,0,0,0
OTU_1269,0,0,0,0,0,0,0,0,0,0,0,0,0,0,0,0,0,0
OTU_1270,0,0,0,0,0,0,0,0,0,0,0,0,0,0,0,0,0,0
OTU_1304,0,0,0,0,0,0,0,0,0,0,49,0,0,0,0,0,0,0
OTU_1464,0,0,0,0,0,0,1,2,2,0,29,0,1,0,1,0,1,2
OTU_1522,0,0,0,0,0,0,0,0,0,0,50,0,0,0,0,0,0,0
OTU_1639,0,0,0,0,0,0,0,0,2,0,0,0,8,0,12,27,0,1
OTU_1687,0,0,0,0,0,1,0,0,0,0,42,0,0,1,0,1,0,0
OTU_1696,0,0,0,0,0,0,0,0,0,0,50,0,0,0,0,0,0,0
OTU_1742,0,0,0,0,0,0,19,0,2,0,0,0,0,0,0,0,0,0
OTU_1766,0,0,0,0,0,0,0,0,0,0,0,0,0,0,0,0,0,0
OTU_1260,0,0,0,0,0,0,0,0,0,0,0,0,0,0,0,0,0,0
OTU_1278,0,0,0,0,0,0,0,0,0,0,0,0,0,0,0,0,0,0
OTU_1394,0,0,0,0,0,0,0,0,0,0,3,46,0,0,0,0,0,0
OTU_1434,0,0,0,0,0,0,1,0,0,0,0,0,0,0,0,0,0,0
OTU_1538,0,0,0,0,0,0,0,0,0,0,0,0,0,0,0,0,0,0
OTU_1656,0,0,0,0,0,0,0,0,0,0,0,0,0,0,0,0,0,0
OTU_1746,0,0,0,0,0,0,5,6,1,3,1,0,1,1,3,6,2,7
OTU_1775,0,0,0,0,0,0,0,0,0,0,0,0,0,0,0,0,0,0
OTU_1862,0,0,0,0,0,0,0,3,0,0,0,2,2,1,1,3,3,0
OTU_1887,0,0,0,0,0,0,0,0,0,0,0,0,0,0,0,0,0,0
OTU_1171,0,0,0,0,0,0,48,0,0,0,0,0,0,0,0,0,0,0
OTU_1435,0,0,0,0,0,0,0,0,0,0,0,0,0,0,0,0,0,0
OTU_1462,0,0,0,0,0,0,1,0,2,3,6,2,5,5,2,1,3,3
OTU_1471,0,0,0,0,0,0,0,1,1,0,0,4,0,0,0,0,0,2
OTU_1484,0,0,0,0,0,0,0,0,0,0,0,0,0,0,0,0,0,0
OTU_1537,0,0,0,0,0,0,0,0,0,0,0,0,0,0,0,0,0,0
OTU_1677,0,0,0,0,0,0,4,2,8,0,3,0,7,7,2,5,3,7
OTU_1817,0,0,0,0,0,0,0,0,0,0,0,0,0,0,0,0,0,0
OTU_1859,0,0,0,0,0,0,0,0,0,0,0,0,0,0,0,0,0,0
OTU_1263,0,0,0,0,0,0,10,0,7,26,2,0,0,0,0,0,0,0
OTU_1294,0,0,0,0,0,0,0,0,0,0,0,0,0,0,0,0,0,0
OTU_1311,0,0,0,0,0,0,0,0,0,0,0,0,0,0,0,0,0,0
OTU_1396,0,0,0,0,0,0,0,0,0,0,0,0,0,0,0,0,0,0
OTU_1404,0,0,0,0,0,0,0,0,0,0,0,0,0,0,0,0,0,0
OTU_1418,0,0,0,0,0,0,1,0,0,1,0,1,0,0,0,1,3,1
OTU_1702,0,0,0,0,0,0,0,0,0,0,0,0,0,0,0,0,0,0
OTU_1893,0,0,0,0,0,0,0,0,0,0,0,0,0,0,0,0,0,0
OTU_1250,0,0,0,0,0,0,0,0,0,0,0,0,0,0,0,0,0,0
OTU_1355,0,0,0,0,0,0,40,0,4,1,1,0,0,0,0,0,0,0
OTU_1411,0,0,0,0,0,0,0,0,0,0,0,0,0,0,0,0,0,0
OTU_1427,0,0,0,0,0,0,1,0,1,6,1,8,1,0,1,0,1,1
OTU_1437,0,0,0,0,0,0,0,0,0,0,0,0,0,0,0,0,0,0
OTU_1477,0,0,0,0,0,0,0,0,0,0,0,0,0,0,0,0,0,0
OTU_1482,0,0,0,0,0,0,0,0,0,0,0,0,0,0,0,0,0,0
OTU_1505,0,0,0,0,0,0,33,0,0,2,0,0,1,0,1,1,1,0
OTU_1508,0,0,0,0,0,0,46,0,0,0,0,0,0,0,0,0,0,0
OTU_1530,0,0,0,0,0,0,0,0,0,0,0,0,0,0,0,0,0,0
OTU_1558,0,0,0,0,0,0,0,0,0,0,0,0,0,0,0,0,0,0
OTU_1717,0,0,0,0,0,0,0,0,0,0,0,0,0,0,0,0,0,0
OTU_1301,0,0,0,0,0,0,0,44,0,0,0,0,0,0,0,0,1,0
OTU_1460,0,0,0,0,0,0,15,4,2,14,5,2,1,1,0,0,0,0
OTU_1569,0,0,0,0,0,0,1,2,3,3,1,0,2,2,1,0,1,3
OTU_1578,0,0,0,0,0,0,5,4,1,29,1,0,0,0,0,0,0,1
OTU_1618,0,0,0,0,0,0,0,0,0,0,0,0,0,0,0,0,0,0
OTU_1816,0,0,0,0,0,0,0,16,1,0,9,0,0,0,1,1,0,0
OTU_1182,0,0,0,0,0,0,0,0,0,0,0,0,0,0,0,0,0,0
OTU_1329,0,0,0,0,0,0,0,0,0,0,0,0,0,0,0,0,0,0
OTU_1442,0,0,0,0,0,0,0,0,0,0,0,0,0,0,0,0,0,0
OTU_1473,0,0,0,0,0,0,0,0,0,0,0,0,0,0,0,0,0,0
OTU_1490,0,0,0,0,0,0,0,0,0,0,0,0,0,0,0,0,0,0
OTU_1573,0,0,0,0,0,0,0,2,1,1,26,1,1,1,0,1,2,2
OTU_1625,0,0,0,0,0,0,2,2,2,1,5,0,13,2,5,6,3,2
OTU_1716,0,0,0,0,0,0,0,0,0,0,0,0,0,0,0,0,0,0
OTU_1886,0,0,0,0,0,0,0,0,0,0,0,0,0,0,0,0,0,0
OTU_1309,0,0,0,0,1,0,0,0,0,0,0,0,0,0,0,0,0,0
OTU_1356,1,0,0,7,0,0,34,0,0,0,0,0,0,0,0,0,0,0
OTU_1372,0,0,0,0,0,0,0,0,0,0,0,0,0,0,0,0,0,0
OTU_1401,0,0,0,0,0,0,0,0,0,0,0,0,0,0,0,0,0,0
OTU_1630,0,0,1,0,0,0,0,0,0,4,0,0,3,0,0,0,1,8
OTU_1631,0,0,0,0,0,0,0,0,0,0,39,0,0,0,0,0,0,3
OTU_1794,0,0,0,0,0,0,0,0,0,0,0,0,0,0,0,0,0,0
OTU_1466,0,0,0,0,0,0,2,2,1,0,31,1,0,0,1,2,1,0
OTU_1559,0,0,0,0,0,0,0,0,0,0,0,0,0,0,0,0,0,0
OTU_1560,0,0,0,0,0,0,0,0,0,0,0,0,0,0,0,0,0,0
OTU_1579,0,0,0,0,0,0,0,0,0,0,41,0,0,0,0,0,0,1
OTU_1592,0,0,0,0,0,0,0,0,0,0,0,0,0,0,0,0,0,0
OTU_1645,0,0,0,0,0,0,0,0,0,0,1,0,0,0,0,0,0,0
OTU_1715,0,0,0,0,0,0,0,0,0,0,0,0,0,0,0,0,0,0
OTU_1336,0,0,0,0,0,0,0,0,0,0,41,0,0,0,0,0,0,0
OTU_1425,0,0,0,0,0,0,0,40,0,0,0,0,0,0,0,1,0,0
OTU_1540,0,0,0,0,0,0,0,0,0,0,0,0,0,0,0,0,0,0
OTU_1638,0,0,0,0,0,0,0,0,0,0,0,0,0,0,0,0,0,0
OTU_1847,0,0,0,0,0,0,0,0,0,20,8,9,0,0,0,0,0,1
OTU_1379,0,0,0,0,0,0,0,0,0,0,0,0,0,0,0,0,0,0
OTU_1698,0,0,0,0,0,0,0,0,0,0,40,0,0,0,0,0,0,0
OTU_1699,0,0,0,0,0,0,0,0,0,0,39,0,0,0,1,0,0,0
OTU_1718,0,0,0,0,0,0,0,0,0,0,0,0,0,0,0,0,0,0
OTU_1747,0,0,0,0,0,0,0,32,0,0,0,0,0,0,0,0,0,0
OTU_1795,0,0,0,0,0,0,0,1,1,0,0,0,0,0,0,2,0,0
OTU_1802,0,0,0,0,0,0,0,0,0,0,0,0,0,0,0,0,0,0
OTU_1819,0,0,0,0,0,0,0,0,0,0,0,0,0,0,0,0,0,0
OTU_1352,0,0,0,0,0,0,0,0,0,0,0,0,0,0,0,0,0,0
OTU_1443,0,0,0,0,0,0,0,0,0,0,0,0,0,0,0,0,0,0
OTU_1450,34,0,1,0,1,0,2,0,0,0,1,0,0,0,0,0,0,0
OTU_1669,0,0,0,0,0,0,0,0,0,0,0,0,0,0,0,0,0,0
OTU_1678,0,0,0,0,0,0,0,4,1,3,12,3,1,2,2,1,1,0
OTU_1701,0,0,0,0,0,0,0,0,0,0,36,3,0,0,0,0,0,0
OTU_1755,0,0,0,0,0,0,0,0,0,0,39,0,0,0,0,0,0,0
OTU_1822,0,0,0,0,0,0,0,0,0,0,0,0,0,0,0,0,0,0
OTU_1827,0,0,0,0,0,0,0,0,0,0,0,0,0,0,0,0,0,0
OTU_1308,0,0,0,0,0,0,0,0,0,0,0,0,0,0,0,0,0,0
OTU_1371,0,0,0,0,0,0,0,0,0,0,0,0,0,0,0,0,0,0
OTU_1654,0,0,0,0,0,0,0,0,0,0,0,0,0,0,0,0,0,0
OTU_1665,0,0,0,0,0,0,0,0,0,0,0,0,0,0,0,0,0,0
OTU_1776,0,0,0,0,0,0,0,0,0,0,0,0,0,0,0,0,0,0
OTU_1885,0,0,0,0,0,0,0,0,0,0,0,0,0,0,0,0,0,0
OTU_1357,0,0,0,0,0,0,29,0,0,0,4,0,0,0,0,1,1,0
OTU_1441,0,0,0,0,0,0,0,0,0,0,0,0,0,0,0,0,0,0
OTU_1534,0,0,0,0,0,0,0,0,0,0,0,0,0,1,0,0,0,0
OTU_1549,0,0,0,0,0,0,0,0,0,0,0,0,0,0,0,0,0,0
OTU_1563,0,0,0,0,0,0,0,0,0,0,0,0,0,0,0,0,0,0
OTU_1734,0,0,0,0,0,0,0,0,0,0,0,0,0,0,0,0,0,0
OTU_1758,0,0,0,0,0,0,0,0,0,0,32,0,0,0,0,0,0,0
OTU_1769,0,0,0,0,1,0,0,0,0,0,0,0,0,0,0,0,0,0
OTU_1884,0,0,0,0,0,0,0,0,0,0,0,0,0,0,0,0,0,0
OTU_1497,0,0,0,0,0,0,0,0,0,0,0,0,0,0,0,0,0,0
OTU_1623,0,0,0,0,0,0,5,0,0,9,2,1,0,0,0,0,0,0
OTU_1658,0,0,0,0,0,0,0,0,0,0,0,0,0,0,0,0,0,0
OTU_1732,0,0,0,0,0,0,0,0,0,0,0,0,0,0,0,0,0,0
OTU_1424,0,0,0,0,0,0,17,0,17,1,0,0,0,0,0,0,0,0
OTU_1493,0,0,0,0,0,0,0,0,0,0,0,0,0,0,0,0,0,0
OTU_1583,0,0,0,0,1,0,0,0,0,0,0,0,0,0,0,0,0,0
OTU_1667,0,0,0,0,0,0,0,0,0,0,0,0,0,0,0,0,0,0
OTU_1789,0,0,0,0,0,0,0,0,0,0,0,0,0,0,0,0,0,0
OTU_1791,0,0,0,0,0,0,0,0,0,0,0,0,0,0,0,0,0,0
OTU_1805,0,2,0,18,0,0,0,0,1,1,0,0,0,0,0,0,0,0
OTU_1845,0,0,0,0,0,0,1,1,4,0,0,0,0,2,0,1,1,1
OTU_1348,0,0,0,0,0,0,0,0,0,0,0,0,0,0,0,0,0,0
OTU_1422,0,0,0,0,0,0,0,0,0,0,0,0,0,0,0,0,0,0
OTU_1485,0,0,0,0,0,0,0,0,0,0,0,0,0,0,0,0,0,0
OTU_1499,0,0,0,0,0,0,0,0,0,0,0,0,0,0,0,0,0,0
OTU_1502,0,0,0,0,0,0,0,0,1,0,0,0,0,1,0,0,0,0
OTU_1527,0,0,0,0,0,0,0,0,0,0,0,0,0,0,0,0,0,0
OTU_1529,0,0,0,0,0,0,0,0,0,0,0,0,0,0,0,0,0,0
OTU_1539,0,0,0,0,0,0,0,0,0,0,0,0,0,0,0,0,0,0
OTU_1647,0,0,0,0,0,0,0,0,0,0,0,0,0,0,0,0,0,0
OTU_1649,0,0,0,0,0,0,0,0,0,0,0,0,0,0,0,0,0,0
OTU_1664,0,0,0,0,0,0,0,0,0,0,0,0,0,0,0,0,0,0
OTU_1694,0,0,0,0,0,0,7,0,0,2,19,0,0,0,0,0,0,0
OTU_1736,0,0,0,0,0,0,0,0,0,0,0,0,0,0,0,0,0,0
OTU_1748,0,0,0,0,0,0,1,3,3,1,1,0,2,3,3,3,2,2
OTU_1799,0,0,0,0,0,0,0,0,0,0,0,0,0,0,0,0,0,0
OTU_1866,0,0,0,0,0,0,0,0,1,0,0,0,0,0,0,0,0,0
OTU_1343,0,0,0,0,0,0,0,0,0,0,0,0,0,0,0,0,0,0
OTU_1347,0,0,0,30,0,0,0,0,0,0,3,0,0,0,0,0,0,0
OTU_1385,0,0,0,0,0,0,0,0,0,0,0,0,0,0,0,0,0,0
OTU_1414,0,0,0,0,0,0,0,0,0,0,0,0,0,0,0,0,0,0
OTU_1568,0,0,0,0,0,0,19,0,1,0,2,0,0,0,0,0,0,0
OTU_1700,0,0,0,0,0,0,0,1,1,0,21,0,0,1,0,2,0,0
OTU_1777,0,0,0,0,0,0,0,0,0,0,0,0,0,0,0,0,0,0
OTU_1779,0,0,0,0,0,0,0,0,0,0,0,0,0,0,0,0,0,0
OTU_1793,0,0,0,0,0,0,0,0,0,0,0,0,0,0,0,0,0,0
OTU_1843,4,0,2,0,0,0,1,1,3,1,4,8,0,0,3,2,2,1
OTU_1444,0,0,0,0,0,0,0,0,0,0,0,0,0,0,0,0,0,0
OTU_1541,0,0,0,0,0,0,0,0,0,0,0,0,0,0,0,0,0,0
OTU_1546,0,0,0,0,0,0,0,0,0,0,0,0,0,0,0,0,0,0
OTU_1556,0,0,0,0,0,0,0,0,0,0,0,0,0,0,0,0,0,0
OTU_1619,0,0,0,0,0,0,0,0,0,0,0,0,0,0,0,0,0,0
OTU_1651,0,0,0,0,0,0,0,0,0,0,0,0,0,0,0,0,0,0
OTU_1655,0,0,0,0,0,0,0,0,0,0,0,0,0,0,0,0,0,0
OTU_1685,0,0,0,0,0,0,0,0,0,0,32,0,0,0,0,0,0,0
OTU_1697,0,0,0,0,0,0,1,0,1,2,13,0,2,1,1,2,3,2
OTU_1738,0,0,0,0,0,0,0,0,0,0,0,0,0,0,0,0,0,0
OTU_1756,0,0,0,0,0,0,0,0,0,0,32,0,0,0,0,0,0,0
OTU_1382,0,0,0,30,0,0,0,0,0,0,0,0,0,0,0,0,0,0
OTU_1428,0,0,0,0,0,0,0,0,0,29,0,1,0,0,0,0,0,0
OTU_1640,0,0,0,0,0,0,0,0,0,0,0,0,0,0,31,0,0,0
OTU_1753,0,0,0,0,0,0,0,0,0,0,29,0,0,0,0,0,0,0
OTU_1788,0,0,0,0,0,0,0,0,0,0,0,0,0,0,0,0,0,0
OTU_1796,0,0,0,0,0,0,0,0,0,0,0,0,0,0,0,0,0,0
OTU_1811,0,0,0,0,0,0,0,0,0,0,1,0,0,0,0,0,0,0
OTU_1882,0,0,0,0,0,0,0,0,0,0,0,0,0,0,0,0,0,0
OTU_1890,0,0,0,0,0,0,0,0,0,0,0,0,0,0,0,0,0,0
OTU_1447,0,0,0,0,0,0,0,0,0,0,0,0,0,0,0,0,0,0
OTU_1455,0,0,0,0,0,0,0,0,0,0,0,0,0,0,0,0,0,0
OTU_1509,0,0,0,0,0,0,1,0,0,0,23,0,0,0,0,1,0,2
OTU_1548,0,0,0,0,0,0,0,0,0,0,0,0,0,0,0,0,0,0
OTU_1590,0,0,0,0,0,0,0,0,0,0,0,0,0,0,0,0,0,0
OTU_1719,0,0,0,0,0,0,0,0,0,0,0,0,0,0,0,0,0,0
OTU_1767,0,0,0,0,0,0,0,0,0,0,1,0,0,0,0,0,0,0
OTU_1806,0,0,0,16,0,0,0,0,0,0,0,1,0,0,0,0,0,0
OTU_1832,0,0,0,0,0,0,2,13,0,0,10,0,3,0,0,0,0,0
OTU_1860,0,0,0,0,0,0,0,0,0,0,0,0,0,0,0,0,0,0
OTU_1879,0,0,0,0,0,0,0,0,0,0,0,0,0,0,0,0,0,0
OTU_1478,0,0,0,0,0,0,0,0,0,0,0,0,0,0,0,0,0,0
OTU_1672,0,0,0,0,0,0,0,0,1,1,18,0,0,0,1,0,0,0
OTU_1714,0,0,0,0,0,0,0,0,0,0,0,0,0,0,0,0,0,0
OTU_1726,0,0,0,0,0,8,0,4,1,0,11,0,0,0,1,0,0,0
OTU_1749,0,0,0,0,0,0,0,29,0,0,0,0,0,0,0,0,0,0
OTU_1774,0,0,0,0,0,0,0,0,0,0,0,0,0,0,0,29,0,0
OTU_1870,0,0,0,0,0,0,0,0,0,0,0,0,0,0,0,0,0,0
OTU_1892,0,0,0,0,0,0,0,0,0,0,0,0,0,0,0,0,0,0
OTU_1453,0,0,0,0,0,0,0,0,0,0,0,0,0,0,0,0,0,0
OTU_1553,0,0,0,0,0,0,0,0,0,0,0,0,0,0,0,0,0,0
OTU_1555,0,0,0,0,0,0,0,0,0,0,0,0,0,0,0,0,0,0
OTU_1582,0,0,0,0,0,0,0,0,0,0,0,0,0,0,0,0,0,0
OTU_1596,0,0,0,0,0,0,0,0,0,0,0,0,0,0,0,0,0,0
OTU_1621,0,0,0,0,0,0,14,0,0,8,1,0,0,0,0,0,0,0
OTU_1648,0,0,0,0,0,0,0,0,0,0,0,0,0,0,0,0,0,0
OTU_1762,0,0,0,0,0,0,0,0,0,0,0,0,0,0,0,0,0,0
OTU_1818,0,0,0,0,0,0,0,0,0,0,0,0,0,0,0,0,0,0
OTU_1544,0,0,0,0,0,0,0,0,0,0,0,0,0,0,0,0,0,0
OTU_1626,0,0,0,0,0,0,0,0,27,0,0,0,0,0,0,0,0,0
OTU_1673,0,0,0,0,0,0,0,3,0,1,2,2,0,0,0,1,0,1
OTU_1704,0,0,0,0,0,0,0,0,0,0,0,0,0,0,0,0,0,0
OTU_1752,0,0,0,0,0,0,0,0,0,1,23,0,1,0,0,0,0,0
OTU_1764,0,0,0,0,0,0,0,0,0,0,0,0,0,0,0,0,0,0
OTU_1785,0,0,0,0,0,0,0,0,0,0,0,0,0,0,0,1,0,0
OTU_1790,0,0,0,0,0,0,0,0,0,0,0,0,0,0,0,0,0,0
OTU_1812,0,0,0,0,0,0,0,0,0,0,0,0,0,0,0,0,0,0
OTU_1841,0,0,0,0,0,0,2,1,2,0,3,0,2,3,6,2,3,3
OTU_1646,0,0,0,0,0,0,0,0,0,0,0,0,0,0,0,0,0,0
OTU_1689,0,0,0,0,0,0,0,0,0,0,26,0,0,0,0,0,0,0
OTU_1725,0,0,0,2,13,8,0,0,0,1,0,0,0,1,1,0,0,0
OTU_1820,0,0,0,0,0,0,0,0,0,0,0,0,0,0,0,0,0,0
OTU_1839,0,0,0,0,0,0,24,2,0,0,0,0,0,0,0,0,0,0
OTU_1878,0,0,0,0,0,0,0,0,0,0,0,0,0,0,0,0,0,0
OTU_1883,0,0,0,0,0,0,0,0,0,0,0,0,0,0,0,0,0,0
OTU_1888,0,0,0,0,0,0,0,0,0,0,0,0,0,0,0,0,0,0
OTU_1510,0,0,0,0,0,0,24,0,0,0,1,0,0,0,0,0,0,0
OTU_1587,0,0,0,0,0,0,0,0,0,0,0,0,0,0,0,0,0,0
OTU_1671,0,0,0,0,0,0,0,0,0,0,0,0,0,0,0,0,0,0
OTU_1679,0,0,0,0,0,0,0,25,0,0,0,0,0,0,0,0,0,0
OTU_1733,0,0,0,0,0,0,0,0,0,0,0,0,0,0,0,0,0,0
OTU_1754,0,0,0,0,0,0,0,0,0,0,25,0,0,0,0,0,0,0
OTU_1828,0,0,0,0,0,0,25,0,0,0,0,0,0,0,0,0,0,0
OTU_1834,0,0,0,0,0,0,5,5,1,0,0,0,0,2,1,3,1,7
OTU_1851,0,0,0,0,0,0,0,0,0,0,0,0,0,0,0,0,0,0
OTU_1574,0,0,0,0,0,0,0,0,24,0,0,0,0,0,0,0,0,0
OTU_1589,0,0,0,0,0,0,0,0,0,0,0,0,0,0,0,0,0,0
OTU_1597,0,0,0,0,0,0,0,0,0,0,0,0,0,0,0,0,0,0
OTU_1622,0,0,0,0,0,0,9,0,12,0,0,0,0,0,0,0,0,0
OTU_1693,0,0,0,0,0,0,0,0,0,0,16,3,0,0,0,0,0,0
OTU_1695,0,0,0,0,0,0,0,0,0,0,24,0,0,0,0,0,0,0
OTU_1757,0,0,0,0,0,0,2,0,0,1,12,0,0,0,0,0,0,0
OTU_1844,0,0,0,0,0,0,0,1,1,0,0,0,1,1,1,2,3,1
OTU_1846,0,0,0,0,0,0,0,0,0,1,12,0,0,0,0,1,0,0
OTU_1857,0,0,0,0,0,0,0,0,0,0,0,0,0,0,1,0,0,0
OTU_1871,0,0,0,0,0,0,0,0,0,0,0,0,0,0,0,0,0,0
OTU_1874,0,0,0,0,0,0,0,0,0,0,0,0,0,0,0,0,0,0
OTU_1889,0,0,0,0,0,0,0,0,0,0,0,0,0,0,0,0,0,0
OTU_1657,0,0,0,0,0,0,0,0,0,0,0,0,0,0,0,0,0,0
OTU_1659,2,7,0,7,0,0,0,0,0,0,0,0,0,0,0,0,0,0
OTU_1683,0,0,0,0,0,0,1,1,0,1,12,1,0,0,0,0,0,0
OTU_1690,0,0,0,0,0,0,0,0,0,0,22,0,0,1,0,0,0,0
OTU_1868,0,0,0,0,0,0,0,0,0,0,0,0,0,0,0,0,0,0
OTU_1633,0,0,0,0,0,0,0,0,1,2,8,1,0,1,0,1,0,1
OTU_1739,0,0,0,0,0,0,0,0,0,0,0,0,0,0,0,0,0,0
OTU_1780,0,0,0,0,0,0,0,0,0,0,0,0,0,0,0,0,0,0
OTU_1838,0,0,0,0,0,0,21,0,0,0,1,0,0,0,0,0,0,0
OTU_1850,0,0,0,0,0,0,0,0,0,0,0,0,0,0,0,0,0,0
OTU_1881,0,0,0,0,0,0,0,0,0,0,0,0,0,0,0,0,0,0
OTU_1451,0,21,0,0,0,0,0,0,0,0,0,0,0,0,0,0,0,0
OTU_1670,0,0,0,0,0,0,0,0,0,0,0,0,0,0,0,0,0,0
OTU_1783,0,0,0,0,0,0,0,0,0,0,0,0,0,0,0,0,0,0
OTU_1786,0,0,0,0,0,0,0,0,0,0,0,0,0,0,0,0,0,0
OTU_1877,0,0,0,0,0,0,0,0,0,0,0,0,0,0,0,0,0,0
OTU_1523,0,0,0,0,0,0,0,0,0,0,0,19,0,0,0,0,0,1
OTU_1663,0,0,0,0,0,0,0,0,0,0,0,0,0,0,0,0,0,0
OTU_1773,0,0,0,0,0,0,0,0,0,0,0,0,4,0,8,7,0,1
OTU_1571,0,0,0,0,0,0,0,19,0,0,0,0,0,0,0,0,0,0
OTU_1825,0,0,0,0,0,0,0,0,0,0,0,0,0,0,0,0,0,0
OTU_1831,0,0,0,0,0,0,1,2,2,0,7,0,2,0,1,3,0,1
OTU_1581,0,0,1,0,0,0,0,0,0,0,0,16,0,0,0,0,0,0
OTU_1724,0,0,0,17,0,0,0,0,0,0,0,0,0,0,0,0,0,0
OTU_1801,0,0,0,0,0,0,0,0,0,0,0,0,0,0,0,0,0,0
OTU_1815,0,0,0,0,0,0,0,0,0,0,1,0,1,0,0,0,0,0
OTU_1821,0,0,0,0,0,0,0,0,0,0,1,0,0,0,0,0,0,0
OTU_1875,0,0,0,0,0,0,0,0,0,0,0,0,0,0,0,0,0,0
