OTUID,DS1_R_1,DS1_R_2,DS1_R_3,DS1_R_4,DS1_R_5,DS1_R_6,DS2_R_1,DS2_R_2,DS2_R_3,DS2_R_4,DS2_R_5,DS2_R_6,DS3_R_1,DS3_R_2,DS3_R_3,DS3_R_4,DS3_R_5,DS3_R_6
OTU_4,6,204,49,176,219,123,4,5,3,6,1,6,42,2,7,14,11,16
OTU_12,7862,7534,7204,6915,7546,6453,1108,1912,917,2248,2642,2405,182,404,259,299,237,362
OTU_6,5646,11494,4381,12723,4820,8592,788,694,874,621,731,629,32,207,114,384,247,253
OTU_3,8,17,441,8,47,112,71,22,42,33,13,26,21,9,41,7,108,25
OTU_1,2300,535,1884,846,1121,311,4304,2317,3095,562,710,1425,87,175,921,522,1070,1223
OTU_2,1,0,0,0,0,0,82,5,20,4,12,5,232,69,288,564,401,358
OTU_24,10,3,19,31,28,58,2,1,3,7,3,5,0,0,0,0,0,0
OTU_10,270,187,194,152,212,196,2224,1613,3427,2829,3272,2137,1560,3322,5481,3116,1253,4382
OTU_44,4027,3654,3684,3887,3877,2524,1577,1395,1887,1862,1904,1622,80,353,711,463,46,170
OTU_9,2915,2781,3069,3456,3632,3459,1066,1993,1341,1898,2135,2109,14,108,102,163,3,57
OTU_8,1,3,0,0,146,2,12,8,7,9,4,63,15,4,4,7,4,9
OTU_830,2479,2175,2338,2182,2651,3165,971,1342,1470,1580,1841,1367,311,498,343,701,136,252
OTU_7,10,9,14,7,38,480,119,67,46,84,83,78,79,53,56,77,240,178
OTU_311,1140,776,850,596,975,513,1742,1460,2790,1761,2264,1998,793,1467,1685,1534,556,708
OTU_19,0,0,0,0,0,0,1,2,3,11,0,0,0,0,0,0,0,0
OTU_11,835,535,353,373,612,757,862,2601,1376,2596,2772,3176,613,854,868,1270,811,1316
OTU_35,2418,2006,2172,2983,2528,3548,686,858,864,634,616,627,251,335,446,584,344,357
OTU_18,3,0,1,2,3,1,12,6,0,5,5,44,0,0,3,0,15,1
OTU_15,68,63,72,65,53,52,201,8,29,6,1,30,10,18,241,17,50,63
OTU_16,2,1,0,14,19,2,40,8,0,25,3,1,67,13,16,39,90,40
OTU_13,1616,1398,1361,1700,2007,1079,1646,1633,1410,1508,1783,1828,62,477,402,381,13,138
OTU_54,89,0,2,71,3,2,3,6,7,4,8,5,421,221,124,123,257,211
OTU_31,1877,1542,1622,1578,2043,1319,1004,1395,899,1214,1094,1099,211,221,275,297,168,151
OTU_62,77,95,555,40,552,121,12,90,80,16,13,19,234,89,86,56,829,279
OTU_60,2,1,1,13,76,0,33,1,1,2,1,0,0,0,0,0,0,0
OTU_14,0,0,0,0,0,0,0,6,0,1,0,0,0,5,3,0,0,1
OTU_17,0,0,0,0,0,0,186,96,671,18,34,396,1211,2020,2002,971,2430,6366
OTU_26,35,15,0,0,4,243,94,92,69,89,44,80,710,212,127,114,277,229
OTU_20,2015,2173,2179,2421,2704,1814,560,465,389,354,437,398,3,91,133,109,0,18
OTU_25,0,7,2,2,8,3,13,5,0,6,9,4,81,0,22,42,67,7
OTU_212,87,97,69,23,108,63,1142,787,1080,1237,1316,872,1520,1689,1575,481,1643,890
OTU_22,2,0,0,1,2,1,0,3,2,3,2,0,7,10,7,6,57,40
OTU_23,0,0,0,0,0,0,1,3,0,0,0,0,0,0,0,0,0,0
OTU_33,0,1,0,0,0,0,11,6,9,9,8,15,1,3,10,13,2,9
OTU_1515,394,57,538,327,475,11,48,85,80,33,7,10,239,39,202,87,987,293
OTU_27,3,24,24,48,119,1,0,3,1,0,2,0,63,30,9,22,27,30
OTU_28,0,0,0,0,0,0,2,2,1,2,4,24,0,1,0,0,0,0
OTU_36,3,0,0,0,5,0,0,0,0,1,0,0,13,14,9,10,3,5
OTU_82,841,506,556,602,841,1201,423,435,606,324,454,374,404,407,441,875,1104,818
OTU_45,0,4,0,0,1,3,3,0,0,0,0,0,0,5,6,0,0,0
OTU_29,332,198,189,163,259,147,1492,1470,359,2330,2052,1880,14,33,11,20,4,12
OTU_40,6,0,0,6,3,2,0,0,2,3,0,0,0,0,0,0,0,0
OTU_38,0,0,0,0,0,0,0,0,0,0,0,3,0,0,0,0,0,0
OTU_34,1,39,0,0,0,0,15,8,8,13,6,59,1,12,10,5,4,8
OTU_39,0,5,0,0,0,8,893,569,154,73,96,254,1276,4655,1706,756,11,10
OTU_1603,943,610,440,579,600,682,540,1065,595,1049,967,1245,53,333,239,194,17,66
OTU_55,417,465,377,266,329,734,157,335,619,465,565,629,537,777,583,668,553,694
OTU_41,0,0,0,0,0,0,0,0,0,0,0,1,0,0,0,0,0,0
OTU_46,2,0,3,2,2,1,1,2,2,0,4,1,16,7,5,2,15,9
OTU_80,0,3,0,0,8,6,38,22,20,13,28,68,0,0,2,3,1,1
OTU_151,1,2,1,41,2,1,0,0,1,3,1,1,100,43,16,41,51,33
OTU_83,17,4,2,91,51,99,5,1,1,2,2,0,11,17,4,5,12,12
OTU_52,29,2,1,0,1,6,46,58,50,43,32,90,9,11,7,12,7,19
OTU_30,0,0,0,0,0,0,0,3,0,0,0,0,0,0,0,0,0,0
OTU_73,0,1,0,0,0,1,2,11,10,1,0,5,13,9,3,2,2,11
OTU_49,8,0,0,0,4,0,589,959,2126,461,445,391,693,479,712,735,504,1068
OTU_37,1,40,0,1,0,0,3,35,18,4,0,3,232,47,26,39,58,38
OTU_47,0,0,0,0,0,0,13,9,18,79,77,244,1090,1951,439,1478,2279,1449
OTU_106,15,29,40,138,48,7,32,32,27,18,23,40,74,55,20,47,61,83
OTU_86,348,220,245,184,310,273,225,545,708,541,496,902,495,393,290,799,1074,780
OTU_56,1,53,0,4,43,0,12,12,4,13,12,12,35,29,12,10,14,22
OTU_43,0,0,0,0,0,1,0,0,0,0,0,0,5770,2569,2,0,0,0
OTU_42,0,0,2,0,0,0,20,0,0,0,2,2,9,20,1,2,9,7
OTU_53,853,1063,1391,1143,1380,549,200,219,152,122,204,229,9,19,19,15,1,7
OTU_72,36,2,0,0,1,3,0,0,1,0,0,0,0,0,0,0,0,0
OTU_152,290,204,215,146,264,106,657,568,243,862,851,863,267,881,714,108,76,139
OTU_57,601,521,484,679,966,699,205,475,502,499,552,661,15,241,112,138,17,88
OTU_64,859,956,877,781,1224,1890,208,187,48,102,81,119,0,0,9,1,0,0
OTU_104,0,0,0,0,0,1,4,14,1,0,9,1,16,24,10,3,17,8
OTU_131,244,128,126,228,216,103,571,588,617,714,634,651,388,364,189,331,601,529
OTU_450,72,59,20,42,26,12,539,907,764,798,881,704,93,803,857,239,48,248
OTU_67,0,1,0,0,0,1,68,44,40,1,2,1,2049,2899,1237,193,274,270
OTU_90,0,0,0,0,0,0,573,564,375,1619,1813,1152,34,141,133,186,285,207
OTU_70,0,0,0,0,0,0,2,0,0,0,0,0,0,0,0,0,0,0
OTU_89,0,1,1,0,1,11,31,1,1,2,1,38,0,10,1,3,1,5
OTU_69,159,96,165,133,152,142,482,511,622,846,980,1010,108,350,369,443,39,161
OTU_114,105,10,27,45,32,24,26,11,8,46,61,27,12,23,74,10,28,116
OTU_185,0,0,0,0,0,0,13,0,0,1,4,4,0,0,0,0,0,0
OTU_51,0,0,0,0,1,0,7,0,0,0,0,0,7,0,0,0,0,2
OTU_134,648,1012,962,556,674,1410,101,68,82,65,96,68,14,97,168,94,7,189
OTU_66,0,0,0,0,0,0,5,3,2,0,6,9,34,1,2,1,1,1
OTU_139,15,3,1,6,8,0,524,475,739,476,542,416,590,400,774,501,295,478
OTU_58,27,4,4,1,11,2,25,25,241,1,9,12,1,0,1,0,0,2
OTU_50,0,4,4,1,1,0,155,104,720,467,426,452,66,378,480,1746,360,814
OTU_109,5,0,2,0,1,0,1322,837,1080,664,694,481,23,491,407,52,4,10
OTU_48,0,0,0,0,0,0,359,223,210,1400,1454,349,20,869,521,37,23,519
OTU_119,0,1,0,0,9,12,22,6,2,4,9,11,12,10,1,1,5,2
OTU_120,1,0,0,0,0,0,1932,1180,1171,155,178,158,103,24,70,63,277,137
OTU_501,282,227,197,242,470,303,311,306,440,187,102,136,428,127,170,337,333,307
OTU_59,0,3,0,0,0,0,6,4,4,6,7,34,9,1,3,2,4,12
OTU_116,0,4,0,1,0,0,7,2,2,4,0,3,1,7,3,5,0,4
OTU_63,4,7,0,0,0,45,11,15,9,14,15,28,7,5,0,3,2,0
OTU_118,1,9,2,0,8,3,36,10,8,13,10,29,11,16,7,3,1,4
OTU_75,121,165,93,242,248,209,639,640,262,581,481,476,97,212,189,287,212,206
OTU_94,0,0,0,0,0,0,0,0,0,0,1,0,27,1,4,10,1,12
OTU_1469,281,250,207,253,315,128,488,413,462,464,601,577,87,198,186,296,25,91
OTU_196,787,874,768,742,647,857,105,78,53,97,105,156,2,14,10,13,6,4
OTU_275,203,192,136,190,272,184,533,467,391,705,629,617,48,226,230,179,23,47
OTU_65,326,286,228,203,248,279,324,428,506,553,628,563,182,150,84,139,47,79
OTU_153,466,363,328,433,530,337,133,144,364,91,93,132,156,93,186,399,499,469
OTU_88,6,12,0,4,2,10,7,1,4,1,5,4,78,42,33,66,249,145
OTU_61,0,0,0,0,0,0,1,0,0,0,0,0,0,0,0,0,0,0
OTU_136,1,0,0,0,0,0,0,0,0,0,0,0,5,0,0,0,0,0
OTU_85,131,144,82,121,295,84,345,431,372,345,422,444,155,197,209,411,225,250
OTU_71,1,6,3,0,5,1,10,3,4,4,5,6,0,3,1,0,0,4
OTU_143,14,1,0,0,0,2,23,17,12,10,17,31,14,1,2,0,6,0
OTU_125,0,0,0,0,0,0,0,0,0,0,0,0,0,0,0,2,0,1
OTU_211,223,206,157,153,437,171,380,494,476,604,596,507,36,143,74,83,9,42
OTU_146,114,147,107,114,151,176,476,501,431,429,384,425,245,264,197,184,196,204
OTU_78,534,375,392,428,529,206,228,288,294,374,292,357,57,62,82,73,75,64
OTU_352,0,3,0,0,0,0,11,27,11,4,5,23,6,7,0,1,1,1
OTU_74,23,22,171,23,60,25,1167,525,506,633,656,478,10,149,103,45,4,73
OTU_123,0,0,0,0,0,0,16,0,0,9,10,0,0,0,0,0,0,0
OTU_150,315,257,228,194,380,159,419,375,348,430,587,420,44,202,92,74,6,83
OTU_155,0,0,0,1,0,0,0,1,0,0,0,0,0,0,0,0,0,0
OTU_111,406,293,245,370,271,391,131,58,160,33,66,170,61,183,156,235,714,500
OTU_115,78,175,400,43,19,114,420,250,309,176,190,297,152,37,274,88,115,147
OTU_127,14,20,3,0,7,38,15,9,142,3,11,27,774,156,100,494,1873,729
OTU_398,0,40,53,0,1,70,29,8,4,11,12,17,4,10,15,10,12,10
OTU_110,1,0,0,7,0,0,0,0,0,1,0,0,0,0,0,0,0,0
OTU_243,685,446,221,416,521,1091,27,19,11,36,28,7,3,117,102,19,15,86
OTU_209,1,2,0,0,21,4,2,7,2,3,1,1,12,8,0,7,9,6
OTU_102,1,1,1,0,0,0,3,5,194,2,0,38,208,369,911,709,812,141
OTU_117,639,723,468,877,699,285,75,73,78,26,88,79,14,3,4,28,16,2
OTU_159,0,0,0,0,0,0,1,1,0,1,0,0,13,1,1,9,667,505
OTU_81,790,430,306,298,664,369,427,210,142,72,93,132,33,0,9,114,9,3
OTU_77,0,39,0,0,0,46,4,6,1,17,7,46,0,0,1,2,1,0
OTU_269,166,191,136,392,228,197,179,312,300,342,252,299,104,71,127,99,345,289
OTU_97,0,0,0,0,0,0,7,1,3,2,2,32,0,5,1,4,0,12
OTU_135,0,7,0,0,2,10,3,6,2,4,9,11,17,7,0,0,17,0
OTU_107,0,0,0,0,0,0,0,0,0,0,1,8,1,1,1,1,0,0
OTU_76,0,0,0,0,0,0,1,0,0,1,0,0,0,0,0,0,0,0
OTU_227,0,0,0,0,0,0,0,2,0,1,2,0,0,0,0,1,6,3
OTU_165,205,222,305,262,445,263,224,237,276,327,472,266,6,178,69,48,0,57
OTU_137,0,0,0,0,0,0,4,3,2,10,8,18,17,0,2,2,1,3
OTU_96,23,9,51,28,2,7,4,5,22,11,36,6,9,8,13,31,28,9
OTU_180,0,1,0,0,0,5,1,0,4,1,0,0,0,0,0,0,0,0
OTU_238,0,17,0,0,0,0,14,11,8,9,20,16,47,15,7,8,10,4
OTU_280,309,293,228,152,250,249,275,164,175,98,197,126,204,66,50,342,316,200
OTU_124,0,0,0,0,0,0,0,0,69,0,1,0,150,310,1488,758,32,884
OTU_186,0,0,0,0,0,1,62,19,267,10,29,15,704,721,404,167,639,207
OTU_190,0,1,0,1,0,9,16,2,6,7,13,14,0,0,2,1,8,5
OTU_175,0,0,0,0,0,0,0,3,8,0,0,5,640,269,348,237,679,1417
OTU_92,1,1,0,2,1,2,0,13,3,0,0,6,3,1,20,3,0,0
OTU_108,157,73,29,22,106,41,374,767,260,549,628,510,0,25,4,8,0,2
OTU_103,730,546,386,569,506,482,27,80,23,66,53,67,0,5,2,1,0,0
OTU_144,0,0,0,1,0,0,3,0,286,0,2,2,256,304,740,1470,143,104
OTU_112,422,580,336,400,371,611,43,56,132,64,96,87,14,43,48,26,66,67
OTU_181,0,0,0,0,0,0,2,1,0,1,2,12,0,0,0,0,0,0
OTU_101,0,0,0,0,0,0,2,0,0,0,0,0,0,0,0,0,0,0
OTU_630,376,159,114,168,159,172,65,52,49,60,90,38,55,742,462,177,203,215
OTU_93,0,0,0,0,0,0,0,0,0,0,0,0,3,0,1,0,0,0
OTU_142,0,9,0,0,0,0,10,7,4,2,6,29,2,3,1,2,0,0
OTU_216,63,40,86,37,99,87,162,165,527,509,500,297,59,125,84,50,19,19
OTU_174,0,0,0,0,0,9,7,5,3,7,7,21,16,9,3,2,2,1
OTU_95,0,1,0,0,0,0,0,0,0,1,0,0,0,0,0,0,0,0
OTU_170,3,1,4,5,27,38,265,179,92,556,714,461,103,77,89,183,103,158
OTU_148,0,0,0,0,0,10,10,8,4,10,9,18,12,2,0,0,3,1
OTU_332,0,0,0,0,0,0,0,0,79,0,2,0,456,1589,157,604,50,73
OTU_319,0,2,0,0,2,7,6,1,1,5,12,27,23,0,1,4,0,0
OTU_331,0,0,0,0,0,0,5,0,3,8,5,5,18,31,180,32,1,2
OTU_167,1,0,0,0,0,115,2,2,0,0,0,0,8,0,1,4,1,1
OTU_122,0,0,0,0,0,0,0,0,0,0,0,0,0,0,0,0,0,0
OTU_157,0,0,0,0,0,0,4,1,0,0,0,0,0,0,0,0,0,0
OTU_126,0,0,0,0,0,0,0,0,0,0,0,0,9,8,1,4,0,13
OTU_121,0,0,0,0,0,0,0,0,0,0,0,0,0,0,2428,318,0,0
OTU_195,174,304,299,239,299,478,163,100,64,175,173,225,3,8,7,1,1,6
OTU_145,89,30,2,0,15,8,616,249,160,368,381,498,66,23,10,69,51,53
OTU_191,57,24,15,38,110,153,46,134,302,374,393,369,115,48,43,116,188,165
OTU_161,0,0,0,1,0,0,0,0,0,0,1,0,979,91,693,163,281,447
OTU_297,92,110,56,122,126,74,191,201,205,157,108,107,32,251,173,282,90,269
OTU_188,0,0,0,0,0,0,19,0,0,1,1,0,5,2,7,6,2,11
OTU_223,0,0,0,0,0,0,3,1,0,4,4,1,16,0,0,0,0,2
OTU_184,102,18,15,14,27,156,0,2,5,9,0,14,3,7,6,9,114,7
OTU_128,0,0,0,0,0,3,0,0,0,0,0,0,386,34,752,1273,74,48
OTU_177,0,0,0,0,0,0,7,6,3,9,4,2,16,1,0,0,0,3
OTU_141,0,0,0,0,0,0,3,1,3,4,8,8,0,0,0,0,3,0
OTU_156,0,6,0,0,0,0,11,2,4,10,14,16,1,0,2,5,1,6
OTU_179,0,0,0,0,0,0,0,0,0,0,0,0,860,9,133,1047,135,254
OTU_271,0,0,0,0,0,0,0,0,0,0,0,0,0,0,0,0,0,0
OTU_256,3,1,1,0,3,0,254,224,49,420,566,507,59,155,54,29,18,58
OTU_287,15,1,44,1,1,24,140,30,84,3,10,15,177,375,191,293,463,339
OTU_138,0,0,0,0,0,1,366,150,10,514,678,516,10,32,12,3,27,22
OTU_132,0,0,0,0,0,0,0,0,1,2,2,1,0,0,0,0,0,0
OTU_140,10,17,10,10,11,7,6,4,0,0,12,1,1,1,2,0,1,2
OTU_133,0,0,0,1,0,0,0,0,0,0,0,0,0,0,0,0,0,0
OTU_178,45,1,4,1,10,28,244,202,33,417,455,396,21,31,41,51,52,40
OTU_169,0,0,0,0,0,0,0,0,0,0,0,0,0,0,0,0,0,0
OTU_233,0,0,0,0,0,3,25,5,4,12,13,17,15,1,3,0,7,5
OTU_166,0,4,0,0,0,115,5,1,1,10,8,11,3,2,1,3,0,3
OTU_168,0,0,0,0,0,0,65,20,50,3,7,34,26,17,28,31,67,23
OTU_192,243,154,112,193,236,129,137,141,191,113,196,132,45,45,57,81,21,26
OTU_236,0,0,0,0,0,0,1,4,2,6,0,3,0,0,0,0,0,0
OTU_392,211,216,238,213,335,171,69,140,157,79,106,127,12,37,44,35,1,27
OTU_232,2,0,1,2,2,0,7,3,3,1,3,7,2,0,4,1,3,6
OTU_226,0,0,0,0,0,0,0,0,0,0,0,0,366,47,729,857,86,83
OTU_605,5,9,36,31,33,34,197,231,211,202,175,177,149,182,154,158,98,84
OTU_225,0,3,0,0,0,0,7,5,6,11,1,4,5,0,23,29,9,17
OTU_213,0,0,0,0,0,0,3,1,0,1,1,3,4,4,4,5,10,11
OTU_176,284,133,70,210,41,72,98,131,245,207,153,183,16,29,67,67,44,84
OTU_162,0,0,0,0,0,0,0,0,0,0,0,0,0,0,0,0,0,0
OTU_347,82,69,33,49,74,49,69,161,176,158,218,223,117,61,97,194,128,146
OTU_281,117,84,90,175,167,158,70,206,73,334,321,251,0,9,25,10,1,1
OTU_252,0,6,0,0,0,0,0,3,2,3,5,5,0,0,0,0,0,0
OTU_158,0,0,0,0,0,0,0,0,0,0,0,0,0,6,1,48,11,14
OTU_183,0,0,0,0,0,0,1,0,0,0,0,0,1206,727,15,96,43,0
OTU_149,0,0,0,0,0,0,0,0,0,0,0,0,0,0,0,0,0,0
OTU_257,0,0,0,0,0,0,5,3,1,5,5,1,1,0,0,1,0,9
OTU_284,0,1,0,13,1,75,1,2,1,0,9,2,0,3,0,2,0,0
OTU_512,0,0,5,2,2,8,0,0,0,1,1,0,16,2,1,0,6,1
OTU_172,222,75,99,134,178,120,48,164,184,79,180,195,34,60,59,84,24,87
OTU_229,131,146,178,171,252,203,95,146,141,135,187,158,2,11,9,21,0,14
OTU_245,0,0,0,0,0,0,0,0,0,0,0,0,976,6,0,24,931,61
OTU_365,86,68,132,102,169,189,93,177,144,150,125,196,17,50,76,95,62,42
OTU_187,0,0,0,0,0,0,10,7,3,12,7,11,0,0,0,0,1,0
OTU_193,0,0,0,0,0,0,0,0,0,0,1,0,0,0,0,1,0,0
OTU_254,0,0,0,0,11,79,14,1,1,3,13,13,0,1,0,0,0,0
OTU_208,64,19,14,38,185,35,61,55,189,31,9,37,226,77,90,247,315,186
OTU_160,0,0,1,11,1,0,0,1,0,0,0,0,0,0,0,0,0,0
OTU_290,124,48,42,118,89,141,74,106,133,181,156,118,100,84,46,91,137,84
OTU_182,0,0,0,0,0,0,0,0,0,0,0,0,0,0,0,0,0,0
OTU_220,0,0,0,0,0,0,9,8,11,23,18,11,16,2,0,0,4,1
OTU_274,0,0,0,0,0,0,3,2,1,2,3,2,24,3,7,1,6,8
OTU_204,15,6,1,12,23,0,230,213,67,405,315,359,51,49,9,18,3,34
OTU_1735,164,135,197,152,218,116,77,91,149,95,113,106,14,37,56,50,6,23
OTU_276,1,0,12,0,0,0,349,163,200,189,140,12,23,5,120,185,393,1
OTU_288,0,0,1,1,0,396,12,2,4,10,3,2,17,8,6,12,16,22
OTU_221,0,0,0,0,0,0,1,0,0,0,0,1,0,0,0,0,0,0
OTU_205,143,98,133,155,184,249,65,74,124,134,134,147,16,42,39,16,0,13
OTU_422,0,0,0,0,0,0,183,171,856,1,0,2,98,45,92,99,133,66
OTU_1826,69,45,51,50,116,104,95,141,321,167,143,217,24,44,61,64,2,25
OTU_206,5,27,2,2,1,1,9,5,71,1,2,43,156,11,32,285,670,401
OTU_199,0,0,0,0,0,0,0,0,0,0,0,0,1069,3,310,302,23,15
OTU_203,2,0,3,0,2,4,2,3,1,2,6,9,0,2,1,0,0,0
OTU_251,0,0,0,0,0,0,1,0,0,1,0,0,0,0,0,0,0,0
OTU_350,0,0,0,0,0,0,0,0,132,0,0,0,502,107,68,378,227,243
OTU_266,1,0,0,1,0,1,35,18,64,12,7,11,310,225,90,239,440,197
OTU_250,0,0,0,0,0,0,0,0,0,3,1,1,117,2,6,4,4,6
OTU_259,0,0,0,0,0,0,2,0,0,1,1,0,0,0,0,0,0,0
OTU_258,0,0,0,1,0,0,0,0,0,0,0,0,0,0,0,0,0,0
OTU_210,0,2,0,0,0,0,3,11,4,4,6,15,0,0,0,0,0,0
OTU_171,0,0,1,0,0,0,0,0,0,0,0,0,0,0,0,0,0,0
OTU_222,0,9,0,0,0,0,6,0,0,0,3,9,0,0,2,0,0,0
OTU_367,1,0,1,0,1,0,177,196,137,284,234,298,155,26,31,29,9,17
OTU_201,0,0,0,0,0,0,0,0,1,1,1,0,1,0,0,0,0,0
OTU_197,0,0,0,0,0,0,17,8,9,16,22,23,0,0,0,0,0,0
OTU_218,37,7,18,0,109,1,58,60,35,119,151,161,66,2,70,18,15,36
OTU_249,56,32,153,101,20,231,36,54,100,28,54,62,0,392,167,40,5,61
OTU_313,364,261,165,244,223,159,13,21,21,12,36,17,10,5,3,7,17,0
OTU_396,0,0,0,0,0,0,7,9,13,0,1,0,203,209,418,476,156,84
OTU_214,0,0,0,0,0,0,1,3,0,0,0,0,0,0,1,5,17,14
OTU_468,0,0,0,0,0,0,0,0,0,0,0,0,180,694,404,152,5,110
OTU_248,0,0,0,0,0,0,0,8,6,3,8,0,1,0,1,0,0,0
OTU_194,0,0,0,0,0,0,1,1,0,1,0,0,0,0,0,0,0,0
OTU_198,0,0,0,0,0,0,0,1,0,0,0,0,0,0,0,0,0,0
OTU_235,0,0,0,0,0,0,3,0,1,0,0,0,0,0,2,0,4,0
OTU_215,107,104,293,38,411,12,26,41,107,77,57,153,12,7,19,28,7,0
OTU_255,128,154,217,208,210,302,35,48,37,70,41,39,2,0,2,3,0,0
OTU_200,0,0,0,0,0,0,1,1,0,2,0,0,0,0,0,0,0,0
OTU_240,0,0,0,0,0,0,100,179,367,23,24,43,87,179,240,183,10,34
OTU_207,0,0,0,0,0,0,0,1,0,6,7,4,0,0,0,0,0,0
OTU_298,0,1,53,21,1,47,97,114,138,147,184,49,41,130,48,113,19,86
OTU_410,6,3,5,9,53,20,6,5,0,1,1,0,16,4,5,19,6,5
OTU_247,0,0,0,0,0,0,0,0,1,0,0,0,0,0,0,0,0,0
OTU_314,1,0,1,0,1,0,298,155,233,41,56,42,51,134,81,53,110,183
OTU_230,0,0,0,0,0,0,1,0,0,1,1,1,0,0,0,0,0,0
OTU_219,0,1,0,0,0,0,0,0,0,0,1,0,1,0,0,0,0,0
OTU_231,181,178,56,134,254,85,54,30,151,40,54,56,21,15,25,30,31,40
OTU_239,0,0,0,0,0,0,0,0,0,0,0,0,0,1,0,0,0,0
OTU_717,3,1,1,2,1,4,0,1,0,0,0,0,143,18,48,12,29,133
OTU_581,0,0,41,1,7,0,0,2,18,0,0,1,168,31,164,84,485,324
OTU_246,0,0,0,0,0,0,0,0,1,1,0,0,0,0,0,0,0,0
OTU_343,0,0,0,0,0,0,1,0,0,423,436,451,0,29,43,0,0,10
OTU_224,0,0,0,0,0,0,1,0,0,0,2,0,0,0,0,0,0,0
OTU_404,9,0,1,0,0,0,24,27,61,24,35,26,176,242,72,329,240,121
OTU_265,0,0,0,0,0,0,0,0,0,0,1,0,0,0,0,0,4,2
OTU_373,115,35,3,21,73,56,49,33,3,56,36,71,1,12,5,2,5,3
OTU_562,0,0,0,0,0,0,22,2,104,0,1,7,174,142,117,243,268,283
OTU_283,0,0,0,0,0,0,1,0,1,2,7,2,0,0,0,0,0,0
OTU_286,0,0,0,0,0,0,10,3,3,9,3,31,1,1,2,0,0,2
OTU_370,0,4,0,0,0,0,1,1,1,1,4,0,1,0,1,8,6,7
OTU_317,16,13,17,8,30,2,34,64,20,511,420,196,2,8,6,1,1,0
OTU_569,0,12,0,0,0,12,4,3,1,9,5,17,29,0,2,0,2,1
OTU_217,0,0,0,0,0,0,1,0,0,0,0,0,0,0,0,0,0,0
OTU_261,66,118,335,91,207,176,22,22,59,35,41,16,4,33,32,39,29,19
OTU_241,1,0,1,2,0,0,234,100,89,154,174,206,12,114,125,90,30,9
OTU_270,0,0,0,1,11,0,0,0,0,0,0,0,8,2,0,44,0,2
OTU_412,0,0,0,0,0,0,0,0,0,3,0,0,329,182,480,261,9,66
OTU_237,1,0,0,0,0,0,46,22,29,333,250,452,11,137,10,2,1,24
OTU_292,0,0,0,0,0,0,0,0,50,0,0,29,10,28,436,530,55,174
OTU_268,68,82,143,98,431,25,12,1,25,0,1,1,0,9,2,0,0,1
OTU_457,0,4,0,0,0,0,1,0,0,1,1,7,0,0,0,0,0,0
OTU_376,1,0,0,0,0,0,0,0,5,0,0,0,280,106,113,178,305,285
OTU_273,0,0,0,0,0,0,0,0,0,0,3,0,0,0,0,0,0,0
OTU_380,0,0,0,0,0,0,0,0,0,0,0,0,32,148,833,232,9,8
OTU_289,0,3,6,1,18,27,14,11,15,5,8,24,63,26,33,91,272,104
OTU_295,1,0,0,0,0,0,143,51,60,94,108,191,95,66,76,55,200,82
OTU_344,0,0,1,0,0,0,0,0,1,0,0,0,0,0,0,0,0,0
OTU_335,30,35,39,34,90,53,22,39,46,27,34,23,3,27,25,23,42,16
OTU_263,0,0,1,0,0,0,2,1,2,1,3,1,35,26,2,1,42,7
OTU_267,0,0,0,0,0,0,0,0,0,0,0,0,148,215,443,303,69,52
OTU_253,0,0,0,0,1,0,333,180,89,108,134,173,79,11,19,55,4,27
OTU_272,0,0,0,1,1,0,126,94,109,77,151,102,36,106,119,39,66,188
OTU_282,0,0,0,0,0,0,3,1,5,4,1,3,3,0,0,0,0,0
OTU_264,2,1,2,0,0,0,0,0,1,0,0,7,16,4,2,3,6,19
OTU_312,0,3,0,0,0,3,1,3,2,2,2,5,0,0,1,0,0,2
OTU_446,150,170,224,219,100,100,27,24,25,15,23,25,0,38,15,1,2,14
OTU_234,0,0,0,9,0,0,0,0,0,0,3,0,0,0,0,0,0,0
OTU_425,186,157,196,190,124,202,12,37,35,14,7,11,1,0,0,0,0,0
OTU_497,151,213,145,119,150,132,8,13,22,35,41,18,47,20,5,16,12,15
OTU_467,0,1,1,0,0,0,64,37,359,7,0,10,41,305,221,103,2,10
OTU_306,5,0,1,1,4,87,159,155,163,98,53,92,69,64,44,71,32,49
OTU_304,0,0,0,0,0,0,0,2,1,4,4,0,0,0,0,0,0,0
OTU_402,0,0,0,0,0,0,131,147,459,2,0,0,6,276,51,37,1,21
OTU_385,7,7,26,2,3,1,24,17,37,13,12,30,48,216,200,66,199,218
OTU_324,0,0,0,0,0,0,0,3,0,0,1,0,0,0,0,0,0,0
OTU_642,0,1,0,0,0,0,8,2,5,4,2,6,37,0,0,0,0,0
OTU_505,0,0,0,0,0,0,0,0,0,0,0,0,18,345,627,126,1,0
OTU_300,1,2,0,87,0,0,0,1,0,0,0,0,0,0,0,0,0,0
OTU_360,0,2,0,0,0,69,6,10,6,8,4,22,0,0,0,0,7,1
OTU_278,0,0,0,0,0,0,0,7,7,2,0,14,0,0,0,0,0,1
OTU_745,0,1,0,0,0,0,5,10,8,19,14,9,1,0,4,1,0,1
OTU_355,0,0,0,1,0,0,42,16,20,39,26,32,0,0,0,0,0,0
OTU_551,0,0,0,0,0,0,1,0,14,0,1,0,214,147,49,137,133,380
OTU_291,0,0,0,0,0,0,0,1,5,0,1,0,415,49,46,101,244,213
OTU_303,0,0,0,0,0,0,5,3,6,9,4,5,0,0,0,0,0,0
OTU_561,40,8,9,17,10,55,43,13,21,23,8,22,8,11,13,45,81,240
OTU_244,0,0,0,0,0,0,0,0,0,0,0,0,0,0,0,0,0,0
OTU_386,0,0,0,0,0,0,0,0,0,0,0,0,0,0,0,0,0,0
OTU_301,0,0,0,0,0,0,0,2,1,1,2,1,0,0,0,0,0,0
OTU_302,0,0,0,0,0,0,0,0,0,0,0,0,76,195,59,418,74,223
OTU_277,12,4,0,5,15,22,213,123,96,149,197,106,2,39,14,26,0,12
OTU_294,30,19,13,9,54,60,126,133,80,165,166,163,4,3,5,5,0,0
OTU_879,0,1,1,2,2,1,13,2,2,16,23,3,18,2,3,2,189,4
OTU_348,14,1,3,0,25,3,1,0,0,0,0,0,9,5,6,0,7,6
OTU_307,0,1,1,0,159,0,89,32,59,32,32,18,3,20,28,73,119,160
OTU_499,0,0,0,0,0,0,158,34,185,2,0,9,19,21,123,116,166,149
OTU_318,0,0,0,0,0,0,27,0,7,1,0,0,37,35,9,9,12,9
OTU_454,0,0,0,0,0,0,1,2,0,1,2,2,0,0,1,0,0,0
OTU_395,0,0,0,0,0,1,3,1,1,3,0,1,0,0,0,0,0,0
OTU_500,13,5,6,3,5,2,52,31,250,52,83,20,84,68,82,89,78,37
OTU_299,0,0,0,0,0,0,0,0,0,0,0,0,88,8,6,58,557,235
OTU_325,0,1,0,0,1,0,2,0,1,0,1,2,14,0,2,1,1,0
OTU_1399,153,36,26,54,53,32,12,11,39,7,11,15,29,51,40,41,269,55
OTU_296,0,0,0,0,0,0,301,226,61,13,29,39,21,136,77,18,1,5
OTU_436,0,0,0,0,0,0,0,0,0,1,4,0,0,0,0,0,0,0
OTU_320,0,0,0,0,0,0,0,0,0,0,0,0,0,0,0,0,0,0
OTU_433,76,44,34,55,112,111,16,55,78,56,50,86,10,9,7,12,3,11
OTU_434,0,7,0,1,1,0,2,59,35,50,0,1,19,4,10,9,40,36
OTU_424,7,0,0,0,3,0,248,136,72,84,150,34,1,65,42,6,2,75
OTU_321,58,41,36,362,21,40,15,23,146,5,45,15,31,6,16,46,9,5
OTU_431,0,0,0,0,0,0,0,0,0,0,0,0,257,71,125,228,152,87
OTU_514,0,0,0,0,0,0,0,0,48,0,0,0,132,146,47,204,228,115
OTU_308,0,0,0,0,0,0,0,0,0,0,1,0,0,0,0,0,0,0
OTU_316,0,0,0,0,0,0,1,0,0,0,1,1,58,66,39,0,406,322
OTU_305,65,57,100,25,99,57,91,85,73,38,43,74,2,17,17,28,2,16
OTU_451,0,7,0,0,0,0,1,0,2,1,0,5,0,0,0,0,0,0
OTU_293,0,2,13,2,1,0,0,0,0,0,0,0,0,0,0,0,0,0
OTU_328,29,32,1,605,59,58,4,2,35,0,1,0,17,5,4,8,7,10
OTU_345,90,61,88,84,57,90,52,39,63,18,69,38,5,17,37,24,18,27
OTU_342,0,0,0,0,0,0,0,0,0,0,0,0,542,70,57,37,94,74
OTU_351,10,0,1,1,38,1,214,56,63,8,2,149,6,183,59,54,17,9
OTU_337,0,2,0,0,0,0,2,0,2,1,1,7,2,0,0,0,3,0
OTU_515,1,0,1,0,1,0,1,0,25,1,1,0,136,93,39,29,241,137
OTU_391,342,87,2,113,68,37,51,52,11,16,21,31,0,5,20,3,0,4
OTU_414,0,0,0,0,0,0,0,0,442,3,0,2,127,62,7,103,70,37
OTU_357,0,1,0,0,0,0,0,0,0,0,0,0,0,0,0,0,1,0
OTU_368,2,0,10,0,1,1,42,107,41,105,119,185,15,51,63,45,23,41
OTU_493,0,0,0,0,0,0,0,0,0,0,0,0,0,0,0,0,0,0
OTU_426,1,0,0,0,0,0,277,380,57,12,9,4,5,68,8,8,14,6
OTU_527,0,0,0,0,0,0,11,4,2,6,7,6,0,0,1,0,4,0
OTU_330,0,0,0,0,0,0,1,2,0,0,3,0,9,0,0,4,5,5
OTU_447,0,0,0,0,0,0,0,0,0,0,0,0,49,8,102,415,39,229
OTU_366,46,27,22,54,63,14,90,67,28,155,128,101,10,13,4,7,0,3
OTU_383,10,8,6,28,40,0,7,6,8,9,11,14,3,3,2,3,6,1
OTU_309,0,0,0,0,0,0,0,0,0,0,0,0,0,0,1,724,4,102
OTU_336,0,0,0,0,0,0,1,2,0,0,1,4,0,0,0,0,12,0
OTU_1018,0,1,0,0,0,0,9,2,3,5,4,7,0,0,2,0,1,5
OTU_374,0,0,0,1,0,0,17,6,7,0,2,2,88,186,37,105,116,196
OTU_334,0,0,0,0,0,0,0,0,2,0,0,0,2,471,197,127,0,22
OTU_622,0,0,0,0,0,0,10,2,7,6,0,1,92,100,110,151,191,149
OTU_845,0,0,0,0,0,0,2,0,0,0,0,0,1,0,0,0,0,1
OTU_389,23,6,10,5,1,2,12,45,43,28,19,25,16,144,109,161,44,119
OTU_353,0,0,0,0,0,0,4,0,0,0,0,0,0,0,0,0,0,0
OTU_641,55,17,21,72,79,36,8,7,14,5,2,2,118,35,52,97,102,87
OTU_323,120,120,133,81,80,53,5,23,4,28,24,12,0,21,18,16,10,48
OTU_416,0,1,0,0,3,0,0,1,19,7,0,0,0,0,0,0,0,0
OTU_532,0,0,0,0,0,1,7,7,8,4,6,11,0,0,0,0,0,2
OTU_469,2,0,11,2,9,2,0,4,1,5,1,1,106,21,21,15,26,27
OTU_341,51,30,54,25,10,40,74,96,80,33,66,48,12,53,49,35,2,29
OTU_439,0,0,0,0,0,0,6,3,4,6,6,7,0,0,0,0,0,0
OTU_432,0,0,0,0,0,0,0,0,0,0,0,0,0,0,0,0,0,0
OTU_631,0,0,0,0,0,0,31,23,92,12,17,9,9,35,204,59,110,185
OTU_502,0,4,0,0,0,0,1,0,2,6,3,3,0,0,2,6,1,1
OTU_437,0,0,0,0,0,0,1,0,0,0,0,0,9,0,0,1,1,0
OTU_619,24,29,25,14,70,2,90,84,67,61,35,39,27,55,23,37,48,46
OTU_333,0,0,0,0,0,0,0,0,0,0,0,0,161,22,31,9,122,430
OTU_1234,0,1,0,0,0,301,0,0,0,0,5,3,23,6,12,2,11,9
OTU_326,0,0,1,0,0,0,0,0,5,0,0,0,1,90,22,24,188,437
OTU_483,0,0,0,0,0,0,2,1,0,1,5,2,0,0,0,0,0,1
OTU_460,0,0,0,0,0,0,0,0,0,0,1,0,0,0,0,0,0,0
OTU_377,0,0,0,0,0,0,0,0,0,0,0,0,224,238,203,88,0,5
OTU_441,0,2,0,0,0,0,2,2,1,2,3,5,0,2,0,0,0,0
OTU_508,0,0,0,0,0,0,0,0,0,0,0,0,170,71,26,127,283,77
OTU_371,0,0,0,0,0,0,0,0,0,0,0,0,0,0,0,0,0,0
OTU_387,0,1,0,5,242,0,0,0,0,0,1,0,51,25,59,148,150,65
OTU_349,27,10,23,16,5,50,97,53,96,76,59,84,6,21,39,21,9,48
OTU_399,0,0,0,0,0,0,0,0,0,0,0,0,0,0,0,0,0,0
OTU_338,0,0,0,0,0,0,3,10,4,2,1,3,1,0,0,0,0,0
OTU_419,3,0,0,0,1,0,76,112,45,153,165,152,12,5,0,4,4,2
OTU_375,0,0,0,0,0,0,3,0,0,2,0,0,0,0,0,0,0,0
OTU_322,0,0,0,0,0,0,0,0,0,0,0,0,0,0,0,0,0,0
OTU_679,29,23,9,6,33,10,85,84,39,69,89,48,12,16,38,24,49,28
OTU_327,176,77,32,45,143,28,47,19,39,37,56,18,0,2,3,2,0,0
OTU_621,0,0,0,0,0,0,326,241,3,1,0,2,5,113,12,2,16,1
OTU_430,2,0,0,56,185,26,10,0,0,0,0,0,14,1,6,29,376,9
OTU_643,31,17,38,15,27,18,13,49,80,91,84,62,6,52,20,16,2,20
OTU_440,0,0,0,0,0,0,0,0,0,0,0,0,0,0,0,0,0,0
OTU_413,3,0,24,39,1,1,2,2,1,0,0,0,67,88,236,197,8,5
OTU_612,48,66,49,146,53,34,32,35,20,29,34,36,20,37,11,36,12,11
OTU_381,0,0,0,0,0,0,0,0,0,2,0,0,0,0,0,0,0,0
OTU_831,4,12,20,8,45,6,64,79,64,42,51,74,40,36,32,34,71,25
OTU_452,0,10,0,0,0,0,1,6,1,3,5,2,0,0,10,5,0,3
OTU_979,24,14,16,17,34,8,45,82,62,108,135,147,2,3,3,0,4,1
OTU_546,46,17,71,22,48,12,77,88,63,96,67,66,4,11,1,7,0,8
OTU_1195,6,6,2,0,31,0,60,37,64,60,96,54,63,55,30,27,62,45
OTU_358,0,0,0,0,0,0,80,140,80,153,130,78,8,6,2,12,0,9
OTU_346,0,0,0,0,0,0,1,0,0,0,0,0,0,0,0,0,0,0
OTU_363,0,0,0,0,0,0,58,40,190,9,7,11,231,0,0,126,20,0
OTU_543,0,0,0,0,0,0,7,9,2,8,8,4,0,2,0,5,0,0
OTU_379,31,14,18,43,7,48,10,50,36,100,132,95,2,36,24,16,0,31
OTU_403,0,0,0,0,0,0,0,0,60,0,0,1,251,89,182,48,19,43
OTU_369,0,0,0,0,0,0,0,0,0,0,0,0,0,0,0,0,0,0
OTU_408,0,4,0,0,0,0,4,0,0,9,2,0,0,1,1,1,1,0
OTU_761,34,18,79,21,39,2,19,43,35,36,53,83,43,26,16,13,84,47
OTU_614,6,4,8,3,2,1,8,2,1,4,1,10,1,28,1,2,5,3
OTU_362,0,0,0,0,0,0,0,0,0,0,0,0,0,0,0,0,0,0
OTU_601,22,25,50,45,52,22,35,59,49,62,55,66,4,23,51,19,10,25
OTU_582,100,109,116,100,22,159,2,5,28,13,11,0,0,5,0,0,0,3
OTU_1781,0,0,0,0,0,0,0,0,0,0,0,0,45,0,8,103,406,108
OTU_841,0,1,0,0,0,11,1,9,4,11,11,8,0,0,5,5,0,0
OTU_736,0,5,0,0,0,0,0,0,0,0,0,0,92,93,76,15,26,26
OTU_364,0,0,0,0,0,0,0,0,0,1,0,0,0,0,0,0,0,0
OTU_339,0,0,0,0,0,0,1,0,0,0,0,0,0,0,0,0,0,0
OTU_394,0,2,0,0,1,1,0,0,1,2,0,2,1,0,2,0,0,0
OTU_1358,0,0,0,0,0,0,8,3,4,7,6,7,1,3,5,2,4,11
OTU_529,0,0,0,0,0,0,1,0,3,4,2,2,0,1,2,4,0,0
OTU_354,0,0,0,0,0,0,61,36,109,7,17,9,29,26,77,55,113,113
OTU_407,0,0,0,0,0,0,1,1,0,0,0,0,15,3,2,0,0,1
OTU_400,103,171,58,133,85,90,0,0,0,0,0,0,0,0,0,0,0,0
OTU_530,0,0,0,0,1,0,9,9,47,2,8,4,110,19,28,309,58,20
OTU_484,0,0,0,0,0,1,0,1,0,0,0,0,14,1,0,1,0,3
OTU_405,65,19,0,1,0,57,97,81,75,51,71,71,1,10,34,2,0,1
OTU_580,0,4,3,0,4,0,111,38,37,34,54,31,24,103,67,52,50,23
OTU_675,0,0,0,0,0,0,1,1,1,0,0,1,184,60,55,50,71,90
OTU_418,0,0,5,2,0,1,0,0,0,2,0,0,0,0,0,0,0,0
OTU_378,0,0,0,0,0,0,1,1,0,0,5,0,131,7,175,88,63,149
OTU_593,0,0,0,0,1,0,2,2,30,2,3,2,120,8,25,136,76,213
OTU_409,0,1,0,0,0,0,3,7,5,2,2,1,9,0,0,1,1,2
OTU_481,0,0,0,0,0,0,0,0,0,0,0,0,0,0,0,0,0,0
OTU_445,0,0,0,0,0,0,5,1,0,0,0,0,0,0,0,0,0,0
OTU_528,0,0,0,0,0,0,3,6,4,3,5,5,0,0,0,0,0,0
OTU_557,0,0,0,0,0,0,90,43,4,111,105,79,58,25,15,39,36,14
OTU_691,32,68,46,129,37,302,0,1,0,0,1,0,0,0,0,0,0,0
OTU_1101,0,1,0,0,0,0,21,16,118,6,8,5,88,17,29,73,31,199
OTU_563,0,0,0,0,0,0,9,0,1,1,1,0,1,2,0,0,0,0
OTU_465,0,14,0,0,0,0,7,20,4,10,1,11,11,9,0,0,0,1
OTU_555,111,78,109,94,41,106,7,9,0,19,10,8,0,5,3,3,0,4
OTU_435,0,0,0,0,0,0,102,27,26,0,0,16,8,2,3,1,20,0
OTU_840,0,0,0,0,0,0,3,0,1,4,2,4,174,35,246,57,15,9
OTU_397,0,0,0,0,0,0,9,10,174,51,52,10,0,16,146,19,19,94
OTU_876,5,6,3,0,6,0,7,17,17,15,13,13,82,78,57,65,106,101
OTU_428,6,0,2,0,14,3,24,22,6,133,152,200,12,1,1,2,7,3
OTU_382,0,0,0,0,0,0,0,0,0,0,1,0,0,0,0,0,0,0
OTU_624,0,0,0,0,0,0,0,0,0,0,0,0,0,114,212,252,0,6
OTU_506,33,6,15,15,15,84,56,42,39,50,43,44,8,64,11,19,6,26
OTU_390,0,0,0,0,0,0,1,0,0,0,0,0,7,11,2,2,3,8
OTU_1853,12,1,0,0,1,19,44,32,133,86,138,29,6,13,11,25,8,3
OTU_415,253,76,16,31,132,48,1,0,0,2,0,0,0,0,0,0,0,0
OTU_427,0,0,0,0,0,0,0,0,0,0,0,0,555,0,0,0,0,0
OTU_477,0,0,0,0,0,0,2,2,2,2,0,9,0,0,0,0,0,0
OTU_665,19,6,2,26,3,0,41,30,20,3,19,9,84,4,36,72,106,70
OTU_421,0,0,0,0,0,0,0,0,0,0,2,0,0,0,0,0,0,0
OTU_674,1,0,0,0,0,0,0,4,0,0,0,0,54,53,61,72,164,140
OTU_603,0,0,0,0,0,0,6,2,1,0,0,0,0,2,0,1,1,0
OTU_420,0,0,0,0,0,0,0,0,0,1,0,0,25,10,5,5,6,5
OTU_401,0,0,1,1,4,2,2,0,0,1,6,2,0,0,0,0,2,0
OTU_590,0,0,0,0,0,0,0,0,0,0,0,1,108,152,52,136,73,22
OTU_461,1,0,20,0,0,0,3,7,49,0,0,0,9,14,65,200,137,36
OTU_618,0,0,0,0,0,0,2,0,143,0,0,0,60,71,115,63,49,39
OTU_556,0,0,0,0,0,0,1,0,0,0,0,3,261,4,24,86,110,51
OTU_459,0,3,0,0,0,0,7,1,1,4,6,4,1,1,0,1,0,1
OTU_488,0,1,0,0,1,0,2,0,0,1,1,2,0,0,0,0,0,0
OTU_485,0,0,1,0,1,0,144,46,23,22,17,27,137,12,18,7,32,46
OTU_587,0,7,0,0,0,0,6,4,0,1,2,1,0,0,0,0,0,1
OTU_888,0,0,0,0,0,0,0,0,0,0,0,0,61,87,180,126,15,54
OTU_535,0,0,0,1,0,1,4,6,1,3,1,4,1,6,5,7,7,8
OTU_423,0,0,0,0,0,0,0,0,0,0,0,0,6,41,371,49,1,54
OTU_417,117,59,9,29,94,147,8,17,5,17,8,11,0,0,0,0,0,0
OTU_760,5,2,4,0,4,1,1,0,0,0,5,2,36,34,29,58,258,78
OTU_429,0,0,0,0,0,0,1,1,0,3,1,0,0,0,0,0,0,0
OTU_541,89,51,25,23,130,4,13,27,18,24,15,36,7,26,8,13,5,4
OTU_606,2,0,0,2,1,4,0,3,4,6,3,10,6,0,3,1,0,3
OTU_489,0,0,0,0,0,0,0,1,0,1,2,1,0,0,0,0,0,0
OTU_576,0,0,0,0,0,0,1,1,2,1,2,25,20,46,14,19,30,15
OTU_858,1,0,0,184,22,4,1,6,22,21,17,20,1,1,0,1,18,5
OTU_462,0,0,0,0,0,0,2,0,0,1,1,1,0,0,0,0,0,0
OTU_411,0,0,0,0,0,0,1,0,0,1,0,2,0,0,0,0,0,0
OTU_492,0,0,0,0,0,0,1,5,3,0,8,6,0,0,0,0,0,0
OTU_915,33,43,23,10,32,39,26,31,39,13,38,16,95,5,9,11,19,14
OTU_449,0,0,0,0,0,0,0,0,0,4,0,0,0,0,0,0,0,0
OTU_552,48,55,39,36,91,53,27,33,34,9,29,19,0,2,1,3,5,5
OTU_458,2,7,1,0,4,0,102,83,8,122,78,57,2,13,1,4,2,0
OTU_479,0,0,0,0,0,0,0,0,0,0,0,2,0,0,0,0,0,0
OTU_456,0,0,1,0,0,0,1,0,2,2,0,2,0,0,0,0,0,0
OTU_570,0,0,0,0,0,0,0,0,0,0,0,0,288,32,58,72,25,11
OTU_516,0,3,0,0,0,0,3,0,1,0,3,1,0,0,1,0,0,1
OTU_545,0,0,0,0,0,0,0,0,0,1,0,0,67,65,36,98,78,138
OTU_602,0,0,0,0,1,0,1,1,1,4,1,7,17,0,2,0,0,0
OTU_475,0,0,0,0,0,1,46,20,21,112,150,56,13,19,16,18,4,2
OTU_755,0,2,0,0,0,0,7,1,2,1,3,9,0,1,0,0,0,0
OTU_594,0,1,1,0,1,50,0,0,2,1,1,4,26,6,16,65,150,152
OTU_442,0,0,0,0,0,0,2,0,0,0,1,0,0,0,0,0,0,0
OTU_699,21,63,35,34,78,115,4,2,2,6,2,0,0,0,0,1,0,0
OTU_503,56,91,51,35,59,37,3,20,35,7,6,10,2,12,8,23,2,14
OTU_1276,0,0,0,0,0,0,0,1,0,0,0,0,32,62,253,109,2,11
OTU_573,0,0,0,0,0,0,0,0,0,0,0,0,18,0,5,1,1,4
OTU_464,52,29,44,56,76,14,14,28,28,16,50,24,2,10,3,4,4,8
OTU_615,0,0,0,0,0,0,7,5,5,9,4,5,0,0,0,0,0,1
OTU_443,1,27,15,21,33,0,28,46,37,30,48,50,1,25,31,49,1,24
OTU_438,38,20,0,179,152,3,23,0,10,0,0,1,7,9,1,4,20,0
OTU_821,0,0,0,0,0,0,5,3,6,3,5,4,0,1,3,5,1,1
OTU_476,1,0,0,0,0,0,2,0,4,0,0,0,18,37,323,7,4,63
OTU_1218,0,0,0,0,0,0,0,0,59,0,0,0,1,328,51,10,0,8
OTU_613,0,1,0,0,0,0,9,1,2,6,9,6,0,0,0,0,0,0
OTU_526,0,1,0,0,0,0,5,2,3,4,3,6,0,1,0,0,0,0
OTU_846,26,0,1,74,7,1,4,2,1,28,7,4,16,7,4,21,177,57
OTU_444,0,0,0,0,0,0,0,0,0,0,1,0,0,0,0,0,0,0
OTU_652,0,0,0,0,10,0,0,0,0,0,0,0,122,44,33,43,139,60
OTU_482,0,0,0,0,0,0,0,1,0,0,0,0,0,0,0,0,0,0
OTU_662,0,0,0,0,0,0,2,5,2,1,3,3,0,1,0,0,0,0
OTU_486,0,0,0,0,0,0,0,0,0,0,0,0,43,5,355,37,6,1
OTU_629,0,0,0,0,0,0,2,1,2,1,2,1,0,0,0,2,0,0
OTU_521,27,135,0,0,1,3,55,9,81,0,0,0,0,0,0,0,0,0
OTU_560,7,0,0,0,0,0,19,24,83,21,18,44,7,115,24,62,10,11
OTU_653,0,0,0,0,0,0,0,0,0,0,0,0,82,50,128,113,24,46
OTU_742,0,0,180,0,2,2,0,0,15,0,0,0,2,6,52,18,16,52
OTU_1351,29,64,14,19,100,7,22,20,20,6,28,21,2,36,31,8,7,7
OTU_406,0,0,0,0,0,0,0,0,1,0,1,0,0,0,0,0,0,0
OTU_472,0,0,0,0,0,0,0,0,0,0,0,0,0,0,0,0,0,0
OTU_549,0,0,0,0,0,0,0,0,0,0,0,0,112,0,0,0,299,25
OTU_813,1,0,0,1,0,0,24,13,54,79,83,8,7,40,21,28,21,56
OTU_524,0,0,0,0,0,0,0,0,0,0,0,0,434,0,0,0,0,0
OTU_540,0,0,0,0,0,0,0,0,0,2,5,0,38,34,55,41,134,123
OTU_466,0,0,0,0,0,0,0,1,0,0,0,0,0,0,0,0,0,1
OTU_790,0,0,0,0,0,0,0,0,0,0,0,0,0,0,0,0,0,0
OTU_490,0,0,0,0,0,0,0,0,0,0,0,0,73,0,18,13,223,98
OTU_828,1,1,2,0,111,173,0,0,0,0,0,1,0,0,1,0,0,0
OTU_463,0,0,0,0,0,0,25,26,1,67,93,141,0,35,30,1,0,3
OTU_520,0,0,0,0,0,0,0,0,0,0,0,0,220,0,71,90,0,39
OTU_531,0,0,0,0,0,0,32,8,64,4,6,0,15,73,73,41,43,49
OTU_1140,0,0,0,0,0,0,0,0,0,0,0,0,79,34,23,53,126,104
OTU_598,0,0,0,0,0,0,2,0,0,2,0,0,50,17,9,6,9,13
OTU_756,29,30,27,22,43,53,16,31,13,46,36,33,6,10,3,5,9,3
OTU_525,2,0,5,4,7,7,23,50,69,53,79,63,11,6,7,5,3,16
OTU_487,0,0,0,0,0,0,0,0,0,0,0,0,3,0,1,1,6,1
OTU_697,0,0,0,0,3,0,48,27,20,25,9,148,17,4,1,16,69,20
OTU_591,0,0,0,0,0,6,3,0,0,2,4,3,1,0,0,0,0,0
OTU_519,0,0,41,0,0,1,0,0,0,0,0,0,144,45,7,54,77,36
OTU_634,0,0,0,0,0,0,0,0,0,0,0,0,309,0,18,56,22,0
OTU_534,0,42,8,237,21,21,0,1,12,4,19,8,0,3,6,4,16,1
OTU_553,0,30,0,0,0,0,1,0,0,0,0,0,0,0,0,0,0,0
OTU_647,0,0,0,0,0,0,1,2,2,5,0,1,0,0,0,0,0,0
OTU_650,0,0,0,0,0,0,0,0,0,4,0,0,0,0,0,0,0,0
OTU_474,27,0,0,1,10,0,78,89,47,70,55,19,0,0,4,1,0,0
OTU_757,0,27,0,0,1,369,0,0,0,0,0,0,0,0,0,0,0,0
OTU_470,0,0,0,0,0,0,5,3,1,2,4,5,0,0,0,0,0,0
OTU_471,0,0,0,0,0,0,0,0,0,0,0,0,0,0,0,0,0,0
OTU_783,20,6,20,6,12,15,8,2,41,13,1,2,28,30,11,25,109,33
OTU_448,0,0,0,0,0,0,0,0,0,0,0,0,0,0,0,0,0,0
OTU_498,0,0,0,0,0,0,0,2,0,0,2,4,0,0,0,0,0,0
OTU_604,0,0,0,0,0,0,0,0,0,0,0,0,11,0,2,6,57,7
OTU_637,0,0,0,0,0,0,1,1,2,0,3,2,0,0,0,0,0,0
OTU_583,10,3,13,9,26,34,46,49,66,25,46,46,1,7,6,1,3,2
OTU_678,0,0,0,0,0,0,8,0,0,4,3,2,0,1,0,1,2,2
OTU_748,0,0,0,0,0,0,1,0,2,1,3,1,38,1,10,3,11,11
OTU_1169,1,2,0,0,2,0,0,2,2,4,1,1,42,8,15,50,183,69
OTU_659,0,0,0,0,0,0,1,1,1,1,1,1,31,30,14,13,34,27
OTU_522,0,0,8,1,4,0,0,0,0,0,0,0,0,0,0,0,0,0
OTU_611,0,1,1,0,0,0,0,0,1,0,0,2,28,18,17,53,186,79
OTU_844,0,0,0,0,0,0,0,0,6,0,0,0,130,56,94,54,24,21
OTU_518,0,0,0,0,0,0,0,0,0,1,0,0,8,1,0,5,0,1
OTU_694,0,0,0,0,0,1,10,3,5,107,163,31,0,1,0,1,56,6
OTU_504,0,0,0,0,0,0,0,0,0,0,0,0,10,12,196,35,54,76
OTU_718,0,0,0,0,0,0,2,0,2,4,4,4,0,0,0,0,0,0
OTU_494,0,0,0,0,0,0,110,67,18,41,52,45,20,0,0,2,18,3
OTU_687,0,0,0,0,0,0,1,2,0,0,0,0,216,0,2,24,129,6
OTU_1200,2,1,0,1,1,0,8,2,118,15,21,6,46,20,14,23,56,42
OTU_509,0,0,0,0,0,0,0,2,1,1,0,4,0,0,4,2,2,0
OTU_571,109,43,16,26,39,96,0,8,6,2,0,14,4,0,0,1,8,3
OTU_537,0,0,0,0,0,0,8,0,0,0,0,0,0,0,0,0,0,0
OTU_547,182,11,11,16,58,92,0,2,0,0,0,0,0,0,0,0,0,0
OTU_620,0,0,0,0,0,0,2,0,0,0,0,7,0,0,3,6,4,3
OTU_894,11,13,37,17,5,5,10,12,19,0,10,9,35,39,28,86,23,12
OTU_735,0,0,0,80,0,138,3,2,4,5,5,8,0,0,0,0,0,0
OTU_729,0,0,0,1,0,0,0,0,0,0,0,0,107,57,26,40,89,46
OTU_772,0,3,0,0,0,0,1,0,0,3,4,4,0,0,0,0,0,0
OTU_495,0,0,0,0,0,0,38,99,15,52,25,132,0,0,0,0,0,1
OTU_860,0,1,0,0,1,2,11,2,4,5,4,0,0,6,1,0,0,0
OTU_814,3,2,6,0,14,0,42,34,37,57,91,43,1,8,7,9,0,5
OTU_645,2,1,1,0,2,37,11,12,139,42,51,23,0,14,11,0,0,0
OTU_523,0,0,0,0,0,0,4,0,19,2,2,16,69,5,85,8,39,105
OTU_725,0,0,0,0,1,0,0,0,0,0,0,0,6,0,0,0,2,0
OTU_784,37,60,19,23,29,24,23,19,1,5,1,20,0,28,4,28,0,25
OTU_1283,0,0,0,0,0,0,8,2,0,0,2,3,0,0,0,0,0,0
OTU_711,0,0,0,0,0,0,0,0,0,0,0,0,48,17,3,29,232,24
OTU_473,0,0,0,0,0,0,0,0,0,0,0,0,0,0,0,0,0,0
OTU_722,0,0,0,0,0,0,0,1,1,5,0,0,57,57,23,35,116,55
OTU_700,1,1,1,0,1,1,40,25,46,41,53,26,32,17,1,4,4,4
OTU_510,14,1,28,5,96,24,10,78,13,15,15,40,4,0,0,0,0,1
OTU_554,3,0,1,0,1,0,78,94,50,22,18,24,5,13,9,20,5,1
OTU_912,0,0,0,0,0,0,0,0,0,0,0,0,133,5,1,2,64,135
OTU_661,5,0,2,1,2,2,1,0,2,2,1,0,0,0,0,0,0,0
OTU_1068,58,13,53,25,32,27,23,11,14,14,22,9,23,0,4,2,0,7
OTU_1094,25,18,38,11,1,0,3,25,40,37,61,24,9,14,11,11,0,8
OTU_626,2,0,0,0,0,0,0,3,1,0,1,0,0,0,0,1,1,1
OTU_491,0,0,0,0,0,0,1,0,0,0,1,0,0,0,0,0,0,0
OTU_496,0,0,0,0,0,0,0,0,0,0,0,0,0,0,0,0,0,0
OTU_708,0,0,0,0,0,0,8,3,3,1,8,9,1,2,0,2,7,7
OTU_1028,68,59,25,34,42,68,2,8,2,3,4,16,0,0,0,0,0,0
OTU_610,0,0,0,0,0,0,0,4,95,0,0,0,2,207,19,3,0,0
OTU_716,15,21,35,33,31,1,18,26,19,22,37,26,3,11,6,1,17,8
OTU_565,0,0,0,0,0,0,47,131,42,45,35,27,0,0,2,0,0,0
OTU_539,0,0,0,0,0,0,0,0,0,0,0,0,0,0,0,328,0,0
OTU_822,0,0,0,0,0,1,4,5,2,0,2,4,0,0,0,0,0,0
OTU_558,0,0,0,0,1,0,0,0,147,6,5,5,7,18,13,56,15,53
OTU_564,0,0,0,0,0,0,0,0,0,0,1,1,127,8,122,24,25,14
OTU_589,0,0,0,0,0,0,4,1,1,0,3,4,0,0,0,0,0,0
OTU_638,1,3,6,0,2,2,56,33,22,60,31,56,8,12,17,10,1,4
OTU_837,0,0,0,0,0,0,0,0,0,1,0,0,5,0,0,0,2,0
OTU_550,0,0,0,0,0,0,0,0,2,0,0,0,0,0,0,0,0,0
OTU_632,0,0,0,0,0,0,1,0,0,0,0,0,0,1,0,0,2,0
OTU_646,0,0,0,0,0,0,9,0,1,1,1,5,0,0,0,0,0,0
OTU_536,0,0,0,0,0,0,46,76,5,23,26,92,19,12,3,1,5,10
OTU_586,0,0,0,0,0,0,0,0,0,0,0,0,0,0,248,45,5,19
OTU_544,0,1,0,1,1,0,0,0,1,0,0,0,0,0,3,1,7,8
OTU_596,0,0,0,0,0,0,0,0,0,0,0,0,0,0,0,0,0,0
OTU_640,0,0,0,0,0,0,3,0,1,4,2,0,0,0,0,0,0,0
OTU_842,0,1,0,0,0,0,2,4,1,1,2,2,4,6,1,0,2,6
OTU_1114,14,2,9,0,18,0,1,2,0,0,0,0,19,5,8,12,22,21
OTU_765,4,5,36,18,34,5,2,3,4,11,1,4,0,10,4,3,0,1
OTU_928,138,0,22,0,44,12,2,0,1,2,2,1,7,0,1,52,1,5
OTU_627,0,0,0,0,0,0,0,0,0,0,0,0,0,0,0,1,0,0
OTU_701,0,0,0,0,0,0,0,0,16,0,0,0,22,79,91,61,14,22
OTU_595,0,1,0,0,0,0,0,3,1,2,0,6,1,0,0,0,1,0
OTU_902,0,0,0,0,0,0,1,0,0,0,0,0,33,118,12,19,83,37
OTU_607,0,0,0,0,0,0,125,135,4,11,20,5,0,0,0,0,2,0
OTU_617,0,0,0,0,0,0,0,0,0,0,0,0,10,9,7,7,8,7
OTU_567,0,0,0,0,0,0,0,0,0,0,0,0,53,0,7,0,239,0
OTU_871,0,0,0,0,0,0,0,0,0,1,0,0,0,0,0,0,0,0
OTU_584,0,0,0,0,0,0,0,0,0,0,0,0,0,0,0,0,0,2
OTU_682,0,1,0,0,0,0,3,0,40,5,5,5,0,0,0,0,0,0
OTU_710,1,0,0,2,0,0,47,22,18,43,60,49,9,9,7,16,4,10
OTU_608,0,0,0,0,0,0,0,0,0,0,0,0,36,15,24,27,126,67
OTU_958,0,0,0,0,0,0,5,18,9,9,12,17,35,13,19,47,75,34
OTU_683,0,0,0,0,0,0,0,0,0,0,0,0,153,4,0,2,126,6
OTU_751,0,0,0,0,1,0,0,1,9,0,0,0,40,52,18,64,56,50
OTU_1078,0,0,0,0,0,0,0,0,0,0,0,0,46,12,135,81,1,15
OTU_677,0,0,0,0,0,0,0,0,0,0,0,0,137,11,7,127,5,3
OTU_834,0,1,0,0,0,0,0,0,0,0,0,0,44,18,4,35,119,69
OTU_657,0,0,0,0,0,0,0,0,0,0,0,0,0,0,0,0,0,0
OTU_688,0,0,0,0,0,0,0,0,0,0,0,0,14,1,3,0,195,74
OTU_941,0,0,0,0,0,49,0,0,0,0,0,0,46,24,9,23,21,14
OTU_559,14,30,20,18,35,2,24,18,21,26,29,16,8,6,7,7,0,4
OTU_655,0,0,0,0,0,0,0,0,0,4,0,0,0,0,0,0,0,0
OTU_780,13,1,3,0,7,0,47,21,19,3,3,26,20,8,19,21,51,22
OTU_635,0,0,0,0,0,0,30,36,20,34,34,63,6,21,20,9,4,7
OTU_1110,0,2,0,0,0,5,2,2,2,2,4,7,0,0,3,1,2,0
OTU_720,0,0,0,0,0,0,0,0,0,0,0,0,133,13,49,26,3,59
OTU_695,0,0,6,0,0,0,9,8,1,8,9,8,8,10,8,16,7,29
OTU_715,0,0,0,0,0,0,2,0,1,2,1,2,0,0,0,1,0,0
OTU_863,0,0,0,0,0,0,0,0,0,0,0,0,30,34,36,78,80,24
OTU_1512,0,0,0,0,0,0,1,1,0,0,1,0,6,10,3,5,32,12
OTU_1520,0,1,0,0,0,0,9,4,4,3,6,2,0,0,2,0,1,1
OTU_568,0,1,0,0,0,0,0,0,0,0,0,0,0,0,0,0,0,0
OTU_727,0,0,0,0,0,0,0,0,0,0,1,0,0,0,0,0,0,0
OTU_752,0,1,0,0,0,0,0,1,0,8,2,8,0,0,0,0,7,0
OTU_769,18,21,3,44,150,22,0,2,0,13,1,0,0,0,0,0,4,0
OTU_1256,5,17,7,1,1,0,16,3,7,62,33,54,9,18,14,13,3,12
OTU_957,0,0,0,0,0,0,0,0,0,0,0,0,0,0,0,0,0,0
OTU_1006,0,0,0,0,0,0,5,4,1,5,5,3,2,0,0,0,0,0
OTU_686,0,0,0,0,0,0,0,0,0,0,0,0,46,1,2,9,151,65
OTU_669,0,0,0,0,0,0,0,0,0,0,0,0,0,0,0,0,0,0
OTU_868,0,0,0,0,244,1,0,0,0,0,0,0,7,4,2,2,0,11
OTU_1242,0,0,0,0,3,0,1,0,37,0,0,0,64,34,32,46,41,12
OTU_1467,0,0,0,0,0,0,0,1,0,0,0,0,56,14,6,8,21,10
OTU_574,0,0,0,0,0,0,0,0,0,0,0,0,24,27,32,68,63,55
OTU_609,0,0,0,0,0,0,0,0,0,0,0,0,0,0,0,1,0,0
OTU_664,0,0,0,0,0,0,0,0,0,0,0,0,34,0,7,6,3,219
OTU_799,8,17,22,5,70,1,6,5,3,31,28,8,0,10,21,29,0,5
OTU_538,0,1,0,0,0,0,0,0,0,0,0,0,0,0,0,0,0,0
OTU_656,0,1,0,0,1,0,0,0,0,0,0,0,73,0,77,50,12,43
OTU_778,0,0,0,0,0,0,0,0,0,0,0,0,0,0,0,0,0,0
OTU_588,0,0,0,0,0,0,0,0,0,0,0,0,0,0,0,0,0,0
OTU_625,33,6,28,30,33,47,23,14,9,8,16,11,0,3,1,1,0,0
OTU_663,0,0,0,0,0,0,0,0,0,0,0,0,8,4,23,16,10,202
OTU_1001,0,0,0,0,0,1,0,0,0,0,0,0,19,96,106,12,2,24
OTU_1117,25,5,5,7,2,3,20,17,30,17,41,10,2,8,3,26,6,12
OTU_667,0,0,0,114,0,0,0,0,0,0,1,1,2,1,3,3,0,10
OTU_988,1,22,1,19,2,1,3,7,5,4,17,13,75,22,49,9,7,2
OTU_1412,0,0,0,0,0,0,0,0,0,0,0,0,135,4,1,3,93,23
OTU_636,0,0,0,0,0,0,11,1,2,9,5,5,0,0,0,0,0,1
OTU_953,36,18,2,23,11,0,43,28,7,41,11,30,0,4,1,1,1,1
OTU_633,0,0,0,0,0,0,0,0,6,0,0,0,127,8,9,16,62,29
OTU_1120,2,5,1,17,28,2,4,6,37,0,3,16,36,3,3,30,52,7
OTU_660,0,0,0,0,0,0,0,0,2,0,0,0,84,3,2,80,67,13
OTU_1087,0,0,0,0,0,0,2,3,1,6,6,2,8,0,2,0,2,0
OTU_690,14,0,0,0,0,0,12,48,51,39,48,37,0,0,0,1,0,0
OTU_802,0,0,0,0,0,0,0,0,0,1,0,0,84,3,14,4,44,33
OTU_908,0,0,1,66,1,0,2,2,0,1,1,0,24,5,8,8,7,15
OTU_597,0,2,0,0,0,0,0,0,0,0,0,0,0,0,0,0,0,0
OTU_1057,0,0,0,0,0,0,0,0,0,0,0,0,0,0,0,0,0,0
OTU_850,0,0,0,0,0,0,0,0,0,0,0,1,0,0,0,0,0,0
OTU_947,0,0,0,0,0,0,0,0,0,0,0,0,22,85,84,50,2,3
OTU_774,0,0,0,0,0,0,1,0,0,1,1,1,0,0,0,0,0,0
OTU_1586,1,4,2,0,4,0,7,4,12,8,4,27,48,21,31,21,31,18
OTU_616,0,0,0,10,0,139,1,2,0,18,44,1,1,14,5,0,0,9
OTU_1037,0,0,0,0,0,0,0,0,12,0,0,1,9,204,13,1,2,0
OTU_681,0,0,0,0,0,0,0,0,0,0,1,0,0,0,0,0,0,0
OTU_744,3,20,3,25,27,27,13,24,4,31,24,11,4,9,3,6,5,2
OTU_600,0,0,0,0,0,0,0,1,0,0,0,0,0,0,0,0,0,0
OTU_818,0,0,1,0,0,0,0,0,0,0,3,3,1,0,0,0,4,4
OTU_884,0,0,0,0,0,0,0,1,0,0,0,4,54,14,23,42,71,31
OTU_919,0,0,0,2,4,0,0,0,1,4,0,1,0,5,1,0,6,0
OTU_973,0,0,0,0,0,0,0,0,0,0,0,0,21,0,3,0,210,6
OTU_1106,12,3,4,7,0,1,30,17,7,21,19,11,12,9,13,28,27,16
OTU_1147,20,21,7,3,6,6,4,5,16,7,73,12,8,10,11,6,18,3
OTU_654,0,0,0,0,0,0,0,0,0,0,0,0,0,0,0,0,0,0
OTU_672,0,0,1,0,88,0,0,0,0,0,1,1,0,0,4,35,50,56
OTU_898,11,8,52,42,38,26,5,6,18,2,0,9,3,7,1,1,2,2
OTU_775,0,0,0,0,0,0,0,0,0,0,0,0,117,2,84,18,11,0
OTU_740,3,0,0,0,0,1,26,39,43,7,30,7,20,10,28,12,4,1
OTU_867,0,0,0,0,0,0,0,0,0,0,0,0,0,0,0,0,0,0
OTU_639,124,24,21,56,0,1,0,0,0,0,0,0,0,3,0,0,0,0
OTU_680,0,0,0,0,0,0,0,0,0,0,0,0,0,0,3,0,0,0
OTU_721,0,0,0,0,0,0,0,0,0,0,0,0,15,171,0,3,12,28
OTU_852,0,0,0,0,0,0,0,0,0,0,0,0,152,26,11,10,19,11
OTU_1178,0,0,0,0,0,0,1,0,0,0,0,0,0,0,0,0,0,0
OTU_628,0,0,20,0,0,1,0,0,0,0,0,0,0,0,0,0,0,0
OTU_865,0,0,0,0,0,0,0,0,15,0,0,0,26,67,51,45,4,18
OTU_684,0,0,0,0,0,0,0,0,179,1,0,1,0,42,0,0,0,0
OTU_1004,0,0,0,31,0,0,0,0,0,0,1,0,3,0,3,2,6,3
OTU_671,1,51,14,7,12,10,6,13,37,19,22,20,0,4,6,0,1,1
OTU_739,0,0,0,0,0,0,2,0,1,1,1,2,1,0,1,0,0,0
OTU_719,0,0,0,0,0,0,24,4,2,1,5,73,16,27,1,59,5,6
OTU_781,0,0,0,0,0,0,1,0,0,1,1,0,1,0,0,0,0,0
OTU_1274,0,0,0,0,0,0,0,0,0,0,0,0,0,15,40,116,0,51
OTU_903,31,40,29,18,65,11,6,3,2,4,0,10,0,1,0,0,0,0
OTU_1022,1,0,0,0,0,0,0,0,4,0,0,0,43,4,21,49,88,9
OTU_724,0,0,0,0,0,0,0,0,0,2,0,0,0,0,0,1,0,1
OTU_713,0,0,6,0,6,0,29,28,7,23,36,15,1,39,16,6,2,3
OTU_890,15,22,8,1,9,21,17,3,17,15,16,14,13,5,5,7,17,9
OTU_1084,0,0,0,0,0,0,3,3,2,3,3,15,0,0,0,0,0,0
OTU_709,0,0,0,0,0,0,0,0,0,0,0,0,0,0,0,0,0,0
OTU_904,0,0,1,0,2,214,0,0,0,0,0,0,0,0,0,0,0,0
OTU_1010,0,0,0,0,0,0,0,0,0,0,0,0,15,0,12,17,41,131
OTU_1015,2,3,2,0,6,0,23,20,35,2,4,5,24,14,1,14,26,35
OTU_1063,0,3,0,0,1,0,4,6,9,15,9,12,0,5,1,9,0,4
OTU_670,0,2,0,2,0,2,2,4,3,1,2,1,1,2,0,1,1,0
OTU_948,0,0,0,0,0,0,0,0,0,0,0,0,29,12,4,21,53,96
OTU_649,0,0,0,0,0,0,0,0,0,0,0,0,0,0,0,0,0,0
OTU_714,0,1,0,0,0,0,1,3,0,0,1,1,0,0,0,0,0,0
OTU_1013,9,7,10,7,8,37,68,16,1,28,5,2,0,4,4,2,1,2
OTU_666,0,1,0,0,0,0,4,1,0,3,5,7,1,0,2,0,0,1
OTU_770,0,0,0,0,0,0,16,13,14,28,23,9,0,2,0,0,0,0
OTU_873,0,0,0,0,16,0,4,42,9,21,48,43,1,2,0,5,9,11
OTU_764,0,0,0,0,0,0,7,3,0,0,0,2,0,11,187,0,0,0
OTU_777,0,1,0,0,0,109,0,0,0,0,0,0,0,5,0,0,0,2
OTU_910,0,0,0,0,0,0,0,0,0,0,0,0,0,0,0,0,0,0
OTU_730,0,1,0,0,3,0,0,0,0,0,0,0,75,23,10,24,31,42
OTU_786,0,0,0,0,8,0,9,2,8,9,9,11,0,0,0,0,0,1
OTU_804,0,0,0,0,0,0,0,0,0,0,0,0,71,0,1,8,101,24
OTU_827,25,7,4,74,7,25,3,5,0,0,0,3,0,6,1,5,1,39
OTU_1011,0,0,0,0,0,0,0,0,0,0,0,0,14,12,16,63,45,56
OTU_1421,16,3,11,6,1,2,55,33,9,3,37,11,3,0,3,9,1,3
OTU_726,0,0,0,0,0,0,0,1,0,0,0,0,7,0,0,0,3,2
OTU_753,1,0,4,3,0,22,4,0,1,0,0,1,0,0,0,1,1,1
OTU_972,0,0,0,0,0,0,0,0,0,0,0,0,23,81,16,46,2,38
OTU_1108,20,2,23,11,12,1,19,31,19,4,30,11,1,4,8,5,0,3
OTU_891,0,2,0,0,0,0,2,3,4,4,8,5,0,10,1,0,0,3
OTU_693,0,0,0,0,0,0,96,60,0,0,1,38,0,0,0,0,5,2
OTU_839,0,2,0,0,0,0,3,0,2,1,1,2,0,0,0,0,0,0
OTU_949,0,0,0,0,0,0,0,0,0,0,0,0,0,92,103,6,1,1
OTU_872,1,0,0,0,1,0,4,14,21,13,16,42,29,14,9,30,6,0
OTU_952,5,0,0,12,8,0,9,9,19,6,2,1,45,17,8,22,18,21
OTU_1186,13,5,5,19,4,62,0,2,14,14,2,3,17,3,1,1,9,8
OTU_743,13,15,20,7,20,1,8,16,3,23,9,19,5,3,5,2,19,12
OTU_826,0,0,0,0,0,1,2,2,1,0,1,1,10,29,1,6,12,9
OTU_833,0,0,0,0,0,0,6,4,2,2,4,4,0,0,0,0,2,0
OTU_658,0,0,0,0,0,0,0,0,0,0,0,0,0,0,0,0,0,0
OTU_689,0,0,0,0,0,0,0,0,0,0,0,0,0,31,131,25,0,9
OTU_692,0,4,0,0,0,0,17,6,7,7,13,13,0,19,71,20,0,19
OTU_737,0,0,0,0,0,0,0,0,0,0,0,0,0,0,0,0,0,0
OTU_746,0,0,0,0,0,0,0,0,0,0,0,0,0,0,0,0,0,0
OTU_1044,4,2,0,0,44,6,0,1,3,0,0,1,1,3,1,4,2,2
OTU_1378,0,0,0,0,0,0,0,0,0,0,0,0,11,2,21,48,50,63
OTU_970,0,0,0,0,0,0,0,0,0,1,0,0,0,0,0,0,0,0
OTU_733,0,0,0,0,0,0,0,0,0,0,0,0,2,0,0,0,189,3
OTU_1021,0,0,0,0,0,0,38,21,13,21,28,14,5,7,11,6,17,12
OTU_1267,0,0,0,0,0,0,0,0,36,0,0,0,27,29,22,12,13,21
OTU_763,1,1,0,0,0,1,3,11,2,32,49,8,26,27,7,1,10,11
OTU_1236,0,0,0,0,0,0,1,1,0,3,2,3,39,4,5,1,12,11
OTU_1452,0,0,0,0,0,0,0,0,0,0,0,0,1,0,0,0,0,0
OTU_806,0,0,0,0,0,0,0,0,0,0,0,0,75,5,5,21,41,42
OTU_811,0,0,0,0,0,0,0,0,0,1,0,0,185,0,1,3,0,0
OTU_706,0,0,0,0,0,0,0,0,0,0,0,0,0,0,0,0,0,0
OTU_829,0,0,1,113,0,0,0,0,0,0,0,0,30,4,3,6,7,4
OTU_707,0,0,0,0,0,0,0,0,0,0,0,0,0,0,0,0,0,0
OTU_1759,47,1,0,0,0,0,2,0,0,0,0,0,0,0,0,0,0,0
OTU_747,0,0,0,0,0,0,1,1,0,2,1,3,0,0,1,0,0,0
OTU_882,4,0,2,5,5,1,4,0,1,0,1,4,0,1,3,5,6,10
OTU_985,0,0,0,0,0,0,13,11,8,13,13,11,0,0,0,0,0,0
OTU_723,0,0,0,0,0,0,0,0,0,0,0,0,19,25,8,43,52,39
OTU_911,1,0,18,0,0,0,0,1,4,0,2,5,9,8,3,20,88,26
OTU_936,4,11,9,19,2,0,6,3,11,12,4,3,12,12,2,12,42,20
OTU_703,0,0,0,0,0,0,0,0,0,0,0,0,0,0,0,0,0,0
OTU_731,0,0,0,0,0,0,0,0,0,0,0,0,0,0,0,0,0,0
OTU_1244,0,0,0,0,0,0,2,0,0,0,5,3,95,16,4,10,31,3
OTU_823,0,0,0,0,1,0,111,43,2,2,2,22,0,0,0,0,0,0
OTU_848,4,0,3,0,0,0,0,0,2,2,0,0,6,3,17,3,13,13
OTU_793,0,0,0,0,0,0,5,4,100,0,0,0,12,6,16,8,27,4
OTU_1202,0,0,0,0,0,0,0,0,0,0,1,0,2,0,0,0,3,3
OTU_815,0,0,0,0,0,0,0,1,0,1,1,0,6,4,9,7,12,20
OTU_968,0,0,0,0,0,0,0,0,0,0,0,0,24,12,13,69,12,50
OTU_1023,0,1,0,2,0,0,4,1,0,15,1,0,9,12,6,7,77,44
OTU_1083,0,0,2,0,0,27,0,0,0,0,0,0,0,0,2,0,0,0
OTU_795,0,0,0,0,0,0,0,0,0,0,0,0,27,98,1,8,26,17
OTU_805,0,0,0,0,0,0,0,0,5,0,0,0,23,65,68,7,0,9
OTU_889,0,0,2,0,0,0,0,0,0,0,0,0,0,1,4,3,0,0
OTU_1016,28,4,2,13,0,14,22,24,4,13,19,6,1,9,0,5,3,9
OTU_738,0,0,0,0,0,0,0,0,0,0,0,0,0,0,0,0,0,0
OTU_1031,2,8,1,5,6,5,14,24,18,19,41,11,7,7,2,2,1,2
OTU_1449,0,0,0,0,0,0,0,0,0,0,0,0,15,1,0,3,99,57
OTU_1706,0,0,0,0,0,0,0,0,18,0,0,0,12,20,61,56,2,6
OTU_1105,0,0,0,0,0,0,0,0,6,0,0,0,17,6,8,6,50,80
OTU_750,1,0,2,0,22,34,11,25,2,12,47,15,3,0,0,0,0,0
OTU_789,0,0,0,0,0,0,0,0,0,0,0,0,0,0,0,0,0,0
OTU_917,0,0,0,0,0,0,0,3,4,3,1,2,0,0,0,0,0,1
OTU_807,0,0,0,0,0,0,0,0,0,0,0,0,18,0,0,25,4,126
OTU_870,0,0,0,0,0,0,0,0,0,0,0,0,0,0,0,0,0,0
OTU_1627,0,3,0,0,0,0,2,2,0,2,4,3,0,0,1,2,0,0
OTU_880,0,0,0,0,0,0,2,3,0,0,0,2,0,0,1,1,0,0
OTU_886,0,0,0,0,0,0,0,0,0,0,0,0,18,2,12,17,41,81
OTU_946,0,0,0,0,0,0,0,2,0,0,0,0,0,6,1,0,0,1
OTU_1032,0,0,0,0,0,0,0,0,0,1,0,0,0,0,0,0,0,0
OTU_1388,0,0,0,0,0,0,4,11,4,5,7,5,13,0,1,1,0,0
OTU_754,0,0,0,0,0,0,0,0,0,0,0,0,0,0,0,0,0,6
OTU_791,0,0,0,0,0,0,0,0,0,0,0,0,0,0,0,0,0,0
OTU_810,0,0,0,0,0,0,0,0,0,0,0,0,7,30,9,36,45,43
OTU_1054,0,0,0,0,0,0,0,0,0,0,0,0,0,0,0,0,0,0
OTU_732,0,0,0,0,0,0,0,0,0,0,0,0,44,55,20,48,1,0
OTU_762,0,0,0,0,0,0,0,1,0,0,4,1,0,0,0,0,0,3
OTU_854,0,0,0,0,0,0,0,0,0,0,0,0,47,3,25,38,44,10
OTU_955,0,0,0,0,0,0,0,0,0,0,0,0,0,0,0,0,0,0
OTU_853,0,0,0,0,0,0,0,0,0,0,0,0,80,0,0,0,86,0
OTU_975,0,1,36,0,0,117,0,0,0,0,0,0,0,0,0,1,3,3
OTU_1628,0,0,0,0,0,0,5,9,7,0,4,4,7,17,0,3,3,0
OTU_920,0,0,0,0,0,0,14,1,39,8,3,2,11,2,4,26,51,4
OTU_1000,0,0,0,0,0,0,0,4,3,6,6,0,27,9,12,22,35,40
OTU_1074,0,0,0,0,1,0,1,1,1,0,5,0,18,2,4,46,62,23
OTU_1172,0,0,0,0,0,0,0,0,0,0,0,0,0,0,0,0,0,0
OTU_782,0,0,0,0,0,0,0,0,0,0,0,0,0,4,103,31,6,20
OTU_794,0,0,0,0,0,0,0,0,8,0,0,0,5,38,15,32,49,17
OTU_1121,0,0,0,0,0,0,0,4,2,0,0,0,0,0,0,0,8,0
OTU_892,6,3,2,0,3,0,0,3,22,0,0,0,35,7,29,14,6,13
OTU_1284,0,0,0,0,0,0,9,8,6,12,16,7,0,0,0,0,0,0
OTU_869,0,0,0,0,0,0,0,0,0,0,1,0,2,1,5,3,1,3
OTU_766,0,0,0,0,0,0,0,0,0,0,0,0,10,4,1,8,49,89
OTU_785,3,25,6,4,7,0,24,3,2,7,22,17,11,3,3,17,6,1
OTU_849,0,0,0,0,0,0,0,0,0,0,0,0,14,0,4,1,0,1
OTU_895,0,4,0,0,0,0,1,0,5,3,0,1,0,0,0,0,2,3
OTU_773,0,0,0,0,0,0,1,0,0,0,0,0,1,0,0,0,0,1
OTU_1674,0,0,0,0,1,0,1,0,0,0,0,2,56,8,2,0,10,11
OTU_897,0,0,0,0,0,0,0,0,0,0,0,0,47,22,40,31,4,15
OTU_1097,0,0,0,0,0,0,0,0,0,0,0,1,0,0,0,0,0,0
OTU_768,0,0,0,0,0,0,0,0,0,0,0,0,0,0,122,28,1,6
OTU_824,0,0,0,0,0,0,0,0,0,0,0,0,33,0,0,39,52,33
OTU_896,0,1,0,0,0,0,8,3,4,5,30,0,24,29,8,32,7,5
OTU_864,0,0,0,0,0,0,0,0,0,0,0,0,58,41,7,19,20,11
OTU_1293,0,0,0,0,0,0,0,0,0,0,0,0,1,9,84,60,0,1
OTU_803,0,0,0,0,0,0,0,0,0,0,0,0,0,0,0,0,0,0
OTU_878,0,14,1,9,3,0,8,38,12,23,13,24,0,4,3,2,0,1
OTU_1055,0,0,0,0,0,0,3,1,0,3,1,1,0,0,0,0,0,0
OTU_1080,5,4,6,6,5,2,9,7,14,14,42,27,0,7,1,1,0,4
OTU_1369,0,0,0,0,0,0,0,0,0,0,0,0,65,34,6,10,33,6
OTU_1173,0,0,0,0,0,0,0,0,0,0,0,0,0,0,0,0,0,0
OTU_993,0,0,0,0,0,0,1,1,4,0,0,2,0,3,0,0,0,0
OTU_1170,0,0,0,0,0,0,15,7,4,7,10,11,0,0,0,0,0,0
OTU_1212,0,0,0,0,0,0,10,0,2,8,8,12,11,0,0,7,12,6
OTU_808,0,0,0,0,0,0,0,0,0,0,0,0,1,0,2,46,12,90
OTU_899,1,6,3,1,21,0,2,27,27,10,3,27,11,3,0,0,2,6
OTU_938,0,0,0,0,0,0,0,0,0,0,0,0,0,0,0,0,0,0
OTU_1008,0,0,0,0,0,0,0,0,0,0,0,0,0,0,0,0,0,0
OTU_1075,0,0,0,0,0,0,0,0,0,0,0,0,43,13,64,11,17,2
OTU_788,11,16,1,0,2,4,6,11,7,1,1,5,6,16,9,6,4,44
OTU_796,13,17,2,18,12,10,0,6,24,33,2,1,0,4,6,0,0,2
OTU_942,0,0,0,0,0,0,0,0,0,0,0,0,117,0,3,11,8,11
OTU_883,0,0,0,0,0,0,0,0,28,0,0,0,5,0,0,115,1,0
OTU_819,0,0,0,0,0,0,0,0,0,0,0,0,58,20,3,27,36,4
OTU_1166,18,13,1,8,65,26,1,3,1,3,6,0,0,0,0,2,0,0
OTU_1395,0,0,0,0,0,0,3,32,38,5,3,3,0,1,0,0,0,0
OTU_771,0,0,0,0,0,0,0,0,0,0,0,0,0,0,0,0,0,0
OTU_1303,0,2,0,3,0,0,3,0,1,4,14,7,0,0,1,0,6,0
OTU_1370,0,0,0,0,0,0,0,0,0,0,0,0,49,29,51,15,2,0
OTU_901,0,0,0,0,0,0,0,0,0,0,0,0,23,58,25,16,4,20
OTU_926,2,0,0,0,0,0,0,0,0,0,0,0,24,23,9,32,26,30
OTU_943,0,0,0,0,0,0,0,0,1,32,47,0,6,28,12,0,18,1
OTU_1142,0,2,1,0,1,0,2,2,9,0,0,0,32,7,3,10,60,14
OTU_1155,0,0,0,0,0,0,0,0,24,0,1,0,1,0,20,21,56,20
OTU_874,0,0,0,0,0,0,0,0,0,0,0,0,56,1,13,68,5,2
OTU_1014,4,9,4,10,20,68,0,1,14,0,4,2,0,0,3,3,0,2
OTU_1061,0,0,0,0,0,0,0,0,0,0,0,0,0,135,5,4,0,0
OTU_905,0,0,0,0,0,0,0,0,0,0,0,0,0,0,0,0,0,0
OTU_1062,32,0,23,26,0,0,0,0,0,0,0,0,0,0,0,0,0,0
OTU_1251,0,0,0,0,0,0,0,0,0,0,0,0,21,13,13,19,32,45
OTU_787,34,15,16,26,50,1,0,0,0,0,0,0,0,0,0,0,0,0
OTU_1024,0,0,0,0,0,0,0,0,0,0,0,0,16,7,3,19,6,91
OTU_1090,0,1,1,2,4,3,0,0,6,0,0,3,0,3,0,0,1,0
OTU_816,0,0,0,0,0,0,0,0,0,0,0,0,0,0,0,0,0,0
OTU_951,2,0,11,5,9,0,5,13,15,8,17,3,4,28,12,6,2,1
OTU_1606,0,2,0,0,1,1,0,2,0,0,0,2,51,22,5,8,6,15
OTU_1070,0,0,0,0,0,0,3,2,0,0,4,2,12,1,1,0,13,0
OTU_1237,0,0,0,0,0,0,0,0,0,2,0,0,48,1,9,0,17,6
OTU_1403,0,0,0,0,0,0,0,0,0,0,0,0,85,42,0,0,9,3
OTU_1891,0,0,0,0,0,0,0,0,0,0,0,0,41,4,8,1,83,1
OTU_857,0,0,88,0,0,35,0,0,0,0,0,0,1,0,0,0,5,0
OTU_977,28,17,10,0,28,6,31,10,0,0,0,4,0,3,0,2,0,0
OTU_996,0,0,0,0,7,0,2,3,2,1,7,11,4,62,7,12,15,5
OTU_1039,0,0,0,0,0,0,0,0,0,0,0,0,70,23,21,9,7,7
OTU_1149,0,0,0,0,0,0,12,1,1,6,6,2,0,0,0,0,0,0
OTU_1162,0,0,0,0,0,0,14,1,2,0,1,3,0,5,32,0,9,70
OTU_832,9,9,0,0,55,0,18,8,1,2,2,4,0,14,5,6,2,2
OTU_1091,0,1,0,0,2,0,3,2,2,2,1,1,0,1,0,0,0,0
OTU_1214,0,0,0,0,0,0,0,1,0,0,1,0,0,0,0,0,0,0
OTU_749,2,1,2,29,6,9,0,20,11,0,15,29,0,5,1,3,0,2
OTU_862,0,0,0,0,1,0,32,6,15,10,20,32,3,16,0,1,0,0
OTU_924,0,0,0,0,0,0,0,0,0,0,2,0,0,0,0,0,0,0
OTU_925,0,0,0,0,0,0,1,0,0,0,0,0,43,21,21,0,34,15
OTU_1104,0,0,0,0,0,0,0,0,0,0,0,0,19,2,56,58,0,0
OTU_1241,0,0,1,0,0,0,0,0,0,0,0,0,29,26,18,15,12,31
OTU_776,0,0,0,0,0,0,0,0,0,0,0,0,0,14,43,76,1,1
OTU_1005,0,0,0,0,0,0,1,0,0,0,0,0,12,17,9,14,0,0
OTU_1089,0,0,0,0,0,0,0,0,0,0,0,0,49,1,2,0,79,3
OTU_893,2,0,0,0,0,1,36,13,19,3,22,22,6,2,1,4,2,1
OTU_940,0,0,0,0,0,0,0,0,0,0,0,0,0,0,0,0,0,0
OTU_1211,0,0,0,0,0,0,2,0,0,0,0,0,15,5,2,1,3,3
OTU_1307,0,0,0,0,0,0,2,0,0,1,0,0,0,0,0,0,0,0
OTU_1398,0,3,1,0,14,1,10,13,23,3,16,8,23,9,3,4,1,1
OTU_801,0,0,0,0,0,0,0,0,0,0,0,0,0,0,0,0,0,0
OTU_843,0,0,0,0,0,0,0,0,0,0,0,1,0,0,0,1,0,0
OTU_881,0,0,0,0,1,0,0,0,0,0,0,0,0,0,0,0,0,0
OTU_900,0,19,2,0,16,0,23,21,12,0,0,40,0,0,0,0,0,0
OTU_916,0,0,0,119,0,9,0,0,0,0,5,0,0,0,0,0,0,0
OTU_1035,0,0,0,0,0,0,0,0,0,0,0,1,34,2,1,2,11,4
OTU_1131,0,0,0,0,0,0,0,0,22,0,2,0,11,42,40,14,0,0
OTU_1800,0,0,0,0,0,0,0,0,0,0,0,0,4,4,6,10,73,35
OTU_779,0,0,0,0,0,0,0,0,0,0,0,0,0,0,0,0,0,0
OTU_859,0,1,0,0,0,0,0,1,0,0,3,0,2,4,1,3,8,1
OTU_861,0,0,0,0,0,0,6,0,0,16,16,10,0,0,0,0,0,0
OTU_1390,0,0,0,0,0,0,1,0,1,3,2,1,20,18,13,19,10,28
OTU_856,0,10,0,0,0,0,45,11,1,21,9,21,0,6,2,0,0,5
OTU_930,0,0,0,0,0,0,0,1,1,2,0,0,0,0,5,1,4,1
OTU_1199,0,0,0,0,0,0,0,0,0,0,0,0,17,28,47,18,6,14
OTU_944,4,0,14,17,7,13,0,1,1,1,1,0,3,0,2,10,31,20
OTU_959,0,0,0,0,0,0,0,0,2,5,0,1,15,4,5,7,36,55
OTU_1152,0,0,0,0,0,0,0,0,0,0,1,0,13,0,0,0,0,0
OTU_1230,19,19,9,41,28,1,0,0,3,8,1,0,0,0,0,0,0,0
OTU_1494,7,27,2,35,5,2,2,3,15,6,2,3,1,3,2,2,8,2
OTU_1566,9,0,3,1,9,43,0,1,0,0,4,2,8,3,0,6,27,11
OTU_1705,0,0,0,0,0,0,19,6,5,8,0,3,4,9,10,11,34,20
OTU_792,0,0,0,0,0,0,0,0,0,0,0,2,0,0,0,0,0,0
OTU_1204,19,1,1,0,11,14,9,5,22,7,5,18,7,2,2,3,0,2
OTU_1688,0,0,0,0,0,0,0,0,0,0,0,0,0,0,0,0,0,0
OTU_1492,9,8,10,13,4,22,6,3,2,1,5,4,4,8,3,11,5,9
OTU_1737,1,0,0,3,23,0,0,0,0,2,7,0,1,1,4,5,27,7
OTU_1564,7,2,12,10,1,7,8,5,13,14,1,25,0,3,5,3,5,2
OTU_855,6,0,0,0,17,0,2,6,18,4,0,4,25,1,7,17,17,2
OTU_1475,0,0,0,0,0,0,0,0,7,0,0,0,0,87,26,5,0,0
OTU_1517,0,0,0,0,0,0,3,1,1,3,2,1,0,0,0,0,0,0
OTU_809,0,0,0,0,0,0,0,0,0,1,0,0,0,0,0,0,0,0
OTU_887,0,0,0,0,0,0,0,0,0,0,0,0,18,12,8,15,53,19
OTU_964,0,0,0,0,53,0,1,0,0,0,0,0,1,20,2,36,0,12
OTU_966,0,0,0,0,0,0,3,1,2,0,3,12,0,16,14,13,53,8
OTU_1567,0,0,0,0,0,0,3,1,4,1,3,1,0,0,0,0,0,0
OTU_817,0,0,0,0,0,0,48,19,4,6,12,15,3,1,9,1,1,5
OTU_932,0,0,0,0,0,0,0,0,5,1,0,0,31,1,1,0,83,2
OTU_971,0,0,0,0,0,0,0,0,102,3,0,1,0,8,2,2,5,1
OTU_989,0,0,0,0,0,0,0,0,0,0,0,0,0,46,14,50,6,8
OTU_1053,0,0,0,0,0,0,0,0,2,3,0,1,0,0,0,0,0,0
OTU_1086,0,0,0,0,0,0,1,2,0,5,3,1,0,0,0,0,0,0
OTU_1280,0,0,0,0,123,0,0,0,0,0,0,0,0,0,0,0,0,0
OTU_1299,1,0,0,0,4,0,0,0,0,0,0,0,39,6,3,31,11,28
OTU_1315,0,0,0,0,0,0,0,0,0,0,0,0,7,19,1,24,9,63
OTU_1684,0,2,0,0,0,0,2,0,0,5,3,1,0,0,0,0,0,0
OTU_983,0,0,0,0,0,5,7,6,6,5,5,5,0,0,0,2,1,0
OTU_1245,0,1,0,0,1,0,0,0,0,0,0,0,15,1,51,17,17,14
OTU_1246,0,0,0,0,0,0,0,0,2,0,0,0,21,1,1,16,65,16
OTU_851,0,0,0,0,0,0,28,22,4,1,0,0,0,0,9,28,11,19
OTU_914,7,12,2,21,54,0,0,6,5,0,0,3,6,0,0,0,5,1
OTU_933,0,0,0,0,0,0,0,0,0,0,0,0,2,28,4,70,3,15
OTU_1003,7,0,2,1,7,1,1,3,2,2,3,1,29,5,2,2,12,6
OTU_1107,13,2,19,49,0,0,13,6,2,3,11,2,0,1,0,0,0,0
OTU_913,0,0,0,2,0,0,0,0,0,0,0,0,0,0,0,1,0,0
OTU_1065,22,1,4,4,43,46,0,0,0,0,0,0,0,0,0,0,0,0
OTU_1551,0,0,0,0,0,0,0,0,0,0,0,0,50,2,12,41,11,3
OTU_974,0,0,0,0,0,0,0,0,0,0,0,0,0,0,7,0,113,0
OTU_1128,0,19,0,0,0,0,0,0,0,0,0,0,0,0,0,0,0,0
OTU_1420,3,10,6,0,11,0,15,5,4,5,0,16,5,3,5,6,20,5
OTU_1521,0,0,0,0,0,0,0,0,0,0,0,0,0,0,0,0,0,0
OTU_1591,3,1,2,0,1,2,0,1,1,3,1,4,37,14,4,10,13,17
OTU_1629,0,0,0,0,0,0,15,7,5,7,13,17,0,0,0,0,0,0
OTU_967,0,0,0,0,0,0,0,0,0,0,0,0,80,0,11,22,0,6
OTU_1093,1,44,2,30,6,1,1,4,0,0,0,6,0,0,2,0,13,8
OTU_1300,0,1,0,0,0,0,6,1,3,4,0,4,0,1,0,0,4,0
OTU_1604,0,0,0,0,0,1,5,0,0,3,5,4,7,14,14,23,19,15
OTU_1481,0,0,0,0,0,0,0,1,0,0,0,0,68,2,3,9,16,17
OTU_1161,0,0,0,0,0,0,0,0,0,0,0,0,0,51,28,33,3,1
OTU_1243,1,0,0,0,0,0,5,3,10,0,0,0,24,7,6,6,32,22
OTU_1410,0,0,0,0,0,0,0,0,0,0,0,0,1,8,33,18,21,33
OTU_1784,0,0,0,0,0,0,0,0,5,0,0,0,9,45,45,4,2,6
OTU_1575,0,1,0,0,0,0,2,9,10,13,6,11,31,2,1,17,6,4
OTU_1593,1,4,0,7,13,1,3,2,9,2,0,2,8,0,2,4,52,5
OTU_798,0,0,0,0,0,0,0,0,0,0,0,0,0,0,0,0,0,0
OTU_918,0,0,0,0,0,0,16,3,6,7,2,10,0,9,2,0,1,0
OTU_939,0,0,0,0,0,0,0,0,0,1,0,1,0,0,0,0,0,0
OTU_1141,0,0,0,0,0,0,0,0,0,0,0,0,7,20,3,45,20,17
OTU_1570,0,0,0,0,0,0,0,1,1,3,0,1,24,16,0,3,9,12
OTU_820,0,0,0,0,0,0,0,0,0,0,0,0,0,0,0,0,0,0
OTU_931,0,0,0,0,0,0,10,11,1,19,11,9,0,14,12,11,0,14
OTU_1644,0,0,0,0,0,0,0,1,0,0,0,0,33,5,4,20,39,9
OTU_1873,2,0,0,0,0,0,2,0,3,2,1,4,17,8,1,18,37,16
OTU_934,0,0,0,0,0,0,0,0,0,0,0,0,0,14,42,55,0,0
OTU_997,0,0,0,0,0,0,0,0,0,0,0,0,25,17,9,18,13,29
OTU_1026,0,0,1,1,0,102,0,0,0,0,0,0,1,0,0,0,0,0
OTU_1177,0,0,0,0,0,0,0,5,1,2,1,2,0,0,0,0,0,0
OTU_1468,0,0,0,0,0,0,0,1,1,2,1,1,0,0,0,2,0,0
OTU_960,0,0,0,0,0,0,0,0,0,0,0,0,32,1,0,72,1,4
OTU_1007,0,0,0,0,0,0,0,0,0,0,0,0,0,0,0,0,0,0
OTU_1112,0,0,0,0,0,0,0,0,0,1,1,0,2,1,4,2,14,9
OTU_1506,0,0,0,0,0,0,0,0,0,0,0,0,0,0,0,0,0,0
OTU_937,0,0,0,15,4,26,0,17,9,13,8,5,8,2,0,0,2,0
OTU_962,0,1,0,0,1,0,0,0,0,0,0,0,0,0,0,0,0,0
OTU_1069,0,0,0,0,0,0,0,0,0,0,0,0,0,0,0,0,0,0
OTU_961,0,0,0,0,0,0,0,0,0,0,0,0,1,0,0,83,14,10
OTU_1081,13,3,3,3,0,11,10,5,2,36,1,2,0,3,4,5,4,2
OTU_1138,0,0,0,0,0,0,1,0,0,4,3,0,0,5,6,4,4,2
OTU_1292,0,0,0,0,0,0,0,0,0,0,0,0,13,26,32,31,4,1
OTU_1360,0,1,0,0,0,0,0,0,1,1,2,0,0,7,2,6,8,1
OTU_812,0,0,0,0,0,0,0,0,0,1,0,0,0,2,1,2,0,0
OTU_984,0,0,0,0,0,0,0,0,0,0,0,0,1,6,1,5,0,3
OTU_1528,0,0,0,0,0,0,0,0,9,0,0,0,0,97,0,0,0,0
OTU_956,0,0,0,0,0,0,0,0,0,0,0,0,0,0,0,0,0,0
OTU_1060,0,0,0,0,0,0,0,0,0,0,0,0,49,2,11,9,24,10
OTU_1002,0,0,0,0,0,0,0,0,0,0,0,0,0,0,28,76,0,0
OTU_1071,0,0,0,0,0,0,0,0,14,0,0,0,21,1,30,35,3,0
OTU_1129,0,0,0,0,0,0,0,0,0,0,0,0,66,0,0,0,33,5
OTU_1445,0,0,0,0,0,0,0,0,0,0,0,0,5,0,1,20,46,32
OTU_1518,0,0,0,0,0,0,4,4,5,8,7,1,0,0,0,0,0,0
OTU_922,0,0,0,0,0,0,6,1,1,48,36,1,0,10,0,0,0,1
OTU_1043,0,0,0,0,0,0,0,0,0,0,0,0,0,0,0,0,0,0
OTU_1148,2,3,0,14,1,10,4,8,4,29,17,10,0,1,0,0,0,0
OTU_1168,0,26,0,0,3,0,0,0,0,1,0,0,12,1,7,6,31,16
OTU_1288,0,0,0,0,0,0,0,0,2,0,0,0,67,0,0,0,33,1
OTU_1474,5,0,0,2,3,4,15,14,13,7,10,17,0,3,2,4,2,2
OTU_1281,0,0,2,7,13,0,2,11,14,11,2,25,2,4,5,2,0,2
OTU_1433,0,0,0,0,0,0,1,0,2,1,2,2,55,7,1,7,4,4
OTU_1486,0,0,0,0,0,0,0,0,1,0,1,0,18,5,8,10,33,22
OTU_1203,18,18,16,2,33,1,0,4,4,0,1,1,0,1,1,0,0,0
OTU_1217,0,0,0,0,0,0,34,41,1,1,10,11,0,0,0,2,0,0
OTU_1318,0,0,0,0,0,0,0,0,0,0,0,0,12,3,6,6,25,40
OTU_923,0,0,0,0,0,0,0,0,5,0,0,0,17,9,4,13,34,19
OTU_1036,0,0,0,0,0,0,0,0,5,0,0,0,0,5,53,16,0,21
OTU_1046,24,6,15,34,2,3,0,6,0,3,0,3,1,0,0,0,3,0
OTU_1426,0,0,0,0,0,0,0,0,0,0,0,0,0,0,0,0,0,0
OTU_1495,6,2,13,8,27,14,0,0,0,0,1,0,7,5,7,2,5,1
OTU_1707,0,0,0,0,5,0,3,5,5,17,5,4,1,4,4,7,34,5
OTU_1513,0,0,0,0,0,0,7,4,18,5,2,3,0,0,0,0,0,0
OTU_1033,0,0,0,0,0,0,0,0,0,0,0,0,0,0,0,0,0,0
OTU_1160,0,0,0,0,0,0,0,0,0,0,0,0,4,9,3,12,37,33
OTU_1268,0,0,0,0,0,0,0,0,0,0,0,0,20,0,0,0,0,0
OTU_1376,0,0,0,0,0,0,0,0,0,0,0,0,1,4,0,2,89,2
OTU_980,20,0,0,6,8,6,11,6,1,0,13,0,2,1,8,11,3,2
OTU_986,0,0,0,0,0,0,1,0,0,0,0,0,0,0,0,0,0,0
OTU_1048,0,0,0,0,0,0,0,0,0,0,0,0,5,1,2,0,5,0
OTU_1132,0,0,0,0,0,0,0,0,0,0,0,0,0,19,8,51,1,18
OTU_1196,1,0,0,0,0,0,14,8,11,14,10,10,16,0,2,4,5,2
OTU_1206,0,37,0,0,5,0,0,0,0,0,0,0,44,0,0,0,1,4
OTU_1227,0,0,0,0,0,0,0,0,0,40,31,2,0,0,0,0,0,0
OTU_1535,0,0,0,0,0,0,0,0,0,0,0,0,97,0,0,0,0,0
OTU_1782,2,0,1,0,2,2,0,0,0,0,0,0,8,22,4,0,39,10
OTU_978,10,13,7,13,23,2,0,1,2,0,0,0,6,0,3,5,10,1
OTU_1020,0,0,0,0,0,0,0,1,0,1,0,0,0,0,0,0,0,0
OTU_1340,0,0,0,0,0,0,1,0,1,1,1,1,44,11,4,3,1,10
OTU_1576,0,0,0,0,0,0,2,3,3,4,1,1,0,0,0,0,0,0
OTU_1855,2,0,0,9,1,0,4,16,0,6,18,23,0,8,1,2,0,5
OTU_954,0,0,0,0,78,0,0,0,0,0,0,14,0,2,0,0,0,1
OTU_1134,5,0,2,2,4,3,0,0,0,0,1,0,0,1,1,0,1,68
OTU_1179,0,0,0,0,0,0,1,0,0,1,2,2,2,3,0,0,0,1
OTU_1391,0,0,0,0,0,0,0,2,10,28,3,1,0,0,0,0,0,0
OTU_969,17,2,4,35,32,4,0,0,0,0,0,0,0,0,0,0,0,0
OTU_998,0,0,0,0,1,0,0,0,0,0,0,0,11,16,6,3,40,17
OTU_1130,0,0,0,0,0,0,0,0,0,0,0,0,92,0,1,0,0,0
OTU_1334,0,0,0,0,0,0,3,0,0,2,3,2,0,0,2,1,1,2
OTU_1349,6,11,3,0,7,0,1,6,4,0,2,1,12,5,4,3,20,3
OTU_1536,0,0,0,0,0,0,0,0,0,0,0,0,41,10,8,5,13,16
OTU_1710,0,0,0,0,0,0,0,0,0,0,0,0,41,12,18,6,9,7
OTU_1119,0,0,0,4,26,0,28,29,0,0,0,1,1,0,0,0,3,0
OTU_1175,0,0,0,0,0,0,0,0,0,0,0,0,0,0,0,2,0,3
OTU_1438,0,0,0,0,0,0,0,0,0,0,0,0,22,5,10,7,38,10
OTU_1066,17,31,16,4,4,15,0,1,3,0,0,0,0,0,0,0,0,0
OTU_1153,9,0,0,0,3,0,14,4,0,16,10,14,4,2,9,1,2,3
OTU_1157,0,0,0,0,0,0,0,0,0,0,0,0,3,7,1,10,27,43
OTU_1507,0,0,0,0,0,0,1,1,0,1,1,1,0,0,0,0,0,1
OTU_963,19,8,11,16,2,29,1,1,4,0,0,0,0,0,0,0,0,0
OTU_1158,0,0,0,0,0,0,0,0,0,0,0,0,31,5,2,15,17,20
OTU_1181,0,0,0,0,0,0,0,0,0,0,0,0,37,7,6,10,22,8
OTU_1254,15,8,17,0,21,29,0,0,0,0,0,0,0,0,0,0,0,0
OTU_1454,14,13,9,4,0,1,13,9,3,6,0,14,0,2,0,2,0,0
OTU_1050,0,0,0,0,0,0,4,9,5,4,6,2,0,7,2,0,6,3
OTU_1072,0,0,0,0,0,0,0,0,0,0,0,0,89,0,0,0,0,0
OTU_1261,1,0,0,0,2,81,0,0,0,3,2,0,0,0,0,0,0,0
OTU_1524,0,0,0,0,0,0,22,0,0,4,8,20,1,3,3,6,17,5
OTU_1848,0,0,0,0,0,0,0,0,0,0,0,0,0,0,0,0,0,0
OTU_1188,7,9,18,25,0,2,7,3,2,0,0,5,0,0,1,6,3,0
OTU_1353,3,1,1,1,15,1,4,10,6,25,6,4,8,0,0,0,1,2
OTU_1496,0,11,12,2,12,0,1,0,0,0,9,0,10,3,4,6,12,6
OTU_1750,0,0,0,0,0,0,7,0,2,4,2,1,0,0,0,0,0,0
OTU_935,0,0,0,0,0,0,0,0,0,0,0,0,0,0,0,1,1,0
OTU_1034,0,0,0,0,0,0,0,2,0,0,0,0,0,0,0,0,0,0
OTU_1077,0,0,0,0,0,0,0,0,0,0,0,0,1,57,11,4,0,14
OTU_1092,5,1,9,3,6,4,0,0,0,1,0,0,0,0,0,0,0,1
OTU_1116,17,1,0,3,18,47,0,1,0,0,0,0,0,0,0,0,0,0
OTU_1139,0,0,0,0,0,0,0,0,0,7,3,0,42,3,8,12,9,3
OTU_1359,0,0,0,0,0,0,4,0,0,10,5,4,0,0,0,5,0,0
OTU_1498,0,0,10,0,0,0,0,0,6,4,0,0,18,7,8,3,11,20
OTU_994,0,2,0,0,0,0,0,0,0,0,0,0,0,0,0,0,0,0
OTU_1042,0,0,0,0,0,0,0,0,0,0,0,0,0,14,48,24,0,0
OTU_1047,0,0,0,0,0,0,1,0,0,1,1,0,0,0,0,0,0,1
OTU_1146,12,13,5,4,37,13,0,0,0,0,2,0,0,0,0,0,0,0
OTU_1208,0,0,0,0,0,0,1,0,0,2,1,1,4,3,8,3,2,4
OTU_1470,0,0,0,0,0,0,0,1,0,0,1,1,0,0,0,0,0,1
OTU_1483,0,0,0,0,0,0,0,0,0,0,0,0,22,0,0,22,42,0
OTU_1052,0,0,0,0,0,0,3,1,6,5,4,8,0,0,0,0,0,0
OTU_1103,0,0,0,0,0,0,0,0,0,0,0,0,0,0,23,59,3,0
OTU_1125,0,0,0,0,0,0,3,1,0,0,1,3,1,1,0,1,1,0
OTU_1306,0,0,0,0,0,0,0,0,0,0,0,0,0,0,0,0,0,0
OTU_1413,0,0,0,0,0,0,0,0,0,0,0,0,15,58,0,1,8,3
OTU_1798,0,0,0,0,0,0,0,0,4,0,0,0,0,2,62,6,1,10
OTU_981,21,26,5,24,2,1,5,0,0,0,0,1,0,0,0,0,0,0
OTU_1102,0,0,0,0,0,0,0,0,0,0,0,0,8,5,3,20,34,14
OTU_1159,0,0,0,0,0,0,0,0,0,0,0,0,29,2,0,0,29,24
OTU_1258,3,5,3,0,1,3,0,4,15,0,0,9,9,7,1,2,19,2
OTU_1387,0,0,0,0,0,0,0,0,0,0,0,0,0,0,0,0,0,0
OTU_1682,0,0,0,0,0,0,2,2,3,8,1,1,0,2,0,0,0,0
OTU_965,0,1,0,0,0,0,1,3,2,7,3,3,0,0,2,0,0,0
OTU_1184,0,0,0,0,0,0,0,0,0,0,0,0,56,3,0,0,20,4
OTU_1314,0,0,0,0,0,0,0,0,0,0,0,0,3,8,33,27,0,12
OTU_1533,0,0,0,0,0,0,0,0,0,0,0,0,21,15,30,0,16,1
OTU_1613,28,0,0,0,0,10,3,3,0,0,0,0,2,12,5,1,3,16
OTU_1681,0,0,0,0,0,0,2,0,0,0,0,1,0,0,1,1,0,1
OTU_1099,0,0,0,0,0,0,0,0,0,0,0,0,0,0,0,0,0,0
OTU_1297,9,0,13,8,20,5,0,0,1,1,0,0,0,0,2,0,0,1
OTU_1339,0,0,0,0,0,0,5,1,0,0,0,0,60,3,2,2,7,2
OTU_1049,0,0,0,0,0,0,0,0,0,6,0,0,0,0,0,0,0,0
OTU_1215,0,0,0,0,0,0,0,0,0,0,0,0,0,0,0,0,0,0
OTU_1389,0,0,0,0,0,0,2,0,0,0,3,5,0,0,0,0,0,0
OTU_1019,0,0,0,0,0,0,0,1,1,0,0,0,0,0,0,0,0,0
OTU_1194,0,0,0,0,0,0,0,0,0,0,0,0,0,0,0,0,0,0
OTU_1220,0,0,0,0,0,0,0,0,0,0,0,0,77,3,0,0,0,0
OTU_1338,0,0,0,0,0,0,2,7,1,27,15,5,0,12,10,1,0,0
OTU_1368,0,0,0,0,0,0,0,0,0,0,0,0,28,7,3,7,23,12
OTU_991,0,0,0,0,0,0,0,0,0,0,0,0,0,0,8,72,0,0
OTU_1201,0,0,0,0,0,0,0,0,0,0,0,0,0,74,0,5,0,0
OTU_1328,6,9,7,5,1,50,1,0,0,0,0,0,0,0,0,0,0,0
OTU_1543,0,0,0,0,0,0,1,0,0,0,0,0,6,4,7,21,19,19
OTU_1594,0,0,0,0,0,0,0,0,0,0,0,0,31,5,0,2,35,6
OTU_987,0,0,0,0,0,0,0,0,0,0,0,0,14,3,5,6,28,23
OTU_1029,7,0,2,6,20,0,3,3,0,5,11,21,0,0,0,0,0,0
OTU_1027,0,1,0,1,0,5,0,0,0,0,0,0,0,0,0,0,0,0
OTU_1045,0,0,0,0,0,0,0,0,0,0,0,0,0,0,0,0,0,0
OTU_1500,1,0,2,2,1,0,2,0,0,0,1,1,0,0,3,6,4,4
OTU_1310,0,0,0,0,0,0,0,0,0,0,0,0,72,1,0,0,2,0
OTU_1312,0,0,0,0,0,0,0,0,0,0,0,0,11,0,9,21,18,17
OTU_1393,0,0,0,0,0,0,0,0,0,0,0,0,0,2,1,1,4,7
OTU_1100,0,0,0,0,0,0,8,13,1,5,12,0,7,6,7,8,2,6
OTU_1133,0,0,0,0,0,0,0,0,0,0,0,0,2,0,1,69,2,1
OTU_1225,0,3,0,1,1,1,0,0,0,0,0,0,2,11,1,3,10,39
OTU_1440,0,0,0,0,0,0,0,0,1,0,0,0,18,1,7,34,13,1
OTU_1598,1,0,1,0,1,0,0,0,0,0,0,0,20,18,4,3,16,10
OTU_1675,0,0,0,0,0,0,1,1,1,3,2,0,1,0,0,0,0,0
OTU_1686,0,0,0,0,0,0,1,0,0,0,0,1,0,0,0,0,0,0
OTU_1778,0,2,1,0,0,0,17,2,0,0,0,0,33,2,2,3,2,3
OTU_1872,0,5,0,0,0,0,0,0,0,0,0,0,8,16,20,25,0,1
OTU_1041,0,0,0,0,0,0,0,0,0,0,0,0,1,5,4,47,2,12
OTU_1073,0,0,0,0,0,0,0,0,0,0,0,0,18,0,1,2,53,0
OTU_1122,0,0,0,0,0,0,0,0,0,0,0,0,0,0,0,0,0,0
OTU_1136,0,0,1,20,7,0,10,15,0,0,5,10,0,0,3,1,0,2
OTU_1156,0,0,0,0,0,0,0,0,0,0,0,0,74,0,0,0,0,0
OTU_1366,0,0,0,0,0,0,0,0,0,1,0,0,12,1,1,12,24,19
OTU_1344,0,0,0,0,0,0,0,0,0,0,0,0,61,0,1,2,3,6
OTU_1375,0,0,0,0,0,0,0,0,0,0,0,0,1,18,2,0,3,49
OTU_1397,0,0,0,0,0,0,16,4,0,5,19,22,0,7,0,0,0,0
OTU_1416,0,0,0,0,0,0,0,0,0,0,0,0,0,0,0,0,29,0
OTU_1650,1,0,0,0,1,0,0,0,0,0,1,0,19,11,8,7,10,14
OTU_1842,0,0,0,0,0,0,0,0,1,0,0,1,6,0,0,0,0,0
OTU_1095,1,1,2,32,12,13,1,4,1,0,0,5,0,0,0,0,0,0
OTU_1111,0,0,0,0,0,0,0,0,0,0,0,0,0,0,0,0,0,0
OTU_1165,7,0,13,12,32,4,0,3,0,0,0,1,0,0,0,0,0,0
OTU_1265,0,0,0,0,0,0,0,0,0,0,0,0,0,0,0,0,0,0
OTU_1377,0,0,0,0,0,0,0,0,0,0,0,0,17,1,0,24,15,15
OTU_1423,0,0,0,3,0,49,0,0,0,0,0,0,0,1,0,0,6,3
OTU_1642,0,0,0,0,0,0,0,3,0,0,0,0,10,4,4,5,23,23
OTU_1692,0,0,0,0,0,0,0,0,0,0,0,1,1,0,0,4,1,0
OTU_1867,1,1,0,0,0,0,0,0,0,0,0,0,18,1,0,2,46,2
OTU_976,0,0,1,0,0,0,0,0,0,0,0,0,0,0,0,0,0,0
OTU_1113,0,0,0,0,1,0,0,0,0,0,0,6,0,0,0,0,0,0
OTU_1115,0,0,0,0,0,0,0,0,0,0,0,0,0,0,2,19,48,2
OTU_1176,0,0,0,0,0,0,0,0,0,0,0,0,0,0,1,0,0,0
OTU_1488,0,0,0,0,0,0,0,0,0,0,0,0,0,2,2,4,58,5
OTU_1516,0,0,0,0,0,0,1,0,0,0,1,0,0,0,1,0,0,0
OTU_1584,0,0,0,0,0,0,28,18,7,5,3,10,0,0,0,0,0,0
OTU_1051,0,0,0,0,0,0,0,0,0,0,0,0,0,0,0,0,0,0
OTU_1056,0,0,1,0,0,0,0,0,0,0,0,0,0,0,0,0,0,0
OTU_1058,0,0,0,0,0,0,0,0,0,0,69,0,0,0,0,0,0,0
OTU_1222,0,0,0,0,0,0,0,0,0,0,0,0,32,0,1,2,33,2
OTU_1409,0,0,5,0,0,0,0,0,0,0,0,0,10,3,3,4,29,16
OTU_1547,0,0,0,0,0,0,1,0,0,0,0,0,52,0,0,3,8,6
OTU_1711,0,0,0,0,0,0,0,0,0,0,0,0,28,3,25,8,1,5
OTU_1772,0,0,0,0,0,0,0,3,1,2,0,12,0,38,2,0,3,9
OTU_1017,0,0,0,0,0,0,0,0,0,0,0,0,0,0,0,0,0,0
OTU_1213,0,0,0,0,0,0,0,0,1,2,0,0,0,0,0,0,0,1
OTU_1228,0,0,0,0,0,0,0,0,0,0,0,0,3,2,0,1,2,4
OTU_1249,0,0,0,0,0,0,0,0,0,0,0,3,8,15,6,22,15,0
OTU_1408,0,0,0,0,0,0,0,0,0,0,0,0,16,9,1,12,17,14
OTU_1605,0,0,0,0,0,0,1,0,0,0,0,0,1,0,0,0,9,0
OTU_1209,0,0,0,0,0,0,0,0,0,1,1,0,12,0,4,4,3,1
OTU_1210,0,0,0,0,0,0,0,0,0,0,0,0,0,0,0,0,0,0
OTU_1226,0,0,0,0,0,0,0,1,0,0,0,0,0,2,37,3,6,18
OTU_1282,0,0,0,0,0,0,1,0,0,0,0,0,0,0,0,0,0,0
OTU_1345,0,0,0,0,0,0,0,0,0,0,0,0,0,3,0,9,52,4
OTU_1804,0,0,0,0,0,0,6,0,0,1,0,1,1,0,0,1,0,0
OTU_1869,0,0,0,0,0,0,0,0,0,0,0,0,8,33,0,0,20,7
OTU_1098,0,0,0,0,0,0,0,0,0,0,1,0,0,0,0,0,0,0
OTU_1145,11,3,0,1,0,50,0,0,0,0,0,0,2,0,0,0,0,0
OTU_1193,0,0,0,0,0,0,0,0,0,4,0,0,0,0,0,0,1,0
OTU_1221,0,0,0,0,0,0,0,0,0,0,0,0,24,12,0,18,11,2
OTU_1614,11,2,1,15,11,0,2,1,1,0,0,6,2,0,0,10,3,2
OTU_1863,0,0,0,0,0,0,5,6,2,6,5,6,1,2,3,10,14,7
OTU_1864,0,0,0,0,0,0,0,0,3,0,0,0,4,5,5,16,19,14
OTU_1197,8,0,0,0,0,0,0,0,0,18,37,3,0,0,0,0,0,0
OTU_1239,1,0,0,0,0,0,0,0,0,3,2,0,0,1,0,2,1,0
OTU_1302,0,0,0,0,0,0,0,0,0,0,2,0,5,0,8,0,0,0
OTU_1342,0,0,0,0,0,0,0,0,0,0,0,0,39,4,6,7,6,4
OTU_1480,0,0,0,0,0,0,0,0,0,0,0,0,8,2,10,12,12,22
OTU_1634,0,0,0,0,0,0,0,0,0,0,0,0,0,0,0,0,0,0
OTU_1768,0,0,0,0,0,0,1,0,1,8,0,2,20,0,2,6,15,10
OTU_1167,4,7,15,4,33,1,0,0,0,0,0,1,0,0,0,0,0,0
OTU_1223,0,0,0,0,0,0,0,0,0,0,0,0,3,0,0,16,7,39
OTU_1291,0,0,0,0,0,0,0,0,0,0,0,0,23,7,24,8,0,3
OTU_1680,0,3,0,0,0,1,1,2,1,2,2,3,0,4,4,2,5,0
OTU_1743,0,0,0,0,0,12,1,0,0,0,0,0,0,7,0,0,0,0
OTU_1317,0,0,0,0,0,0,0,0,0,0,0,0,0,55,9,0,0,0
OTU_1459,0,0,0,0,0,0,5,2,0,7,1,0,0,0,0,0,0,0
OTU_1504,0,0,0,0,0,33,0,0,0,0,0,0,9,1,9,0,2,5
OTU_1180,0,0,0,0,0,0,0,0,0,0,1,0,0,0,0,0,1,0
OTU_1224,0,0,0,0,0,0,0,0,0,0,0,0,3,8,7,37,5,3
OTU_1266,0,0,0,0,0,0,5,1,1,1,1,1,0,0,0,0,0,0
OTU_1362,0,0,0,0,0,0,1,0,0,1,2,1,0,0,0,0,0,0
OTU_1436,0,0,0,0,0,0,0,0,0,0,0,0,16,7,4,5,16,15
OTU_1465,0,0,0,0,0,0,1,3,1,4,4,2,0,0,7,0,0,0
OTU_1607,1,0,0,0,0,0,0,0,0,0,0,0,0,0,1,0,0,0
OTU_1676,0,0,0,0,0,0,6,2,4,6,6,0,0,0,1,0,0,0
OTU_1187,0,1,2,6,0,0,6,3,4,7,14,14,0,4,0,1,0,0
OTU_1191,0,1,0,0,0,0,0,0,1,1,1,3,0,0,0,0,0,0
OTU_1247,0,0,0,0,0,0,0,0,0,0,0,0,14,1,0,0,45,2
OTU_1271,0,0,0,0,0,0,0,0,0,1,0,0,9,0,6,1,13,32
OTU_1277,0,0,0,0,0,0,0,0,0,0,0,0,0,0,0,49,1,12
OTU_1392,0,0,0,0,0,0,2,0,0,0,1,0,0,0,0,0,0,0
OTU_1456,0,1,1,0,2,0,1,0,12,0,2,20,0,2,1,0,11,3
OTU_1472,0,0,0,0,0,1,24,10,0,6,3,7,6,0,0,1,4,0
OTU_1542,0,0,0,0,0,0,0,0,0,0,0,0,35,6,6,2,9,4
OTU_1632,0,0,0,0,0,0,2,0,2,0,0,0,0,0,0,0,0,0
OTU_1135,20,10,3,1,23,3,0,1,0,0,0,0,0,0,0,0,0,0
OTU_1151,0,0,0,0,0,0,0,0,0,0,0,0,0,0,0,0,0,0
OTU_1231,11,7,3,1,4,0,1,1,4,15,1,12,0,0,0,0,0,0
OTU_1259,1,4,1,0,13,0,15,4,0,12,0,8,2,1,0,0,0,0
OTU_1273,0,0,0,0,0,0,0,0,0,0,0,0,5,0,1,43,2,10
OTU_1275,0,0,0,0,0,0,0,0,0,0,0,0,0,52,1,8,0,0
OTU_1298,32,5,0,15,6,0,0,2,0,0,0,1,0,0,0,0,0,0
OTU_1319,0,0,0,0,0,0,0,0,0,0,0,0,0,0,1,48,2,10
OTU_1327,0,0,39,0,0,0,0,0,0,0,0,0,2,0,1,2,0,1
OTU_1341,0,0,0,0,0,0,0,0,0,0,0,0,0,0,0,0,2,0
OTU_1406,0,0,0,0,0,0,0,0,3,0,1,0,48,3,3,0,0,3
OTU_1565,0,0,1,0,38,0,0,0,0,0,0,2,2,0,1,7,10,0
OTU_1572,0,0,0,0,0,0,1,1,0,3,4,1,0,0,0,0,0,0
OTU_1652,0,0,0,0,0,0,0,0,0,0,1,1,1,0,20,3,26,8
OTU_1691,0,0,0,0,0,0,1,2,0,3,0,1,0,0,0,0,0,0
OTU_1770,0,1,1,0,0,0,5,5,18,8,6,10,0,0,2,0,3,1
OTU_1038,0,0,0,0,0,0,0,0,0,0,0,1,51,3,1,0,4,0
OTU_1198,0,0,0,0,0,0,0,0,2,15,24,0,0,7,1,0,0,11
OTU_1290,0,0,0,0,0,0,0,0,0,0,0,0,13,8,18,19,0,2
OTU_1833,0,1,0,0,0,0,3,4,0,4,2,1,0,0,0,0,3,0
OTU_1865,0,0,0,0,0,0,0,0,0,0,1,0,38,5,5,1,9,1
OTU_1219,0,0,0,0,1,0,0,0,0,0,1,0,24,0,0,1,30,2
OTU_1257,2,0,3,0,1,0,6,0,3,6,16,0,15,0,0,1,0,5
OTU_1321,0,0,0,0,0,0,0,0,0,0,0,0,0,0,6,53,0,0
OTU_1402,0,0,0,0,0,0,0,1,0,6,2,0,0,9,5,11,20,4
OTU_1550,0,0,0,0,0,0,0,0,0,0,0,1,9,3,30,16,0,0
OTU_1279,0,0,0,0,0,0,1,0,0,1,0,1,0,1,0,1,0,0
OTU_1325,2,0,19,0,22,0,1,2,0,7,0,4,0,0,1,0,0,0
OTU_1332,0,0,0,0,0,0,1,0,0,0,0,0,0,0,0,0,0,0
OTU_1354,0,0,0,0,0,0,0,2,2,0,0,0,0,0,0,0,0,0
OTU_1373,0,0,0,0,0,0,0,0,0,0,0,0,1,4,4,2,10,37
OTU_1407,0,0,0,0,0,0,0,0,0,0,0,0,25,0,0,31,2,0
OTU_1526,1,0,0,0,5,0,0,5,4,0,0,10,9,1,4,6,12,0
OTU_1580,0,0,0,0,0,0,0,1,0,0,0,0,0,0,0,0,0,0
OTU_1635,0,0,0,0,0,0,0,1,0,0,0,0,0,0,0,0,0,0
OTU_1840,0,0,0,0,0,0,0,1,1,0,0,0,20,9,1,2,0,12
OTU_1127,0,0,0,0,0,0,0,1,0,0,0,0,0,0,0,0,0,0
OTU_1248,0,0,0,0,0,0,0,0,0,0,0,0,3,9,9,7,14,15
OTU_1305,0,0,0,0,0,0,0,0,0,0,1,0,52,1,2,0,0,0
OTU_1337,0,0,2,0,0,0,10,12,0,9,1,6,5,3,2,7,0,0
OTU_1361,0,0,0,0,0,0,0,0,0,0,0,0,0,0,0,0,0,0
OTU_1624,0,0,0,0,0,0,0,0,0,0,0,0,0,0,0,0,0,0
OTU_1745,0,0,0,0,0,0,8,3,3,3,2,3,0,0,0,0,0,0
OTU_1123,0,0,0,0,0,0,0,0,0,0,0,0,0,0,0,0,0,0
OTU_1137,0,0,0,0,0,19,0,2,0,10,13,0,0,3,0,2,0,7
OTU_1316,0,0,0,0,0,0,0,0,0,0,0,0,0,2,0,0,48,6
OTU_1595,0,0,0,0,1,0,0,0,0,0,0,0,5,5,1,4,25,15
OTU_1641,0,0,0,0,0,0,0,0,0,0,0,0,27,0,0,10,7,12
OTU_1829,0,0,0,0,0,0,2,1,3,1,2,1,0,0,0,0,0,0
OTU_1216,9,0,0,0,1,0,17,14,0,2,3,9,0,0,0,0,0,0
OTU_1643,0,0,0,0,0,0,1,0,0,0,0,0,21,0,1,14,17,1
OTU_1285,0,0,0,0,0,0,0,0,0,0,0,0,0,2,0,0,0,0
OTU_1333,0,0,0,0,0,0,0,0,0,0,0,0,10,0,0,0,0,0
OTU_1430,0,0,0,0,0,0,0,15,17,0,2,0,0,0,0,0,0,1
OTU_1545,0,0,0,0,0,0,0,0,0,0,0,0,12,1,2,3,10,26
OTU_1740,0,0,0,0,0,1,0,0,0,0,0,0,30,0,1,4,9,6
OTU_1792,0,0,0,0,0,0,0,0,0,0,0,0,22,5,6,10,2,9
OTU_1144,0,0,0,0,0,0,0,0,0,0,0,0,0,0,0,0,0,0
OTU_1150,0,0,0,0,0,0,0,0,0,0,0,0,0,0,0,0,0,0
OTU_1313,0,0,0,0,0,0,0,0,0,0,0,0,0,3,32,9,1,8
OTU_1320,0,0,0,0,0,0,0,0,0,0,0,0,6,0,1,42,4,0
OTU_1439,0,1,0,0,0,0,0,0,0,1,0,0,37,0,0,1,1,9
OTU_1525,0,0,0,0,0,0,1,0,21,0,0,0,29,0,0,2,0,0
OTU_1608,0,0,0,0,0,0,0,0,0,0,0,0,0,0,0,0,0,0
OTU_1653,0,0,0,0,0,0,0,0,1,3,0,0,2,1,22,12,3,9
OTU_1837,0,0,0,0,0,0,0,0,0,0,0,0,0,0,0,0,0,0
OTU_1876,0,0,0,0,0,0,0,0,0,0,0,0,10,0,0,3,26,14
OTU_1174,0,0,0,0,0,0,1,0,0,0,0,0,0,0,0,0,0,0
OTU_1272,0,0,0,0,0,0,0,0,0,0,0,0,23,7,8,7,3,4
OTU_1289,0,0,0,0,0,0,0,0,0,0,0,0,49,1,0,0,2,0
OTU_1429,0,0,0,1,0,0,0,0,0,0,0,0,0,0,2,0,0,0
OTU_1503,1,0,1,0,24,0,0,0,0,0,0,2,1,1,0,4,7,3
OTU_1577,0,0,0,0,0,0,1,0,0,1,0,0,0,0,0,0,0,0
OTU_1585,0,0,0,0,0,0,34,0,0,0,0,0,0,12,4,1,1,0
OTU_1708,0,0,0,0,0,0,1,1,0,1,0,13,1,5,11,3,4,11
OTU_1741,0,0,0,0,0,0,1,0,0,0,0,0,16,1,2,0,1,3
OTU_1787,0,0,0,0,0,0,0,1,0,0,0,0,5,11,0,3,17,15
OTU_1233,3,14,6,11,4,0,3,0,1,6,1,2,0,0,0,0,0,0
OTU_1380,0,0,0,0,0,0,0,0,0,0,0,0,0,1,0,3,22,25
OTU_1476,0,0,0,0,0,0,0,0,0,0,0,0,44,0,0,0,7,0
OTU_1511,0,0,0,0,0,0,3,1,0,2,1,2,1,0,2,2,2,3
OTU_1514,0,0,0,0,0,0,0,0,0,0,0,0,0,0,0,0,0,0
OTU_1588,0,0,0,0,0,0,1,2,1,0,0,2,0,2,0,0,10,33
OTU_1751,0,0,0,0,0,0,1,3,0,1,0,1,0,0,0,0,0,0
OTU_1823,1,7,6,28,0,0,5,1,0,0,0,0,0,0,2,1,0,0
OTU_1154,0,0,0,0,0,0,10,5,5,10,2,11,0,3,1,3,0,0
OTU_1190,0,0,0,0,0,50,0,0,0,0,0,0,0,0,0,0,0,0
OTU_1253,0,0,0,0,0,0,0,0,0,0,0,0,0,0,0,0,0,0
OTU_1269,0,0,0,0,0,0,30,14,1,0,0,5,0,0,0,0,0,0
OTU_1270,0,0,0,0,0,0,11,7,0,14,9,7,0,1,0,0,0,1
OTU_1304,0,0,0,0,0,0,0,0,0,0,0,1,0,0,0,0,0,0
OTU_1464,0,0,0,0,0,0,0,1,1,1,2,2,1,0,1,0,1,1
OTU_1522,0,0,0,0,0,0,0,0,0,0,0,0,0,0,0,0,0,0
OTU_1639,0,0,0,0,0,0,0,0,0,0,0,0,0,0,0,0,0,0
OTU_1687,0,0,0,0,0,0,0,1,1,1,0,2,0,0,0,0,0,0
OTU_1696,0,0,0,0,0,0,0,0,0,0,0,0,0,0,0,0,0,0
OTU_1742,0,0,0,0,0,0,0,1,0,0,0,2,21,0,0,3,2,0
OTU_1766,0,0,0,0,0,0,5,4,0,0,0,7,0,15,5,0,0,14
OTU_1260,0,0,0,0,36,0,8,1,0,0,0,0,1,0,1,1,1,0
OTU_1278,0,0,0,0,0,0,0,0,0,0,0,0,0,2,0,0,0,47
OTU_1394,0,0,0,0,0,0,0,0,0,0,0,0,0,0,0,0,0,0
OTU_1434,0,0,0,0,0,0,0,1,27,0,0,0,1,3,11,4,0,1
OTU_1538,0,0,0,0,0,0,0,0,0,0,0,0,14,1,6,15,0,13
OTU_1656,0,4,0,0,0,0,0,0,0,0,0,0,1,0,8,3,17,16
OTU_1746,0,0,0,0,1,0,4,1,2,0,3,2,0,0,0,0,0,0
OTU_1775,0,0,0,0,0,0,0,0,0,0,1,0,27,0,1,1,18,1
OTU_1862,0,0,0,0,0,0,0,0,1,0,32,1,0,0,0,0,0,0
OTU_1887,0,0,0,0,0,0,0,0,0,0,0,0,0,12,1,14,17,5
OTU_1171,0,0,0,0,0,0,0,0,0,0,0,0,0,0,0,0,0,0
OTU_1435,0,0,0,0,0,0,0,0,0,0,0,0,8,9,3,4,17,7
OTU_1462,0,0,0,0,0,0,1,3,6,3,0,2,0,0,0,0,0,0
OTU_1471,0,0,0,0,0,0,0,2,0,1,1,0,23,1,2,0,5,5
OTU_1484,0,0,0,0,0,0,0,0,0,0,0,0,12,21,0,0,9,6
OTU_1537,0,0,0,0,0,0,0,0,0,0,0,0,31,0,1,4,9,3
OTU_1677,0,0,0,0,0,0,0,0,0,0,0,0,0,0,0,0,0,0
OTU_1817,4,18,0,9,1,1,0,0,3,1,4,6,0,0,1,0,0,0
OTU_1859,0,0,0,0,0,0,1,6,1,20,2,3,6,3,0,1,4,1
OTU_1263,0,0,0,0,0,0,0,1,0,0,0,1,0,0,0,0,0,0
OTU_1294,0,0,0,0,0,0,0,0,0,0,0,0,0,0,43,4,0,0
OTU_1311,0,0,0,0,0,0,0,0,0,0,0,0,24,0,4,4,10,5
OTU_1396,0,0,0,0,0,0,34,13,0,0,0,0,0,0,0,0,0,0
OTU_1404,0,0,0,0,0,0,0,0,0,0,0,0,9,0,1,14,13,10
OTU_1418,3,0,7,4,5,6,1,2,1,2,4,1,0,0,0,1,0,2
OTU_1702,0,1,0,0,0,0,12,0,0,0,0,0,1,2,2,3,23,3
OTU_1893,0,0,0,0,0,0,0,0,0,0,0,0,2,4,0,3,9,29
OTU_1250,0,0,0,0,0,0,0,0,0,0,0,0,2,2,3,1,15,23
OTU_1355,0,0,0,0,0,0,0,0,0,0,0,0,0,0,0,0,0,0
OTU_1411,0,0,0,0,0,0,0,0,0,0,0,0,8,16,3,10,4,5
OTU_1427,0,0,0,0,0,0,3,9,4,6,2,1,0,0,0,0,0,0
OTU_1437,0,0,0,0,0,0,0,0,0,0,0,0,5,3,1,7,10,20
OTU_1477,0,0,0,0,0,0,0,0,1,0,0,0,11,11,7,5,9,2
OTU_1482,0,0,0,0,0,0,0,0,0,0,0,0,9,2,1,7,15,12
OTU_1505,0,0,0,0,0,0,1,1,0,4,0,1,0,0,0,0,0,0
OTU_1508,0,0,0,0,0,0,0,0,0,0,0,0,0,0,0,0,0,0
OTU_1530,0,0,0,0,0,0,0,0,0,20,26,0,0,0,0,0,0,0
OTU_1558,4,1,0,29,2,0,0,0,0,0,0,0,0,1,0,7,0,2
OTU_1717,0,0,0,0,0,0,0,0,0,0,0,0,0,4,9,0,23,10
OTU_1301,0,0,0,0,0,0,0,0,0,0,0,0,0,0,0,0,0,0
OTU_1460,0,0,0,0,0,0,1,0,0,0,0,0,0,0,0,0,0,0
OTU_1569,0,0,0,0,0,0,3,8,3,7,2,3,0,0,0,0,0,0
OTU_1578,0,0,0,0,0,0,0,0,0,0,0,0,0,0,1,0,1,2
OTU_1618,0,1,0,0,14,0,2,2,0,7,16,1,0,0,0,0,0,2
OTU_1816,0,1,0,0,0,0,0,5,1,1,0,0,0,1,5,0,3,0
OTU_1182,0,0,0,0,0,0,0,0,0,0,0,0,7,1,3,2,6,25
OTU_1329,6,0,0,2,4,1,0,0,0,0,0,9,0,12,2,5,2,1
OTU_1442,0,0,0,0,0,0,0,0,0,0,0,0,9,3,22,7,0,3
OTU_1473,0,0,0,0,0,0,17,7,0,2,6,11,0,1,0,0,0,0
OTU_1490,0,0,0,0,0,0,0,0,0,0,0,0,4,0,0,5,32,3
OTU_1573,0,0,0,0,0,0,2,0,1,1,1,0,0,0,0,0,0,1
OTU_1625,0,0,0,0,0,0,1,0,0,0,0,0,0,0,0,0,0,0
OTU_1716,0,0,0,0,0,0,0,0,0,0,0,0,28,1,0,6,7,2
OTU_1886,1,0,0,0,1,0,5,2,0,4,0,4,3,2,4,13,3,2
OTU_1309,0,0,0,0,0,0,0,0,5,0,0,0,6,1,0,3,24,3
OTU_1356,0,0,0,0,1,0,0,0,0,0,0,0,0,0,0,0,0,0
OTU_1372,0,0,0,0,0,0,0,0,0,1,0,0,3,0,1,5,29,4
OTU_1401,0,0,0,0,0,0,0,0,1,0,0,0,0,11,31,0,0,0
OTU_1630,0,1,0,0,1,0,0,7,1,0,3,0,5,0,0,0,5,3
OTU_1631,0,0,0,0,0,0,0,0,0,0,1,0,0,0,0,0,0,0
OTU_1794,0,0,2,0,0,0,0,0,0,0,0,0,1,37,1,0,0,2
OTU_1466,0,0,0,0,0,0,0,0,0,0,0,1,0,0,0,0,0,0
OTU_1559,1,36,0,0,4,0,1,0,0,0,0,0,0,0,0,0,0,0
OTU_1560,0,4,4,25,9,0,0,0,0,0,0,0,0,0,0,0,0,0
OTU_1579,0,0,0,0,0,0,0,0,0,0,0,0,0,0,0,0,0,0
OTU_1592,0,0,0,0,0,0,0,0,0,0,0,0,26,0,2,2,9,3
OTU_1645,0,0,0,0,0,0,0,0,0,0,0,0,21,0,3,1,15,1
OTU_1715,0,0,0,0,0,0,0,0,0,0,0,0,5,1,1,5,17,13
OTU_1336,0,0,0,0,0,0,0,0,0,0,0,0,0,0,0,0,0,0
OTU_1425,0,0,0,0,0,0,0,0,0,0,0,0,0,0,0,0,0,0
OTU_1540,0,0,0,0,0,0,0,0,0,0,0,0,10,5,1,2,17,6
OTU_1638,0,0,0,0,1,0,1,3,22,1,0,0,4,0,0,8,0,1
OTU_1847,0,0,0,0,0,0,0,2,1,0,0,0,0,0,0,0,0,0
OTU_1379,0,0,0,0,0,0,0,0,0,0,0,0,0,0,0,23,17,0
OTU_1698,0,0,0,0,0,0,0,0,0,0,0,0,0,0,0,0,0,0
OTU_1699,0,0,0,0,0,0,0,0,0,0,0,0,0,0,0,0,0,0
OTU_1718,0,0,0,0,0,0,0,0,0,0,0,0,1,2,3,7,18,9
OTU_1747,0,0,0,0,0,0,0,0,0,0,0,0,8,0,0,0,0,0
OTU_1795,0,0,0,0,0,0,1,0,0,5,0,0,0,6,22,1,1,0
OTU_1802,0,0,0,0,0,0,0,0,0,1,0,0,0,0,6,1,28,4
OTU_1819,0,0,5,1,1,0,5,9,0,5,3,5,0,4,0,0,0,2
OTU_1352,0,0,7,0,20,0,7,2,0,0,0,0,2,0,0,0,1,0
OTU_1443,1,0,0,0,0,0,0,0,0,0,0,0,0,1,4,3,21,9
OTU_1450,0,0,0,0,0,0,0,0,0,0,0,0,0,0,0,0,0,0
OTU_1669,0,39,0,0,0,0,0,0,0,0,0,0,0,0,0,0,0,0
OTU_1678,0,0,0,0,0,0,1,3,1,1,0,0,0,3,0,0,0,0
OTU_1701,0,0,0,0,0,0,0,0,0,0,0,0,0,0,0,0,0,0
OTU_1755,0,0,0,0,0,0,0,0,0,0,0,0,0,0,0,0,0,0
OTU_1822,0,0,7,0,0,0,3,1,0,13,1,7,0,6,1,0,0,0
OTU_1827,0,3,0,0,0,26,0,4,0,0,0,5,0,1,0,0,0,0
OTU_1308,0,0,0,0,0,0,2,4,0,5,20,7,0,0,0,0,0,0
OTU_1371,0,0,0,0,0,0,0,0,0,0,0,0,4,0,0,6,25,3
OTU_1654,0,0,0,0,0,0,0,0,0,0,0,0,0,0,0,0,38,0
OTU_1665,37,0,0,0,0,0,1,0,0,0,0,0,0,0,0,0,0,0
OTU_1776,0,0,0,0,0,0,0,0,0,0,0,0,36,0,2,0,0,0
OTU_1885,0,0,0,0,0,0,0,0,0,0,0,0,4,10,5,10,9,0
OTU_1357,0,0,0,0,0,0,0,0,0,1,1,0,0,0,0,0,0,0
OTU_1441,0,0,0,0,0,0,0,0,0,0,0,0,2,5,2,1,15,12
OTU_1534,0,0,0,1,0,0,0,0,1,0,0,0,6,1,2,8,12,5
OTU_1549,0,0,0,0,0,0,0,0,0,0,0,0,3,4,0,7,11,12
OTU_1563,0,0,5,10,0,0,0,0,0,0,0,0,3,11,0,1,7,0
OTU_1734,0,2,2,0,16,0,9,0,0,0,0,1,0,3,1,1,0,2
OTU_1758,0,0,0,0,0,0,0,0,0,0,0,0,0,0,0,0,5,0
OTU_1769,0,0,0,1,0,0,0,0,1,0,1,0,27,0,1,1,3,1
OTU_1884,0,0,0,0,0,0,0,0,0,0,0,0,3,1,7,5,8,13
OTU_1497,0,13,0,2,3,16,0,1,0,0,0,0,0,0,1,0,0,0
OTU_1623,0,0,0,0,0,0,1,0,0,2,1,4,0,5,0,0,6,0
OTU_1658,0,0,0,0,0,0,0,0,0,0,0,0,0,0,0,0,0,36
OTU_1732,6,0,0,0,0,0,0,0,0,0,8,2,0,0,2,1,9,8
OTU_1424,0,0,0,0,0,0,0,0,0,0,0,0,0,0,0,0,0,0
OTU_1493,2,0,9,0,22,0,0,0,0,0,0,0,1,0,0,0,0,1
OTU_1583,0,2,0,0,1,0,27,3,0,1,0,0,0,0,0,0,0,0
OTU_1667,0,21,0,0,0,0,8,6,0,0,0,0,0,0,0,0,0,0
OTU_1789,0,0,0,0,0,0,0,0,0,0,0,0,24,7,0,2,1,1
OTU_1791,0,0,0,0,0,0,0,0,0,0,0,0,8,5,0,0,17,5
OTU_1805,0,0,0,0,0,0,0,0,0,1,0,0,12,0,0,0,0,0
OTU_1845,0,0,0,0,0,0,2,2,0,0,0,5,8,0,0,0,1,6
OTU_1348,7,20,0,2,0,2,0,1,2,0,0,0,0,0,0,0,0,0
OTU_1422,0,1,8,0,3,3,0,2,2,7,0,2,0,2,2,0,0,2
OTU_1485,0,0,0,0,0,0,0,0,0,0,0,0,5,0,24,3,2,0
OTU_1499,1,1,5,0,11,0,0,1,2,0,1,4,0,0,1,0,6,1
OTU_1502,0,0,0,0,28,0,0,0,0,0,0,0,2,0,0,0,1,1
OTU_1527,0,0,0,0,0,0,0,0,5,0,0,0,3,14,4,7,0,1
OTU_1529,0,0,0,0,0,0,0,0,31,0,0,0,0,0,0,0,3,0
OTU_1539,0,0,0,0,0,0,0,0,0,0,0,0,33,0,1,0,0,0
OTU_1647,0,0,0,0,0,0,0,0,0,0,0,0,1,3,0,1,19,10
OTU_1649,0,0,0,0,0,0,0,0,0,0,0,0,2,6,12,4,2,8
OTU_1664,6,0,0,17,0,0,8,2,0,0,0,0,0,1,0,0,0,0
OTU_1694,0,0,0,0,0,0,1,2,0,1,1,0,0,0,1,0,0,0
OTU_1736,4,0,4,3,3,0,5,2,0,3,1,3,0,0,3,1,0,2
OTU_1748,0,0,0,0,0,0,2,0,0,0,1,0,0,3,0,1,0,3
OTU_1799,0,0,0,0,0,0,0,0,0,0,0,0,0,0,0,5,1,28
OTU_1866,0,0,0,0,0,0,1,0,0,0,0,0,21,1,1,0,9,0
OTU_1343,0,0,0,0,0,0,0,0,0,0,0,0,3,3,0,7,8,12
OTU_1347,0,0,0,0,0,0,0,0,0,0,0,0,0,0,0,0,0,0
OTU_1385,0,15,10,1,0,0,0,0,0,6,1,0,0,0,0,0,0,0
OTU_1414,0,0,0,0,0,0,0,0,0,0,0,0,0,0,0,2,0,31
OTU_1568,0,0,0,0,0,0,0,1,2,0,0,7,0,1,0,0,0,0
OTU_1700,0,0,0,0,0,0,1,0,0,0,0,0,0,0,0,0,6,0
OTU_1777,0,0,0,0,0,0,0,0,0,0,0,0,19,0,0,11,0,3
OTU_1779,0,0,0,0,0,0,0,0,0,0,0,0,13,0,1,2,9,8
OTU_1793,0,0,0,0,0,0,0,0,0,0,0,0,0,30,3,0,0,0
OTU_1843,0,0,0,0,0,0,0,0,0,1,0,0,0,0,0,0,0,0
OTU_1444,0,0,0,0,0,0,0,0,0,0,0,0,1,0,1,30,0,0
OTU_1541,0,0,0,0,5,0,0,0,0,0,0,0,17,2,2,2,1,3
OTU_1546,0,0,0,0,0,0,0,0,0,0,0,0,5,0,0,0,27,0
OTU_1556,0,0,0,0,0,0,0,0,0,0,0,0,0,0,0,0,29,3
OTU_1619,0,0,0,0,29,0,0,1,0,0,0,2,0,0,0,0,0,0
OTU_1651,0,0,0,0,0,0,0,0,0,0,0,0,0,0,3,0,21,8
OTU_1655,0,0,0,0,0,0,0,0,0,0,0,0,0,0,0,0,1,31
OTU_1685,0,0,0,0,0,0,0,0,0,0,0,0,0,0,0,0,0,0
OTU_1697,0,0,0,0,0,0,0,1,0,3,0,0,0,0,0,0,0,0
OTU_1738,0,0,0,0,1,0,17,1,0,5,0,8,0,0,0,0,0,0
OTU_1756,0,0,0,0,0,0,0,0,0,0,0,0,0,0,0,0,0,0
OTU_1382,0,0,0,0,0,0,0,0,0,0,0,0,0,0,1,0,0,0
OTU_1428,0,0,0,0,0,0,0,1,0,0,0,0,0,0,0,0,0,0
OTU_1640,0,0,0,0,0,0,0,0,0,0,0,0,0,0,0,0,0,0
OTU_1753,0,0,0,0,0,0,0,0,0,0,0,0,0,0,2,0,0,0
OTU_1788,0,0,0,0,0,0,0,0,0,0,0,0,8,0,0,9,12,2
OTU_1796,0,0,0,0,0,0,0,0,0,0,0,0,5,9,13,2,0,2
OTU_1811,5,1,0,0,0,20,0,0,0,1,1,0,0,0,0,0,2,0
OTU_1882,0,0,0,0,0,0,0,0,0,0,0,0,4,4,1,9,9,4
OTU_1890,0,0,0,0,0,0,0,0,0,0,0,0,0,0,30,1,0,0
OTU_1447,0,0,0,0,0,0,0,0,0,0,0,0,0,0,1,28,0,1
OTU_1455,7,15,1,0,0,5,0,0,0,0,0,2,0,0,0,0,0,0
OTU_1509,0,0,0,0,0,0,0,0,0,0,1,1,0,0,0,1,0,0
OTU_1548,0,0,0,0,0,0,0,0,0,0,0,0,29,0,0,1,0,0
OTU_1590,0,0,0,0,0,0,0,0,0,0,0,0,2,1,1,4,11,11
OTU_1719,0,0,0,0,0,0,0,0,0,0,0,0,0,0,0,21,9,0
OTU_1767,0,0,0,0,0,0,1,0,6,0,0,5,9,3,0,0,5,0
OTU_1806,0,0,0,0,0,1,0,0,1,0,0,1,0,2,0,0,8,0
OTU_1832,0,0,0,0,0,0,0,0,0,1,1,0,0,0,0,0,0,0
OTU_1860,0,0,0,0,0,0,0,0,0,6,24,0,0,0,0,0,0,0
OTU_1879,0,0,0,0,0,0,0,0,0,0,0,0,7,1,3,10,2,7
OTU_1478,0,0,0,0,0,0,0,0,0,0,0,0,2,1,4,1,17,4
OTU_1672,0,0,0,0,0,5,1,2,0,0,0,0,0,0,0,0,0,0
OTU_1714,0,0,0,0,0,0,0,0,0,0,0,0,7,6,13,3,0,0
OTU_1726,0,0,0,0,0,0,0,0,0,0,0,0,3,0,0,0,0,1
OTU_1749,0,0,0,0,0,0,0,0,0,0,0,0,0,0,0,0,0,0
OTU_1774,0,0,0,0,0,0,0,0,0,0,0,0,0,0,0,0,0,0
OTU_1870,0,0,0,0,0,0,0,0,0,0,0,0,13,0,0,1,11,4
OTU_1892,0,0,0,0,0,0,0,0,0,0,0,0,0,0,1,5,14,9
OTU_1453,1,0,0,0,24,2,0,0,0,0,0,0,0,0,0,1,0,0
OTU_1553,0,0,0,0,0,0,0,0,0,0,0,0,0,0,4,16,7,1
OTU_1555,0,0,0,0,0,0,0,0,0,0,0,0,0,1,21,0,0,6
OTU_1582,0,0,0,0,0,0,9,6,11,0,0,0,0,0,0,2,0,0
OTU_1596,0,0,0,0,0,0,0,0,0,0,0,0,13,0,0,8,4,3
OTU_1621,0,0,0,0,0,0,0,0,0,1,0,0,0,1,3,0,0,0
OTU_1648,0,0,0,0,0,0,0,0,0,0,0,1,4,0,0,0,8,15
OTU_1762,0,0,0,0,0,0,1,0,1,2,12,1,0,2,0,2,5,2
OTU_1818,0,5,0,0,0,0,0,0,7,0,0,0,4,0,1,0,11,0
OTU_1544,0,0,0,0,0,0,0,0,0,0,0,0,3,5,0,5,9,5
OTU_1626,0,0,0,0,0,0,0,0,0,0,0,0,0,0,0,0,0,0
OTU_1673,0,0,1,0,0,4,4,1,0,2,3,2,0,0,0,0,0,0
OTU_1704,0,0,0,0,0,0,1,12,0,0,0,14,0,0,0,0,0,0
OTU_1752,0,0,0,0,0,0,1,0,0,0,0,0,0,0,0,0,1,0
OTU_1764,0,0,0,0,0,0,11,11,5,0,0,0,0,0,0,0,0,0
OTU_1785,0,0,0,0,0,0,0,0,0,0,0,0,15,0,1,1,4,5
OTU_1790,0,0,0,0,0,0,0,0,0,0,0,0,25,0,2,0,0,0
OTU_1812,1,1,3,0,0,1,0,3,5,1,0,0,0,7,2,2,0,1
OTU_1841,0,0,0,0,0,0,0,0,0,0,0,0,0,0,0,0,0,0
OTU_1646,0,0,0,2,0,0,0,0,0,0,0,0,4,3,1,1,13,2
OTU_1689,0,0,0,0,0,0,0,0,0,0,0,0,0,0,0,0,0,0
OTU_1725,0,0,0,0,0,0,0,0,0,0,0,0,0,0,0,0,0,0
OTU_1820,0,0,25,0,0,1,0,0,0,0,0,0,0,0,0,0,0,0
OTU_1839,0,0,0,0,0,0,0,0,0,0,0,0,0,0,0,0,0,0
OTU_1878,0,0,0,0,0,0,0,0,0,0,0,0,5,1,3,2,8,7
OTU_1883,0,0,0,0,0,0,0,0,0,0,0,0,1,11,3,5,5,1
OTU_1888,0,0,0,0,0,0,0,0,0,0,0,0,0,0,25,1,0,0
OTU_1510,0,0,0,0,0,0,0,0,0,0,0,0,0,0,0,0,0,0
OTU_1587,0,0,0,0,0,0,2,1,0,3,0,19,0,0,0,0,0,0
OTU_1671,0,1,0,0,14,0,2,0,0,1,0,0,0,0,2,0,5,0
OTU_1679,0,0,0,0,0,0,0,0,0,0,0,0,0,0,0,0,0,0
OTU_1733,15,1,0,0,0,0,1,0,0,0,0,3,0,0,0,0,2,3
OTU_1754,0,0,0,0,0,0,0,0,0,0,0,0,0,0,0,0,0,0
OTU_1828,0,0,0,0,0,0,0,0,0,0,0,0,0,0,0,0,0,0
OTU_1834,0,0,0,0,0,0,0,0,0,0,0,0,0,0,0,0,0,0
OTU_1851,0,0,0,0,0,0,3,0,0,0,0,0,0,15,2,1,3,1
OTU_1574,0,0,0,0,0,0,0,0,0,0,0,0,0,0,0,0,0,0
OTU_1589,0,0,0,0,0,0,0,0,0,17,4,3,0,0,0,0,0,0
OTU_1597,0,0,0,0,0,0,0,0,0,0,0,0,4,2,0,7,9,2
OTU_1622,0,0,0,0,0,0,0,0,0,0,0,0,0,0,0,0,1,2
OTU_1693,0,0,0,0,0,0,0,1,0,0,1,0,1,1,0,0,0,1
OTU_1695,0,0,0,0,0,0,0,0,0,0,0,0,0,0,0,0,0,0
OTU_1757,0,1,0,0,0,0,0,0,0,0,0,0,0,8,0,0,0,0
OTU_1844,0,0,0,0,0,0,0,1,2,1,0,1,0,0,2,0,0,6
OTU_1846,0,0,0,0,0,0,0,1,1,1,1,0,5,1,0,0,0,0
OTU_1857,0,0,0,0,1,0,0,0,17,0,0,2,0,2,0,1,0,0
OTU_1871,0,0,0,0,0,0,0,0,0,0,0,0,4,6,0,2,4,8
OTU_1874,0,0,0,0,0,0,0,0,0,0,0,0,7,5,1,8,3,0
OTU_1889,0,0,0,0,0,0,0,0,0,0,0,0,0,0,2,0,22,0
OTU_1657,0,0,0,0,0,0,0,0,0,0,0,0,0,0,0,0,0,23
OTU_1659,0,4,1,0,2,0,0,0,0,0,0,0,0,0,0,0,0,0
OTU_1683,0,0,0,0,0,0,0,0,1,0,0,0,0,0,4,0,0,2
OTU_1690,0,0,0,0,0,0,0,0,0,0,0,0,0,0,0,0,0,0
OTU_1868,0,0,0,0,0,0,0,0,0,0,0,0,7,2,0,3,8,3
OTU_1633,0,0,0,0,0,0,0,1,1,3,1,1,0,0,0,0,0,0
OTU_1739,0,0,0,0,21,0,0,0,0,0,0,0,0,0,1,0,0,0
OTU_1780,0,0,0,0,0,0,0,0,0,0,0,0,22,0,0,0,0,0
OTU_1838,0,0,0,0,0,0,0,0,0,0,0,0,0,0,0,0,0,0
OTU_1850,0,0,0,0,0,0,16,5,0,0,0,0,0,1,0,0,0,0
OTU_1881,0,0,0,0,0,0,0,0,0,0,0,0,6,1,0,15,0,0
OTU_1451,0,0,0,0,0,0,0,0,0,0,0,0,0,0,0,0,0,0
OTU_1670,0,0,4,0,0,0,12,3,2,0,0,0,0,0,0,0,0,0
OTU_1783,0,0,0,0,0,0,0,0,0,0,0,0,18,1,1,0,0,1
OTU_1786,0,0,0,0,0,0,0,0,0,0,0,0,15,0,0,5,1,0
OTU_1877,0,0,0,0,0,0,0,0,0,0,0,0,7,2,0,1,2,9
OTU_1523,0,0,0,0,0,0,0,0,0,0,0,0,0,0,0,0,0,0
OTU_1663,20,0,0,0,0,0,0,0,0,0,0,0,0,0,0,0,0,0
OTU_1773,0,0,0,0,0,0,0,0,0,0,0,0,0,0,0,0,0,0
OTU_1571,0,0,0,0,0,0,0,0,0,0,0,0,0,0,0,0,0,0
OTU_1825,0,0,0,0,19,0,0,0,0,0,0,0,0,0,0,0,0,0
OTU_1831,0,0,0,0,0,0,0,0,0,0,0,0,0,0,0,0,0,0
OTU_1581,0,0,0,0,0,0,0,0,0,0,0,0,0,0,0,0,0,0
OTU_1724,0,0,0,0,0,0,0,0,0,0,0,0,0,0,0,0,0,0
OTU_1801,0,0,0,0,0,0,0,0,0,0,0,0,0,0,0,1,3,13
OTU_1815,7,0,5,1,0,0,0,0,0,1,0,0,0,0,1,0,0,0
OTU_1821,0,0,11,0,0,0,0,1,2,0,0,0,0,0,0,1,0,0
OTU_1875,0,0,0,0,0,0,0,0,0,0,0,0,4,0,2,1,2,4
